# Control deviation e = q_d - q [rad] measured on the single-joint rig, sampled at T_A = 1 ms.
# Ramp profile v_m = 1.5 rad/s, b_m = 1 rad/s^2, s_e = 10 rad. Model inertia J = 5.4 kg m^2 in all runs.
# exp4-6: P-PI cascade, K_L = 7.34, K_P = 22.5, T_N = 0.144 s; model mass m = 11 / 16 / 0 kg.
# exp7-9: P-ReDuS cascade, K_L = 7.34, alpha = 35, beta = 0, K_I = 625; model mass m = 11 / 16 / 0 kg.
t,exp4,exp5,exp6,exp7,exp8,exp9
0.000,0.010182,0.009415,0.009961,0.009655,0.010863,0.009837
0.001,0.010278,0.009501,0.010048,0.009722,0.010958,0.009913
0.002,0.010375,0.009579,0.010135,0.009799,0.011055,0.010001
0.003,0.010472,0.009667,0.010214,0.009868,0.011153,0.010089
0.004,0.010571,0.009737,0.010303,0.009939,0.011242,0.010169
0.005,0.010652,0.009808,0.010384,0.010000,0.011323,0.010259
0.006,0.010734,0.009871,0.010456,0.010053,0.011405,0.010341
0.007,0.010807,0.009925,0.010529,0.010107,0.011478,0.010414
0.008,0.010881,0.009970,0.010603,0.010152,0.011542,0.010488
0.009,0.010946,0.010016,0.010668,0.010199,0.011608,0.010563
0.010,0.011003,0.010054,0.010735,0.010246,0.011665,0.010639
0.011,0.011061,0.010093,0.010802,0.010285,0.011713,0.010707
0.012,0.011120,0.010123,0.010871,0.010315,0.011753,0.010775
0.013,0.011171,0.010154,0.010941,0.010346,0.011794,0.010854
0.014,0.011222,0.010177,0.011011,0.010378,0.011836,0.010925
0.015,0.011265,0.010191,0.011073,0.010402,0.011869,0.010987
0.016,0.011308,0.010216,0.011136,0.010436,0.011903,0.011059
0.017,0.011353,0.010232,0.011200,0.010462,0.011938,0.011133
0.018,0.011389,0.010249,0.011265,0.010479,0.011965,0.011198
0.019,0.011436,0.010267,0.011331,0.010506,0.011992,0.011264
0.020,0.011474,0.010286,0.011398,0.010525,0.012021,0.011331
0.021,0.011514,0.010306,0.011466,0.010545,0.012041,0.011398
0.022,0.011544,0.010317,0.011525,0.010576,0.012071,0.011467
0.023,0.011585,0.010339,0.011585,0.010598,0.012093,0.011528
0.024,0.011618,0.010352,0.011656,0.010621,0.012116,0.011589
0.025,0.011651,0.010367,0.011719,0.010645,0.012140,0.011651
0.026,0.011686,0.010382,0.011782,0.010670,0.012165,0.011724
0.027,0.011722,0.010408,0.011846,0.010686,0.012191,0.011789
0.028,0.011758,0.010426,0.011912,0.010713,0.012218,0.011854
0.029,0.011786,0.010444,0.011978,0.010732,0.012237,0.011920
0.030,0.011825,0.010454,0.012045,0.010761,0.012256,0.011978
0.031,0.011855,0.010474,0.012104,0.010781,0.012277,0.012047
0.032,0.011886,0.010486,0.012173,0.010802,0.012298,0.012106
0.033,0.011918,0.010499,0.012244,0.010825,0.012321,0.012177
0.034,0.011941,0.010513,0.012306,0.010839,0.012334,0.012238
0.035,0.011975,0.010528,0.012368,0.010863,0.012349,0.012301
0.036,0.012001,0.010534,0.012432,0.010879,0.012365,0.012355
0.037,0.012017,0.010541,0.012497,0.010896,0.012382,0.012420
0.038,0.012045,0.010540,0.012563,0.010914,0.012390,0.012476
0.039,0.012064,0.010539,0.012620,0.010923,0.012399,0.012534
0.040,0.012084,0.010540,0.012678,0.010943,0.012410,0.012592
0.041,0.012104,0.010542,0.012737,0.010954,0.012411,0.012641
0.042,0.012126,0.010535,0.012797,0.010957,0.012414,0.012701
0.043,0.012139,0.010519,0.012858,0.010970,0.012417,0.012753
0.044,0.012154,0.010505,0.012911,0.010974,0.012413,0.012806
0.045,0.012169,0.010491,0.012965,0.010980,0.012409,0.012850
0.046,0.012185,0.010479,0.013019,0.010987,0.012406,0.012895
0.047,0.012193,0.010457,0.013075,0.010994,0.012394,0.012950
0.048,0.012201,0.010437,0.013131,0.011003,0.012384,0.012997
0.049,0.012211,0.010418,0.013179,0.011003,0.012374,0.013045
0.050,0.012222,0.010391,0.013238,0.011014,0.012366,0.013094
0.051,0.012233,0.010373,0.013288,0.011016,0.012358,0.013135
0.052,0.012246,0.010348,0.013339,0.011019,0.012342,0.013186
0.053,0.012250,0.010333,0.013391,0.011023,0.012336,0.013228
0.054,0.012265,0.010309,0.013444,0.011028,0.012322,0.013271
0.055,0.012271,0.010286,0.013498,0.011024,0.012309,0.013316
0.056,0.012287,0.010265,0.013553,0.011032,0.012297,0.013371
0.057,0.012296,0.010244,0.013609,0.011040,0.012286,0.013417
0.058,0.012314,0.010224,0.013666,0.011039,0.012276,0.013465
0.059,0.012324,0.010205,0.013714,0.011049,0.012257,0.013513
0.060,0.012335,0.010188,0.013773,0.011060,0.012249,0.013563
0.061,0.012347,0.010171,0.013833,0.011063,0.012232,0.013613
0.062,0.012360,0.010155,0.013894,0.011076,0.012217,0.013664
0.063,0.012375,0.010141,0.013947,0.011090,0.012212,0.013717
0.064,0.012390,0.010127,0.014010,0.011095,0.012198,0.013770
0.065,0.012406,0.010114,0.014074,0.011111,0.012185,0.013815
0.066,0.012413,0.010103,0.014129,0.011119,0.012183,0.013870
0.067,0.012431,0.010092,0.014195,0.011137,0.012172,0.013917
0.068,0.012450,0.010073,0.014253,0.011146,0.012163,0.013975
0.069,0.012470,0.010054,0.014321,0.011157,0.012154,0.014023
0.070,0.012482,0.010037,0.014380,0.011178,0.012146,0.014083
0.071,0.012504,0.010030,0.014450,0.011190,0.012130,0.014134
0.072,0.012527,0.010015,0.014511,0.011204,0.012124,0.014186
0.073,0.012541,0.010001,0.014583,0.011209,0.012120,0.014238
0.074,0.012566,0.009978,0.014647,0.011224,0.012106,0.014283
0.075,0.012583,0.009966,0.014711,0.011241,0.012094,0.014337
0.076,0.012600,0.009945,0.014777,0.011258,0.012092,0.014393
0.077,0.012619,0.009925,0.014843,0.011267,0.012082,0.014440
0.078,0.012638,0.009896,0.014911,0.011287,0.012073,0.014498
0.079,0.012659,0.009878,0.014979,0.011297,0.012055,0.014548
0.080,0.012671,0.009852,0.015048,0.011309,0.012048,0.014598
0.081,0.012693,0.009836,0.015119,0.011322,0.012032,0.014659
0.082,0.012707,0.009812,0.015190,0.011336,0.012017,0.014711
0.083,0.012722,0.009788,0.015263,0.011341,0.012003,0.014764
0.084,0.012738,0.009766,0.015336,0.011357,0.011990,0.014818
0.085,0.012764,0.009744,0.015401,0.011374,0.011988,0.014874
0.086,0.012782,0.009724,0.015476,0.011382,0.011977,0.014930
0.087,0.012801,0.009704,0.015553,0.011401,0.011967,0.014977
0.088,0.012821,0.009686,0.015630,0.011421,0.011949,0.015036
0.089,0.012842,0.009668,0.015709,0.011442,0.011941,0.015095
0.090,0.012864,0.009652,0.015788,0.011464,0.011924,0.015155
0.091,0.012887,0.009637,0.015868,0.011477,0.011918,0.015207
0.092,0.012911,0.009622,0.015950,0.011501,0.011913,0.015269
0.093,0.012935,0.009609,0.016032,0.011526,0.011910,0.015332
0.094,0.012961,0.009587,0.016116,0.011552,0.011907,0.015387
0.095,0.012988,0.009575,0.016200,0.011579,0.011905,0.015452
0.096,0.013016,0.009565,0.016285,0.011607,0.011904,0.015509
0.097,0.013045,0.009565,0.016372,0.011636,0.011904,0.015576
0.098,0.013075,0.009556,0.016469,0.011656,0.011905,0.015635
0.099,0.013115,0.009549,0.016557,0.011696,0.011907,0.015694
0.100,0.013147,0.009542,0.016647,0.011728,0.011910,0.015765
0.101,0.013180,0.009537,0.016737,0.011761,0.011915,0.015826
0.102,0.013214,0.009532,0.016828,0.011795,0.011920,0.015889
0.103,0.013249,0.009529,0.016921,0.011830,0.011926,0.015953
0.104,0.013285,0.009527,0.017014,0.011856,0.011933,0.016008
0.105,0.013312,0.009535,0.017109,0.011893,0.011931,0.016073
0.106,0.013350,0.009525,0.017204,0.011921,0.011931,0.016140
0.107,0.013379,0.009525,0.017301,0.011960,0.011932,0.016198
0.108,0.013410,0.009527,0.017388,0.011991,0.011943,0.016267
0.109,0.013441,0.009520,0.017487,0.012022,0.011945,0.016327
0.110,0.013473,0.009514,0.017586,0.012045,0.011949,0.016388
0.111,0.013506,0.009518,0.017677,0.012078,0.011953,0.016450
0.112,0.013541,0.009514,0.017769,0.012112,0.011949,0.016503
0.113,0.013566,0.009511,0.017871,0.012138,0.011946,0.016567
0.114,0.013593,0.009509,0.017965,0.012174,0.011944,0.016623
0.115,0.013621,0.009498,0.018060,0.012202,0.011943,0.016679
0.116,0.013640,0.009489,0.018156,0.012221,0.011943,0.016737
0.117,0.013670,0.009480,0.018253,0.012251,0.011944,0.016786
0.118,0.013691,0.009472,0.018341,0.012272,0.011946,0.016836
0.119,0.013713,0.009466,0.018440,0.012304,0.011939,0.016896
0.120,0.013746,0.009460,0.018539,0.012327,0.011943,0.016948
0.121,0.013770,0.009456,0.018631,0.012360,0.011939,0.017001
0.122,0.013785,0.009442,0.018732,0.012386,0.011935,0.017055
0.123,0.013812,0.009440,0.018826,0.012421,0.011932,0.017110
0.124,0.013829,0.009428,0.018930,0.012448,0.011940,0.017165
0.125,0.013857,0.009437,0.019025,0.012486,0.011940,0.017213
0.126,0.013877,0.009438,0.019121,0.012515,0.011950,0.017271
0.127,0.013897,0.009439,0.019228,0.012545,0.011951,0.017320
0.128,0.013928,0.009441,0.019326,0.012577,0.011953,0.017380
0.129,0.013951,0.009445,0.019425,0.012618,0.011957,0.017431
0.130,0.013974,0.009449,0.019526,0.012661,0.011971,0.017483
0.131,0.014009,0.009464,0.019627,0.012695,0.011986,0.017537
0.132,0.014034,0.009490,0.019739,0.012740,0.012002,0.017591
0.133,0.014061,0.009507,0.019842,0.012786,0.012019,0.017646
0.134,0.014088,0.009525,0.019946,0.012832,0.012036,0.017703
0.135,0.014117,0.009553,0.020051,0.012880,0.012065,0.017770
0.136,0.014146,0.009573,0.020158,0.012929,0.012085,0.017818
0.137,0.014186,0.009604,0.020265,0.012978,0.012116,0.017878
0.138,0.014218,0.009635,0.020383,0.013029,0.012157,0.017938
0.139,0.014250,0.009677,0.020492,0.013081,0.012189,0.017990
0.140,0.014284,0.009711,0.020602,0.013143,0.012232,0.018042
0.141,0.014319,0.009755,0.020704,0.013206,0.012276,0.018106
0.142,0.014364,0.009800,0.020816,0.013271,0.012312,0.018160
0.143,0.014400,0.009837,0.020929,0.013326,0.012358,0.018216
0.144,0.014447,0.009884,0.021043,0.013393,0.012405,0.018263
0.145,0.014486,0.009932,0.021159,0.013460,0.012453,0.018321
0.146,0.014535,0.009981,0.021265,0.013519,0.012502,0.018380
0.147,0.014576,0.010041,0.021373,0.013588,0.012562,0.018430
0.148,0.014617,0.010092,0.021491,0.013658,0.012613,0.018481
0.149,0.014669,0.010144,0.021601,0.013730,0.012665,0.018523
0.150,0.014713,0.010207,0.021712,0.013802,0.012719,0.018576
0.151,0.014757,0.010261,0.021823,0.013875,0.012773,0.018631
0.152,0.014803,0.010316,0.021936,0.013950,0.012828,0.018676
0.153,0.014859,0.010362,0.022040,0.014025,0.012884,0.018732
0.154,0.014897,0.010420,0.022145,0.014092,0.012941,0.018780
0.155,0.014945,0.010478,0.022261,0.014169,0.012999,0.018828
0.156,0.014985,0.010537,0.022358,0.014238,0.013058,0.018878
0.157,0.015026,0.010597,0.022466,0.014307,0.013118,0.018919
0.158,0.015078,0.010649,0.022575,0.014388,0.013180,0.018970
0.159,0.015121,0.010711,0.022676,0.014459,0.013232,0.019013
0.160,0.015165,0.010764,0.022777,0.014532,0.013286,0.019067
0.161,0.015210,0.010828,0.022880,0.014615,0.013350,0.019112
0.162,0.015256,0.010884,0.022983,0.014690,0.013415,0.019158
0.163,0.015293,0.010940,0.023088,0.014766,0.013481,0.019205
0.164,0.015341,0.011007,0.023184,0.014842,0.013548,0.019253
0.165,0.015380,0.011076,0.023290,0.014920,0.013607,0.019292
0.166,0.015430,0.011145,0.023397,0.014989,0.013676,0.019332
0.167,0.015481,0.011205,0.023496,0.015069,0.013746,0.019383
0.168,0.015533,0.011276,0.023606,0.015150,0.013807,0.019435
0.169,0.015577,0.011349,0.023707,0.015231,0.013880,0.019479
0.170,0.015621,0.011422,0.023809,0.015314,0.013953,0.019523
0.171,0.015676,0.011496,0.023911,0.015398,0.014036,0.019568
0.172,0.015722,0.011571,0.024015,0.015483,0.014112,0.019615
0.173,0.015779,0.011657,0.024120,0.015568,0.014197,0.019662
0.174,0.015837,0.011734,0.024226,0.015645,0.014284,0.019720
0.175,0.015896,0.011821,0.024333,0.015733,0.014372,0.019769
0.176,0.015956,0.011910,0.024431,0.015831,0.014451,0.019820
0.177,0.016007,0.011990,0.024540,0.015921,0.014541,0.019862
0.178,0.016069,0.012081,0.024641,0.016021,0.014641,0.019914
0.179,0.016132,0.012163,0.024751,0.016113,0.014733,0.019958
0.180,0.016196,0.012256,0.024854,0.016215,0.014835,0.020012
0.181,0.016261,0.012350,0.024957,0.016319,0.014938,0.020067
0.182,0.016337,0.012454,0.025061,0.016423,0.015042,0.020124
0.183,0.016404,0.012550,0.025167,0.016528,0.015148,0.020172
0.184,0.016472,0.012646,0.025273,0.016635,0.015254,0.020220
0.185,0.016541,0.012744,0.025371,0.016742,0.015361,0.020270
0.186,0.016620,0.012843,0.025469,0.016850,0.015460,0.020321
0.187,0.016691,0.012942,0.025569,0.016969,0.015579,0.020373
0.188,0.016773,0.013043,0.025670,0.017079,0.015689,0.020425
0.189,0.016855,0.013145,0.025771,0.017200,0.015801,0.020479
0.190,0.016939,0.013248,0.025865,0.017313,0.015913,0.020524
0.191,0.017023,0.013351,0.025968,0.017436,0.016026,0.020580
0.192,0.017099,0.013456,0.026063,0.017559,0.016150,0.020637
0.193,0.017186,0.013562,0.026150,0.017675,0.016265,0.020695
0.194,0.017273,0.013668,0.026247,0.017801,0.016382,0.020754
0.195,0.017362,0.013767,0.026336,0.017918,0.016499,0.020813
0.196,0.017451,0.013875,0.026435,0.018046,0.016617,0.020864
0.197,0.017542,0.013975,0.026525,0.018165,0.016737,0.020926
0.198,0.017633,0.014077,0.026626,0.018285,0.016857,0.020989
0.199,0.017726,0.014179,0.026719,0.018416,0.016969,0.021053
0.200,0.017820,0.014291,0.026813,0.018539,0.017091,0.021118
0.201,0.017914,0.014395,0.026897,0.018671,0.017214,0.021183
0.202,0.018010,0.014501,0.026983,0.018796,0.017338,0.021241
0.203,0.018106,0.014616,0.027080,0.018931,0.017454,0.021308
0.204,0.018213,0.014714,0.027168,0.019057,0.017581,0.021377
0.205,0.018312,0.014822,0.027266,0.019184,0.017708,0.021447
0.206,0.018411,0.014931,0.027356,0.019322,0.017827,0.021518
0.207,0.018512,0.015032,0.027447,0.019451,0.017956,0.021589
0.208,0.018613,0.015143,0.027530,0.019582,0.018077,0.021653
0.209,0.018716,0.015255,0.027613,0.019713,0.018198,0.021726
0.210,0.018820,0.015368,0.027707,0.019836,0.018331,0.021801
0.211,0.018924,0.015482,0.027792,0.019979,0.018454,0.021887
0.212,0.019030,0.015588,0.027879,0.020103,0.018589,0.021963
0.213,0.019136,0.015704,0.027966,0.020248,0.018714,0.022041
0.214,0.019244,0.015811,0.028045,0.020375,0.018851,0.022120
0.215,0.019343,0.015920,0.028134,0.020512,0.018978,0.022200
0.216,0.019452,0.016039,0.028215,0.020651,0.019107,0.022280
0.217,0.019563,0.016150,0.028297,0.020780,0.019237,0.022362
0.218,0.019665,0.016271,0.028389,0.020911,0.019367,0.022445
0.219,0.019777,0.016383,0.028463,0.021043,0.019499,0.022529
0.220,0.019891,0.016497,0.028548,0.021175,0.019632,0.022614
0.221,0.019996,0.016611,0.028634,0.021309,0.019766,0.022699
0.222,0.020102,0.016717,0.028711,0.021444,0.019900,0.022786
0.223,0.020209,0.016834,0.028789,0.021580,0.020026,0.022874
0.224,0.020317,0.016951,0.028878,0.021716,0.020163,0.022972
0.225,0.020435,0.017060,0.028958,0.021854,0.020291,0.023062
0.226,0.020545,0.017180,0.029039,0.021983,0.020420,0.023143
0.227,0.020656,0.017291,0.029112,0.022123,0.020551,0.023235
0.228,0.020768,0.017403,0.029195,0.022254,0.020682,0.023328
0.229,0.020881,0.017506,0.029270,0.022396,0.020804,0.023422
0.230,0.020985,0.017620,0.029355,0.022529,0.020937,0.023526
0.231,0.021100,0.017725,0.029432,0.022673,0.021071,0.023612
0.232,0.021216,0.017841,0.029509,0.022808,0.021197,0.023709
0.233,0.021333,0.017949,0.029578,0.022944,0.021333,0.023797
0.234,0.021441,0.018067,0.029658,0.023090,0.021461,0.023896
0.235,0.021560,0.018176,0.029748,0.023219,0.021589,0.023996
0.236,0.021671,0.018277,0.029830,0.023358,0.021719,0.024096
0.237,0.021782,0.018388,0.029903,0.023498,0.021849,0.024198
0.238,0.021894,0.018501,0.029986,0.023630,0.021981,0.024291
0.239,0.022008,0.018614,0.030071,0.023772,0.022123,0.024395
0.240,0.022132,0.018728,0.030156,0.023915,0.022256,0.024490
0.241,0.022247,0.018844,0.030243,0.024050,0.022391,0.024596
0.242,0.022364,0.018950,0.030331,0.024195,0.022517,0.024703
0.243,0.022481,0.019068,0.030410,0.024331,0.022653,0.024811
0.244,0.022599,0.019177,0.030499,0.024459,0.022791,0.024910
0.245,0.022719,0.019296,0.030580,0.024598,0.022920,0.025010
0.246,0.022839,0.019416,0.030672,0.024737,0.023059,0.025121
0.247,0.022960,0.019538,0.030755,0.024868,0.023200,0.025233
0.248,0.023083,0.019660,0.030839,0.025010,0.023342,0.025345
0.249,0.023196,0.019774,0.030924,0.025152,0.023475,0.025450
0.250,0.023311,0.019898,0.031020,0.025286,0.023608,0.025555
0.251,0.023437,0.020024,0.031116,0.025421,0.023743,0.025661
0.252,0.023553,0.020150,0.031204,0.025557,0.023889,0.025778
0.253,0.023681,0.020277,0.031293,0.025685,0.024026,0.025886
0.254,0.023800,0.020406,0.031383,0.025822,0.024164,0.026005
0.255,0.023919,0.020535,0.031474,0.025961,0.024303,0.026115
0.256,0.024031,0.020656,0.031566,0.026101,0.024433,0.026216
0.257,0.024152,0.020787,0.031669,0.026233,0.024574,0.026329
0.258,0.024265,0.020919,0.031753,0.026365,0.024706,0.026442
0.259,0.024389,0.021053,0.031848,0.026498,0.024840,0.026556
0.260,0.024504,0.021187,0.031935,0.026623,0.024974,0.026671
0.261,0.024621,0.021313,0.032041,0.026759,0.025110,0.026778
0.262,0.024728,0.021440,0.032130,0.026895,0.025236,0.026885
0.263,0.024846,0.021568,0.032219,0.027023,0.025374,0.026984
0.264,0.024956,0.021706,0.032310,0.027152,0.025493,0.027104
0.265,0.025076,0.021836,0.032411,0.027281,0.025623,0.027214
0.266,0.025188,0.021966,0.032513,0.027403,0.025753,0.027316
0.267,0.025291,0.022098,0.032606,0.027534,0.025885,0.027419
0.268,0.025404,0.022231,0.032700,0.027657,0.026008,0.027523
0.269,0.025509,0.022355,0.032786,0.027791,0.026142,0.027638
0.270,0.025625,0.022490,0.032892,0.027916,0.026267,0.027744
0.271,0.025742,0.022626,0.032990,0.028033,0.026394,0.027851
0.272,0.025850,0.022763,0.033079,0.028151,0.026521,0.027949
0.273,0.025959,0.022891,0.033168,0.028279,0.026659,0.028058
0.274,0.026069,0.023020,0.033259,0.028408,0.026788,0.028168
0.275,0.026180,0.023150,0.033361,0.028519,0.026918,0.028279
0.276,0.026292,0.023281,0.033463,0.028641,0.027049,0.028382
0.277,0.026405,0.023423,0.033547,0.028754,0.027181,0.028485
0.278,0.026519,0.023556,0.033642,0.028877,0.027324,0.028590
0.279,0.026634,0.023690,0.033738,0.028992,0.027458,0.028695
0.280,0.026750,0.023826,0.033844,0.029118,0.027593,0.028811
0.281,0.026867,0.023962,0.033942,0.029235,0.027730,0.028918
0.282,0.026985,0.024099,0.034032,0.029353,0.027867,0.029017
0.283,0.027104,0.024237,0.034131,0.029472,0.028015,0.029127
0.284,0.027224,0.024386,0.034232,0.029592,0.028154,0.029247
0.285,0.027354,0.024526,0.034334,0.029713,0.028304,0.029358
0.286,0.027476,0.024658,0.034427,0.029835,0.028454,0.029471
0.287,0.027599,0.024810,0.034522,0.029958,0.028597,0.029584
0.288,0.027723,0.024953,0.034626,0.030082,0.028740,0.029698
0.289,0.027848,0.025097,0.034732,0.030207,0.028884,0.029823
0.290,0.027975,0.025242,0.034829,0.030343,0.029039,0.029940
0.291,0.028111,0.025388,0.034928,0.030460,0.029194,0.030057
0.292,0.028230,0.025535,0.035027,0.030588,0.029342,0.030176
0.293,0.028359,0.025684,0.035127,0.030717,0.029490,0.030305
0.294,0.028489,0.025833,0.035229,0.030847,0.029639,0.030425
0.295,0.028620,0.025983,0.035321,0.030988,0.029789,0.030556
0.296,0.028752,0.026125,0.035424,0.031120,0.029940,0.030679
0.297,0.028875,0.026277,0.035529,0.031253,0.030093,0.030802
0.298,0.028999,0.026420,0.035624,0.031387,0.030236,0.030927
0.299,0.029134,0.026575,0.035721,0.031531,0.030381,0.031062
0.300,0.029270,0.026720,0.035809,0.031667,0.030526,0.031188
0.301,0.029398,0.026867,0.035908,0.031804,0.030683,0.031315
0.302,0.029536,0.027014,0.036007,0.031933,0.030830,0.031444
0.303,0.029656,0.027153,0.036089,0.032072,0.030988,0.031573
0.304,0.029786,0.027303,0.036181,0.032212,0.031128,0.031704
0.305,0.029927,0.027454,0.036274,0.032353,0.031279,0.031835
0.306,0.030060,0.027596,0.036368,0.032485,0.031431,0.031958
0.307,0.030183,0.027739,0.036454,0.032619,0.031583,0.032091
0.308,0.030308,0.027873,0.036540,0.032753,0.031727,0.032226
0.309,0.030444,0.028018,0.036628,0.032889,0.031872,0.032361
0.310,0.030580,0.028164,0.036716,0.033025,0.032018,0.032488
0.311,0.030698,0.028302,0.036806,0.033162,0.032165,0.032606
0.312,0.030827,0.028430,0.036896,0.033291,0.032313,0.032745
0.313,0.030957,0.028570,0.036988,0.033431,0.032462,0.032875
0.314,0.031088,0.028710,0.037070,0.033561,0.032603,0.033005
0.315,0.031220,0.028852,0.037164,0.033693,0.032744,0.033128
0.316,0.031343,0.028994,0.037258,0.033826,0.032896,0.033260
0.317,0.031467,0.029128,0.037354,0.033950,0.033049,0.033394
0.318,0.031602,0.029263,0.037450,0.034085,0.033194,0.033520
0.319,0.031728,0.029399,0.037538,0.034211,0.033329,0.033646
0.320,0.031856,0.029535,0.037646,0.034339,0.033476,0.033773
0.321,0.031984,0.029673,0.037746,0.034467,0.033623,0.033911
0.322,0.032104,0.029803,0.037837,0.034596,0.033762,0.034040
0.323,0.032234,0.029942,0.037938,0.034736,0.033912,0.034170
0.324,0.032355,0.030083,0.038050,0.034858,0.034043,0.034292
0.325,0.032478,0.030215,0.038144,0.034980,0.034185,0.034424
0.326,0.032602,0.030349,0.038249,0.035114,0.034328,0.034558
0.327,0.032736,0.030493,0.038354,0.035238,0.034471,0.034682
0.328,0.032852,0.030628,0.038461,0.035364,0.034607,0.034818
0.329,0.032969,0.030774,0.038568,0.035491,0.034743,0.034944
0.330,0.033097,0.030901,0.038677,0.035618,0.034890,0.035072
0.331,0.033226,0.031040,0.038786,0.035747,0.035028,0.035201
0.332,0.033346,0.031179,0.038887,0.035867,0.035167,0.035330
0.333,0.033457,0.031319,0.038989,0.035988,0.035298,0.035461
0.334,0.033579,0.031451,0.039092,0.036120,0.035439,0.035593
0.335,0.033712,0.031593,0.039205,0.036252,0.035572,0.035725
0.336,0.033826,0.031727,0.039301,0.036377,0.035705,0.035849
0.337,0.033942,0.031871,0.039397,0.036502,0.035840,0.035974
0.338,0.034068,0.032007,0.039504,0.036628,0.035976,0.036110
0.339,0.034195,0.032143,0.039602,0.036755,0.036112,0.036237
0.340,0.034304,0.032281,0.039702,0.036883,0.036250,0.036356
0.341,0.034423,0.032429,0.039802,0.037002,0.036379,0.036485
0.342,0.034553,0.032559,0.039903,0.037123,0.036509,0.036615
0.343,0.034675,0.032700,0.039996,0.037254,0.036660,0.036736
0.344,0.034788,0.032832,0.040090,0.037376,0.036792,0.036859
0.345,0.034911,0.032975,0.040184,0.037500,0.036915,0.036992
0.346,0.035036,0.033118,0.040280,0.037634,0.037059,0.037126
0.347,0.035161,0.033253,0.040367,0.037759,0.037194,0.037242
0.348,0.035278,0.033389,0.040465,0.037876,0.037330,0.037368
0.349,0.035406,0.033536,0.040554,0.038004,0.037467,0.037496
0.350,0.035534,0.033674,0.040644,0.038132,0.037595,0.037624
0.351,0.035654,0.033813,0.040745,0.038262,0.037744,0.037744
0.352,0.035775,0.033953,0.040837,0.038383,0.037875,0.037875
0.353,0.035906,0.034104,0.040921,0.038505,0.038016,0.038006
0.354,0.036039,0.034246,0.041015,0.038637,0.038158,0.038129
0.355,0.036163,0.034380,0.041120,0.038761,0.038301,0.038253
0.356,0.036288,0.034533,0.041206,0.038876,0.038435,0.038387
0.357,0.036423,0.034678,0.041303,0.039012,0.038571,0.038523
0.358,0.036560,0.034815,0.041411,0.039139,0.038717,0.038650
0.359,0.036678,0.034952,0.041501,0.039267,0.038864,0.038778
0.360,0.036817,0.035100,0.041591,0.039396,0.038993,0.038916
0.361,0.036956,0.035240,0.041702,0.039525,0.039132,0.039056
0.362,0.037077,0.035380,0.041794,0.039647,0.039282,0.039177
0.363,0.037209,0.035512,0.041888,0.039769,0.039424,0.039309
0.364,0.037342,0.035655,0.041992,0.039902,0.039557,0.039451
0.365,0.037476,0.035798,0.042097,0.040036,0.039700,0.039585
0.366,0.037601,0.035933,0.042194,0.040161,0.039845,0.039720
0.367,0.037728,0.036069,0.042301,0.040288,0.039981,0.039856
0.368,0.037855,0.036216,0.042399,0.040424,0.040118,0.040003
0.369,0.037983,0.036344,0.042499,0.040553,0.040256,0.040131
0.370,0.038103,0.036473,0.042600,0.040682,0.040394,0.040270
0.371,0.038224,0.036623,0.042701,0.040812,0.040525,0.040410
0.372,0.038345,0.036754,0.042804,0.040944,0.040666,0.040541
0.373,0.038459,0.036886,0.042907,0.041066,0.040798,0.040673
0.374,0.038582,0.037020,0.043002,0.041190,0.040931,0.040807
0.375,0.038707,0.037164,0.043098,0.041324,0.041056,0.040951
0.376,0.038814,0.037289,0.043205,0.041441,0.041191,0.041076
0.377,0.038931,0.037426,0.043312,0.041567,0.041328,0.041203
0.378,0.039049,0.037563,0.043402,0.041695,0.041446,0.041340
0.379,0.039158,0.037701,0.043511,0.041814,0.041574,0.041469
0.380,0.039269,0.037831,0.043603,0.041934,0.041704,0.041599
0.381,0.039390,0.037971,0.043695,0.042065,0.041835,0.041729
0.382,0.039503,0.038103,0.043798,0.042178,0.041957,0.041861
0.383,0.039616,0.038236,0.043892,0.042291,0.042090,0.041975
0.384,0.039740,0.038379,0.043978,0.042415,0.042214,0.042108
0.385,0.039856,0.038514,0.044084,0.042540,0.042339,0.042243
0.386,0.039973,0.038649,0.044172,0.042647,0.042475,0.042360
0.387,0.040100,0.038786,0.044261,0.042775,0.042602,0.042487
0.388,0.040209,0.038924,0.044360,0.042893,0.042730,0.042625
0.389,0.040328,0.039063,0.044441,0.043013,0.042869,0.042744
0.390,0.040458,0.039202,0.044533,0.043143,0.042999,0.042874
0.391,0.040580,0.039343,0.044635,0.043264,0.043130,0.043015
0.392,0.040702,0.039475,0.044720,0.043387,0.043272,0.043138
0.393,0.040836,0.039608,0.044814,0.043510,0.043405,0.043271
0.394,0.040970,0.039752,0.044910,0.043635,0.043539,0.043405
0.395,0.041086,0.039897,0.044997,0.043751,0.043674,0.043530
0.396,0.041222,0.040033,0.045095,0.043887,0.043820,0.043667
0.397,0.041349,0.040170,0.045194,0.044015,0.043957,0.043804
0.398,0.041478,0.040318,0.045284,0.044143,0.044095,0.043932
0.399,0.041617,0.040447,0.045385,0.044273,0.044244,0.044071
0.400,0.041748,0.040588,0.045477,0.044413,0.044384,0.044212
0.401,0.041879,0.040729,0.045589,0.044544,0.044516,0.044353
0.402,0.042012,0.040861,0.045693,0.044667,0.044658,0.044485
0.403,0.042145,0.041004,0.045788,0.044811,0.044791,0.044628
0.404,0.042270,0.041148,0.045894,0.044936,0.044936,0.044763
0.405,0.042406,0.041284,0.046001,0.045071,0.045071,0.044898
0.406,0.042533,0.041421,0.046099,0.045208,0.045217,0.045035
0.407,0.042661,0.041558,0.046208,0.045345,0.045355,0.045182
0.408,0.042799,0.041697,0.046308,0.045484,0.045493,0.045311
0.409,0.042929,0.041827,0.046409,0.045623,0.045633,0.045460
0.410,0.043051,0.041967,0.046521,0.045745,0.045764,0.045601
0.411,0.043183,0.042099,0.046624,0.045877,0.045905,0.045733
0.412,0.043306,0.042232,0.046738,0.046019,0.046038,0.045875
0.413,0.043430,0.042376,0.046843,0.046144,0.046163,0.046009
0.414,0.043565,0.042511,0.046940,0.046279,0.046298,0.046144
0.415,0.043682,0.042637,0.047047,0.046414,0.046434,0.046280
0.416,0.043800,0.042774,0.047146,0.046542,0.046561,0.046427
0.417,0.043928,0.042902,0.047245,0.046670,0.046689,0.046555
0.418,0.044048,0.043032,0.047356,0.046800,0.046819,0.046694
0.419,0.044169,0.043162,0.047448,0.046920,0.046949,0.046825
0.420,0.044291,0.043294,0.047560,0.047052,0.047081,0.046956
0.421,0.044404,0.043416,0.047654,0.047175,0.047203,0.047098
0.422,0.044528,0.043559,0.047749,0.047298,0.047327,0.047231
0.423,0.044643,0.043684,0.047855,0.047433,0.047462,0.047356
0.424,0.044759,0.043810,0.047952,0.047549,0.047587,0.047491
0.425,0.044876,0.043946,0.048050,0.047676,0.047714,0.047628
0.426,0.044994,0.044064,0.048149,0.047804,0.047842,0.047756
0.427,0.045114,0.044203,0.048239,0.047913,0.047971,0.047894
0.428,0.045234,0.044333,0.048350,0.048043,0.048100,0.048014
0.429,0.045345,0.044454,0.048442,0.048164,0.048231,0.048145
0.430,0.045468,0.044586,0.048536,0.048277,0.048353,0.048277
0.431,0.045581,0.044718,0.048630,0.048410,0.048486,0.048400
0.432,0.045696,0.044843,0.048735,0.048534,0.048620,0.048534
0.433,0.045821,0.044977,0.048832,0.048649,0.048745,0.048669
0.434,0.045938,0.045104,0.048929,0.048776,0.048881,0.048795
0.435,0.046065,0.045231,0.049037,0.048893,0.049008,0.048932
0.436,0.046184,0.045359,0.049136,0.049021,0.049136,0.049050
0.437,0.046294,0.045488,0.049227,0.049151,0.049275,0.049179
0.438,0.046424,0.045618,0.049338,0.049262,0.049396,0.049319
0.439,0.046536,0.045740,0.049431,0.049393,0.049537,0.049441
0.440,0.046658,0.045863,0.049544,0.049515,0.049669,0.049573
0.441,0.046782,0.045996,0.049639,0.049649,0.049802,0.049706
0.442,0.046887,0.046120,0.049744,0.049773,0.049936,0.049840
0.443,0.047013,0.046246,0.049851,0.049899,0.050062,0.049976
0.444,0.047130,0.046373,0.049949,0.050025,0.050198,0.050102
0.445,0.047248,0.046500,0.050057,0.050153,0.050326,0.050230
0.446,0.047367,0.046639,0.050157,0.050272,0.050445,0.050358
0.447,0.047478,0.046759,0.050258,0.050402,0.050584,0.050488
0.448,0.047608,0.046889,0.050360,0.050523,0.050705,0.050619
0.449,0.047721,0.047021,0.050453,0.050645,0.050837,0.050741
0.450,0.047844,0.047153,0.050557,0.050768,0.050960,0.050873
0.451,0.047968,0.047287,0.050643,0.050892,0.051084,0.050997
0.452,0.048083,0.047412,0.050748,0.051017,0.051218,0.051122
0.453,0.048209,0.047548,0.050836,0.051133,0.051335,0.051258
0.454,0.048336,0.047694,0.050944,0.051270,0.051462,0.051385
0.455,0.048455,0.047822,0.051034,0.051398,0.051599,0.051503
0.456,0.048593,0.047960,0.051134,0.051517,0.051719,0.051642
0.457,0.048714,0.048091,0.051235,0.051647,0.051858,0.051772
0.458,0.048845,0.048222,0.051328,0.051769,0.051980,0.051903
0.459,0.048967,0.048363,0.051431,0.051901,0.052112,0.052035
0.460,0.049100,0.048496,0.051516,0.052034,0.052254,0.052168
0.461,0.049234,0.048630,0.051621,0.052168,0.052379,0.052302
0.462,0.049360,0.048765,0.051718,0.052303,0.052524,0.052437
0.463,0.049496,0.048901,0.051825,0.052439,0.052660,0.052583
0.464,0.049614,0.049038,0.051924,0.052576,0.052797,0.052720
0.465,0.049752,0.049167,0.052024,0.052704,0.052935,0.052858
0.466,0.049881,0.049296,0.052134,0.052844,0.053064,0.053007
0.467,0.050002,0.049417,0.052226,0.052984,0.053214,0.053137
0.468,0.050133,0.049548,0.052338,0.053115,0.053355,0.053278
0.469,0.050256,0.049671,0.052442,0.053257,0.053487,0.053430
0.470,0.050380,0.049795,0.052547,0.053390,0.053630,0.053563
0.471,0.050505,0.049920,0.052652,0.053525,0.053765,0.053707
0.472,0.050631,0.050036,0.052759,0.053660,0.053910,0.053843
0.473,0.050758,0.050163,0.052867,0.053797,0.054046,0.053989
0.474,0.050866,0.050281,0.052975,0.053934,0.054174,0.054126
0.475,0.050995,0.050401,0.053085,0.054063,0.054312,0.054264
0.476,0.051106,0.050521,0.053186,0.054193,0.054442,0.054404
0.477,0.051217,0.050633,0.053298,0.054324,0.054573,0.054525
0.478,0.051340,0.050755,0.053401,0.054446,0.054705,0.054667
0.479,0.051453,0.050869,0.053515,0.054579,0.054828,0.054799
0.480,0.051568,0.050983,0.053610,0.054703,0.054952,0.054933
0.481,0.051674,0.051099,0.053726,0.054828,0.055078,0.055059
0.482,0.051791,0.051216,0.053833,0.054955,0.055204,0.055185
0.483,0.051889,0.051343,0.053931,0.055082,0.055322,0.055322
0.484,0.052008,0.051462,0.054041,0.055210,0.055450,0.055440
0.485,0.052118,0.051581,0.054151,0.055330,0.055570,0.055560
0.486,0.052229,0.051702,0.054252,0.055451,0.055690,0.055690
0.487,0.052341,0.051824,0.054355,0.055572,0.055802,0.055812
0.488,0.052454,0.051946,0.054468,0.055695,0.055925,0.055935
0.489,0.052569,0.052080,0.054572,0.055809,0.056049,0.056058
0.490,0.052684,0.052204,0.054687,0.055943,0.056164,0.056183
0.491,0.052800,0.052330,0.054784,0.056069,0.056289,0.056299
0.492,0.052917,0.052466,0.054892,0.056186,0.056407,0.056435
0.493,0.053035,0.052584,0.055000,0.056314,0.056544,0.056553
0.494,0.053144,0.052713,0.055110,0.056433,0.056663,0.056682
0.495,0.053264,0.052833,0.055220,0.056572,0.056793,0.056812
0.496,0.053376,0.052964,0.055322,0.056693,0.056923,0.056942
0.497,0.053498,0.053086,0.055425,0.056834,0.057055,0.057074
0.498,0.053612,0.053218,0.055529,0.056958,0.057188,0.057207
0.499,0.053736,0.053343,0.055634,0.057101,0.057321,0.057341
0.500,0.053851,0.053458,0.055730,0.057226,0.057456,0.057475
0.501,0.053968,0.053584,0.055837,0.057362,0.057592,0.057611
0.502,0.054076,0.053702,0.055936,0.057498,0.057728,0.057748
0.503,0.054194,0.053830,0.056035,0.057626,0.057856,0.057885
0.504,0.054314,0.053940,0.056126,0.057765,0.057995,0.058014
0.505,0.054425,0.054070,0.056227,0.057886,0.058125,0.058154
0.506,0.054546,0.054182,0.056320,0.058026,0.058266,0.058285
0.507,0.054659,0.054304,0.056413,0.058149,0.058398,0.058417
0.508,0.054773,0.054418,0.056508,0.058291,0.058531,0.058560
0.509,0.054888,0.054543,0.056604,0.058416,0.058665,0.058684
0.510,0.055013,0.054659,0.056701,0.058541,0.058791,0.058819
0.511,0.055130,0.054785,0.056798,0.058678,0.058917,0.058936
0.512,0.055248,0.054903,0.056888,0.058805,0.059045,0.059073
0.513,0.055367,0.055022,0.056997,0.058934,0.059183,0.059202
0.514,0.055487,0.055132,0.057098,0.059063,0.059303,0.059341
0.515,0.055598,0.055263,0.057199,0.059194,0.059433,0.059462
0.516,0.055730,0.055385,0.057302,0.059315,0.059555,0.059593
0.517,0.055843,0.055508,0.057396,0.059458,0.059688,0.059716
0.518,0.055977,0.055631,0.057511,0.059581,0.059812,0.059850
0.519,0.056092,0.055756,0.057626,0.059716,0.059946,0.059984
0.520,0.056218,0.055882,0.057733,0.059842,0.060072,0.060110
0.521,0.056335,0.056009,0.057850,0.059969,0.060189,0.060247
0.522,0.056463,0.056137,0.057968,0.060097,0.060317,0.060375
0.523,0.056592,0.056256,0.058078,0.060245,0.060456,0.060504
0.524,0.056712,0.056386,0.058198,0.060375,0.060576,0.060634
0.525,0.056834,0.056508,0.058320,0.060515,0.060707,0.060774
0.526,0.056966,0.056640,0.058442,0.060647,0.060839,0.060906
0.527,0.057089,0.056763,0.058565,0.060780,0.060972,0.061049
0.528,0.057204,0.056887,0.058680,0.060914,0.061096,0.061182
0.529,0.057329,0.057013,0.058805,0.061049,0.061231,0.061317
0.530,0.057446,0.057129,0.058922,0.061185,0.061367,0.061453
0.531,0.057563,0.057247,0.059040,0.061331,0.061504,0.061600
0.532,0.057682,0.057375,0.059159,0.061469,0.061632,0.061728
0.533,0.057792,0.057486,0.059278,0.061599,0.061762,0.061877
0.534,0.057904,0.057606,0.059390,0.061738,0.061901,0.062007
0.535,0.058016,0.057718,0.059502,0.061870,0.062033,0.062148
0.536,0.058129,0.057841,0.059615,0.062012,0.062175,0.062280
0.537,0.058233,0.057946,0.059729,0.062145,0.062298,0.062423
0.538,0.058349,0.058061,0.059835,0.062279,0.062433,0.062557
0.539,0.058446,0.058177,0.059941,0.062405,0.062559,0.062693
0.540,0.058553,0.058294,0.060039,0.062541,0.062695,0.062819
0.541,0.058662,0.058403,0.060138,0.062660,0.062823,0.062957
0.542,0.058771,0.058512,0.060248,0.062798,0.062951,0.063086
0.543,0.058872,0.058623,0.060339,0.062918,0.063081,0.063215
0.544,0.058974,0.058734,0.060451,0.063049,0.063212,0.063346
0.545,0.059077,0.058847,0.060544,0.063171,0.063334,0.063468
0.546,0.059191,0.058951,0.060638,0.063304,0.063457,0.063591
0.547,0.059286,0.059066,0.060734,0.063428,0.063581,0.063725
0.548,0.059402,0.059181,0.060830,0.063553,0.063716,0.063841
0.549,0.059509,0.059298,0.060928,0.063679,0.063833,0.063967
0.550,0.059617,0.059406,0.061026,0.063806,0.063960,0.064084
0.551,0.059726,0.059534,0.061125,0.063925,0.064088,0.064213
0.552,0.059845,0.059653,0.061226,0.064054,0.064207,0.064332
0.553,0.059966,0.059774,0.061327,0.064175,0.064338,0.064453
0.554,0.060078,0.059896,0.061430,0.064306,0.064459,0.064574
0.555,0.060200,0.060018,0.061543,0.064428,0.064591,0.064697
0.556,0.060324,0.060142,0.061647,0.064562,0.064715,0.064820
0.557,0.060448,0.060276,0.061762,0.064686,0.064839,0.064945
0.558,0.060574,0.060401,0.061868,0.064821,0.064965,0.065070
0.559,0.060701,0.060528,0.061985,0.064957,0.065101,0.065197
0.560,0.060828,0.060665,0.062103,0.065085,0.065229,0.065325
0.561,0.060957,0.060784,0.062222,0.065223,0.065367,0.065453
0.562,0.061077,0.060914,0.062342,0.065362,0.065496,0.065592
0.563,0.061207,0.061044,0.062454,0.065502,0.065637,0.065723
0.564,0.061329,0.061166,0.062576,0.065634,0.065768,0.065854
0.565,0.061462,0.061289,0.062689,0.065786,0.065910,0.065997
0.566,0.061586,0.061413,0.062813,0.065919,0.066044,0.066130
0.567,0.061701,0.061529,0.062928,0.066063,0.066188,0.066274
0.568,0.061827,0.061655,0.063045,0.066209,0.066324,0.066420
0.569,0.061945,0.061772,0.063153,0.066345,0.066470,0.066556
0.570,0.062063,0.061890,0.063271,0.066483,0.066598,0.066703
0.571,0.062173,0.062000,0.063381,0.066631,0.066736,0.066832
0.572,0.062293,0.062121,0.063492,0.066761,0.066876,0.066981
0.573,0.062405,0.062232,0.063594,0.066901,0.067016,0.067112
0.574,0.062518,0.062336,0.063707,0.067043,0.067148,0.067254
0.575,0.062632,0.062449,0.063811,0.067166,0.067272,0.067387
0.576,0.062737,0.062564,0.063916,0.067300,0.067406,0.067521
0.577,0.062853,0.062670,0.064022,0.067435,0.067531,0.067656
0.578,0.062960,0.062778,0.064129,0.067562,0.067667,0.067782
0.579,0.063078,0.062895,0.064228,0.067689,0.067795,0.067919
0.580,0.063187,0.063014,0.064337,0.067818,0.067923,0.068048
0.581,0.063297,0.063124,0.064448,0.067937,0.068043,0.068167
0.582,0.063408,0.063245,0.064559,0.068068,0.068164,0.068298
0.583,0.063530,0.063367,0.064671,0.068190,0.068295,0.068420
0.584,0.063653,0.063490,0.064784,0.068312,0.068418,0.068542
0.585,0.063767,0.063614,0.064898,0.068436,0.068542,0.068676
0.586,0.063892,0.063738,0.065014,0.068561,0.068666,0.068791
0.587,0.064008,0.063864,0.065139,0.068687,0.068792,0.068917
0.588,0.064135,0.063981,0.065247,0.068814,0.068919,0.069044
0.589,0.064244,0.064109,0.065375,0.068951,0.069056,0.069171
0.590,0.064372,0.064238,0.065484,0.069070,0.069185,0.069300
0.591,0.064493,0.064368,0.065605,0.069210,0.069315,0.069420
0.592,0.064614,0.064480,0.065726,0.069340,0.069455,0.069561
0.593,0.064726,0.064611,0.065848,0.069482,0.069597,0.069683
0.594,0.064840,0.064725,0.065962,0.069624,0.069739,0.069825
0.595,0.064964,0.064849,0.066076,0.069768,0.069873,0.069959
0.596,0.065080,0.064974,0.066192,0.069902,0.070017,0.070104
0.597,0.065197,0.065091,0.066309,0.070038,0.070153,0.070239
0.598,0.065314,0.065209,0.066417,0.070185,0.070300,0.070367
0.599,0.065433,0.065327,0.066535,0.070322,0.070437,0.070514
0.600,0.065552,0.065447,0.066636,0.070471,0.070586,0.070643
0.601,0.065663,0.065568,0.066756,0.070601,0.070716,0.070793
0.602,0.065775,0.065680,0.066859,0.070732,0.070857,0.070914
0.603,0.065898,0.065802,0.066972,0.070874,0.070989,0.071056
0.604,0.066012,0.065907,0.067086,0.071007,0.071122,0.071189
0.605,0.066137,0.066041,0.067191,0.071151,0.071266,0.071324
0.606,0.066253,0.066157,0.067307,0.071277,0.071392,0.071459
0.607,0.066370,0.066274,0.067415,0.071403,0.071528,0.071585
0.608,0.066488,0.066392,0.067523,0.071540,0.071665,0.071713
0.609,0.066607,0.066511,0.067642,0.071669,0.071794,0.071842
0.610,0.066737,0.066641,0.067753,0.071799,0.071933,0.071981
0.611,0.066867,0.066771,0.067874,0.071929,0.072054,0.072112
0.612,0.066999,0.066893,0.067986,0.072061,0.072195,0.072234
0.613,0.067122,0.067026,0.068100,0.072184,0.072318,0.072366
0.614,0.067256,0.067150,0.068224,0.072327,0.072461,0.072490
0.615,0.067390,0.067285,0.068339,0.072462,0.072596,0.072625
0.616,0.067516,0.067411,0.068465,0.072588,0.072732,0.072760
0.617,0.067653,0.067538,0.068583,0.072725,0.072868,0.072897
0.618,0.067781,0.067666,0.068711,0.072862,0.072996,0.073025
0.619,0.067910,0.067795,0.068830,0.073001,0.073145,0.073164
0.620,0.068040,0.067925,0.068951,0.073140,0.073284,0.073303
0.621,0.068171,0.068056,0.069072,0.073281,0.073425,0.073444
0.622,0.068303,0.068188,0.069195,0.073423,0.073566,0.073586
0.623,0.068426,0.068311,0.069318,0.073565,0.073709,0.073728
0.624,0.068551,0.068436,0.069443,0.073719,0.073853,0.073862
0.625,0.068686,0.068561,0.069558,0.073863,0.073997,0.074007
0.626,0.068803,0.068688,0.069685,0.073999,0.074143,0.074153
0.627,0.068930,0.068806,0.069812,0.074146,0.074290,0.074299
0.628,0.069049,0.068934,0.069931,0.074293,0.074428,0.074437
0.629,0.069169,0.069044,0.070051,0.074442,0.074576,0.074576
0.630,0.069290,0.069175,0.070162,0.074582,0.074716,0.074726
0.631,0.069412,0.069287,0.070284,0.074733,0.074857,0.074857
0.632,0.069525,0.069410,0.070398,0.074875,0.074999,0.074999
0.633,0.069649,0.069534,0.070512,0.075008,0.075133,0.075142
0.634,0.069755,0.069649,0.070637,0.075152,0.075277,0.075277
0.635,0.069880,0.069765,0.070753,0.075288,0.075412,0.075422
0.636,0.069998,0.069892,0.070870,0.075434,0.075549,0.075549
0.637,0.070116,0.070011,0.070998,0.075571,0.075677,0.075686
0.638,0.070245,0.070139,0.071117,0.075700,0.075806,0.075825
0.639,0.070365,0.070260,0.071238,0.075840,0.075945,0.075945
0.640,0.070486,0.070391,0.071359,0.075970,0.076076,0.076086
0.641,0.070618,0.070522,0.071481,0.076102,0.076208,0.076217
0.642,0.070742,0.070646,0.071614,0.076245,0.076341,0.076341
0.643,0.070875,0.070780,0.071738,0.076369,0.076465,0.076475
0.644,0.071001,0.070914,0.071864,0.076514,0.076609,0.076600
0.645,0.071137,0.071041,0.071990,0.076649,0.076736,0.076736
0.646,0.071264,0.071178,0.072117,0.076777,0.076873,0.076873
0.647,0.071392,0.071306,0.072245,0.076924,0.077010,0.077001
0.648,0.071521,0.071426,0.072365,0.077053,0.077149,0.077140
0.649,0.071652,0.071565,0.072495,0.077203,0.077289,0.077280
0.650,0.071783,0.071697,0.072617,0.077344,0.077440,0.077420
0.651,0.071915,0.071819,0.072749,0.077486,0.077572,0.077562
0.652,0.072049,0.071953,0.072864,0.077638,0.077724,0.077705
0.653,0.072173,0.072077,0.072988,0.077782,0.077868,0.077849
0.654,0.072309,0.072213,0.073114,0.077927,0.078013,0.077994
0.655,0.072435,0.072339,0.073241,0.078073,0.078159,0.078130
0.656,0.072563,0.072467,0.073368,0.078220,0.078306,0.078277
0.657,0.072701,0.072596,0.073487,0.078367,0.078444,0.078425
0.658,0.072831,0.072725,0.073608,0.078516,0.078593,0.078564
0.659,0.072962,0.072856,0.073738,0.078657,0.078733,0.078714
0.660,0.073093,0.072988,0.073870,0.078807,0.078884,0.078855
0.661,0.073216,0.073111,0.073993,0.078950,0.079017,0.078998
0.662,0.073350,0.073245,0.074127,0.079093,0.079160,0.079141
0.663,0.073485,0.073379,0.074252,0.079247,0.079304,0.079276
0.664,0.073620,0.073515,0.074387,0.079392,0.079440,0.079421
0.665,0.073757,0.073642,0.074524,0.079538,0.079586,0.079558
0.666,0.073885,0.073780,0.074652,0.079686,0.079724,0.079695
0.667,0.074014,0.073899,0.074772,0.079824,0.079863,0.079834
0.668,0.074145,0.074029,0.074902,0.079974,0.080002,0.079974
0.669,0.074276,0.074170,0.075033,0.080124,0.080143,0.080114
0.670,0.074398,0.074293,0.075156,0.080266,0.080285,0.080256
0.671,0.074522,0.074407,0.075279,0.080418,0.080427,0.080389
0.672,0.074646,0.074541,0.075404,0.080562,0.080571,0.080533
0.673,0.074772,0.074657,0.075520,0.080716,0.080716,0.080678
0.674,0.074898,0.074783,0.075646,0.080862,0.080862,0.080814
0.675,0.075016,0.074901,0.075764,0.081008,0.080999,0.080960
0.676,0.075135,0.075020,0.075883,0.081156,0.081127,0.081098
0.677,0.075265,0.075150,0.076003,0.081295,0.081276,0.081228
0.678,0.075386,0.075270,0.076124,0.081445,0.081416,0.081368
0.679,0.075507,0.075392,0.076236,0.081586,0.081548,0.081509
0.680,0.075630,0.075515,0.076359,0.081728,0.081680,0.081642
0.681,0.075764,0.075649,0.076483,0.081861,0.081814,0.081766
0.682,0.075889,0.075774,0.076608,0.081996,0.081948,0.081900
0.683,0.076024,0.075900,0.076734,0.082132,0.082084,0.082036
0.684,0.076161,0.076036,0.076861,0.082268,0.082211,0.082163
0.685,0.076289,0.076164,0.076989,0.082396,0.082338,0.082300
0.686,0.076427,0.076303,0.077118,0.082534,0.082477,0.082419
0.687,0.076567,0.076442,0.077257,0.082674,0.082607,0.082559
0.688,0.076707,0.076583,0.077388,0.082805,0.082728,0.082690
0.689,0.076858,0.076724,0.077530,0.082937,0.082860,0.082822
0.690,0.077001,0.076867,0.077672,0.083070,0.083003,0.082955
0.691,0.077144,0.077010,0.077816,0.083213,0.083137,0.083098
0.692,0.077299,0.077155,0.077960,0.083358,0.083272,0.083233
0.693,0.077444,0.077300,0.078106,0.083494,0.083417,0.083369
0.694,0.077581,0.077447,0.078243,0.083640,0.083554,0.083506
0.695,0.077738,0.077585,0.078390,0.083788,0.083702,0.083654
0.696,0.077877,0.077733,0.078539,0.083936,0.083850,0.083802
0.697,0.078017,0.077873,0.078679,0.084086,0.083990,0.083952
0.698,0.078158,0.078005,0.078819,0.084236,0.084140,0.084093
0.699,0.078300,0.078146,0.078961,0.084388,0.084292,0.084244
0.700,0.078433,0.078289,0.079104,0.084540,0.084445,0.084397
0.701,0.078568,0.078414,0.079239,0.084703,0.084598,0.084550
0.702,0.078693,0.078549,0.079374,0.084848,0.084753,0.084705
0.703,0.078820,0.078676,0.079501,0.085004,0.084898,0.084860
0.704,0.078948,0.078804,0.079629,0.085160,0.085055,0.085007
0.705,0.079077,0.078923,0.079757,0.085318,0.085213,0.085155
0.706,0.079197,0.079053,0.079877,0.085467,0.085361,0.085314
0.707,0.079318,0.079174,0.079999,0.085617,0.085502,0.085454
0.708,0.079440,0.079296,0.080121,0.085768,0.085653,0.085595
0.709,0.079563,0.079419,0.080244,0.085910,0.085795,0.085738
0.710,0.079687,0.079544,0.080368,0.086063,0.085938,0.085881
0.711,0.079803,0.079669,0.080484,0.086198,0.086083,0.086016
0.712,0.079939,0.079795,0.080610,0.086334,0.086219,0.086151
0.713,0.080066,0.079922,0.080727,0.086480,0.086355,0.086288
0.714,0.080185,0.080050,0.080846,0.086618,0.086483,0.086416
0.715,0.080314,0.080170,0.080975,0.086747,0.086622,0.086545
0.716,0.080453,0.080310,0.081096,0.086877,0.086752,0.086676
0.717,0.080585,0.080441,0.081217,0.087018,0.086884,0.086807
0.718,0.080717,0.080563,0.081340,0.087150,0.087016,0.086929
0.719,0.080850,0.080697,0.081464,0.087283,0.087139,0.087063
0.720,0.080994,0.080840,0.081598,0.087417,0.087273,0.087187
0.721,0.081129,0.080975,0.081723,0.087552,0.087409,0.087322
0.722,0.081265,0.081102,0.081850,0.087679,0.087545,0.087449
0.723,0.081412,0.081249,0.081987,0.087816,0.087682,0.087586
0.724,0.081550,0.081387,0.082116,0.087954,0.087811,0.087724
0.725,0.081699,0.081526,0.082245,0.088094,0.087950,0.087854
0.726,0.081848,0.081666,0.082385,0.088234,0.088090,0.087994
0.727,0.081990,0.081807,0.082527,0.088375,0.088221,0.088135
0.728,0.082141,0.081950,0.082669,0.088507,0.088364,0.088268
0.729,0.082285,0.082102,0.082812,0.088651,0.088507,0.088411
0.730,0.082438,0.082247,0.082966,0.088795,0.088641,0.088555
0.731,0.082593,0.082401,0.083111,0.088940,0.088777,0.088700
0.732,0.082739,0.082547,0.083267,0.089076,0.088923,0.088837
0.733,0.082896,0.082695,0.083423,0.089224,0.089061,0.088984
0.734,0.083044,0.082852,0.083571,0.089362,0.089209,0.089132
0.735,0.083193,0.082992,0.083730,0.089511,0.089348,0.089272
0.736,0.083343,0.083142,0.083880,0.089662,0.089499,0.089422
0.737,0.083485,0.083284,0.084032,0.089803,0.089640,0.089573
0.738,0.083628,0.083426,0.084184,0.089955,0.089792,0.089716
0.739,0.083762,0.083560,0.084318,0.090109,0.089936,0.089869
0.740,0.083897,0.083695,0.084462,0.090253,0.090090,0.090013
0.741,0.084023,0.083831,0.084598,0.090408,0.090245,0.090169
0.742,0.084150,0.083959,0.084735,0.090564,0.090401,0.090325
0.743,0.084279,0.084087,0.084864,0.090722,0.090549,0.090472
0.744,0.084399,0.084207,0.084993,0.090870,0.090698,0.090621
0.745,0.084519,0.084337,0.085114,0.091029,0.090847,0.090770
0.746,0.084632,0.084459,0.085236,0.091170,0.090998,0.090911
0.747,0.084745,0.084572,0.085359,0.091322,0.091149,0.091053
0.748,0.084859,0.084687,0.085473,0.091465,0.091283,0.091206
0.749,0.084984,0.084811,0.085598,0.091609,0.091417,0.091340
0.750,0.085100,0.084937,0.085714,0.091735,0.091562,0.091466
0.751,0.085217,0.085054,0.085821,0.091871,0.091689,0.091603
0.752,0.085345,0.085173,0.085940,0.092009,0.091826,0.091731
0.753,0.085465,0.085302,0.086059,0.092137,0.091946,0.091859
0.754,0.085594,0.085431,0.086179,0.092258,0.092085,0.091980
0.755,0.085725,0.085562,0.086310,0.092388,0.092206,0.092101
0.756,0.085867,0.085704,0.086432,0.092511,0.092328,0.092233
0.757,0.086009,0.085836,0.086555,0.092634,0.092452,0.092346
0.758,0.086152,0.085980,0.086699,0.092758,0.092576,0.092470
0.759,0.086297,0.086124,0.086824,0.092874,0.092701,0.092596
0.760,0.086442,0.086270,0.086960,0.093000,0.092827,0.092722
0.761,0.086598,0.086416,0.087106,0.093127,0.092955,0.092849
0.762,0.086755,0.086573,0.087254,0.093255,0.093083,0.092977
0.763,0.086904,0.086721,0.087393,0.093385,0.093222,0.093107
0.764,0.087053,0.086861,0.087532,0.093515,0.093352,0.093237
0.765,0.087213,0.087021,0.087683,0.093646,0.093493,0.093378
0.766,0.087364,0.087173,0.087834,0.093788,0.093625,0.093520
0.767,0.087517,0.087315,0.087987,0.093921,0.093777,0.093662
0.768,0.087661,0.087459,0.088121,0.094065,0.093921,0.093806
0.769,0.087815,0.087604,0.088275,0.094210,0.094066,0.093951
0.770,0.087961,0.087750,0.088421,0.094356,0.094212,0.094106
0.771,0.088098,0.087897,0.088568,0.094512,0.094368,0.094263
0.772,0.088246,0.088035,0.088706,0.094660,0.094516,0.094411
0.773,0.088385,0.088174,0.088855,0.094809,0.094665,0.094559
0.774,0.088516,0.088305,0.088995,0.094959,0.094815,0.094709
0.775,0.088647,0.088436,0.089127,0.095109,0.094966,0.094860
0.776,0.088780,0.088569,0.089269,0.095261,0.095117,0.095012
0.777,0.088914,0.088703,0.089403,0.095404,0.095261,0.095155
0.778,0.089039,0.088837,0.089537,0.095558,0.095405,0.095309
0.779,0.089165,0.088963,0.089673,0.095703,0.095550,0.095445
0.780,0.089292,0.089091,0.089790,0.095850,0.095696,0.095591
0.781,0.089410,0.089219,0.089928,0.095987,0.095834,0.095728
0.782,0.089539,0.089348,0.090048,0.096126,0.095973,0.095867
0.783,0.089660,0.089468,0.090168,0.096266,0.096103,0.096007
0.784,0.089781,0.089599,0.090289,0.096406,0.096243,0.096128
0.785,0.089904,0.089722,0.090412,0.096538,0.096375,0.096260
0.786,0.090018,0.089845,0.090535,0.096671,0.096508,0.096393
0.787,0.090142,0.089970,0.090650,0.096796,0.096633,0.096518
0.788,0.090268,0.090095,0.090776,0.096931,0.096758,0.096653
0.789,0.090394,0.090222,0.090893,0.097048,0.096885,0.096770
0.790,0.090522,0.090359,0.091011,0.097175,0.097012,0.096897
0.791,0.090650,0.090487,0.091139,0.097294,0.097141,0.097016
0.792,0.090789,0.090626,0.091268,0.097414,0.097261,0.097136
0.793,0.090929,0.090766,0.091399,0.097535,0.097381,0.097266
0.794,0.091070,0.090907,0.091530,0.097657,0.097503,0.097388
0.795,0.091222,0.091059,0.091672,0.097770,0.097626,0.097511
0.796,0.091365,0.091212,0.091816,0.097894,0.097750,0.097625
0.797,0.091519,0.091356,0.091960,0.098009,0.097875,0.097750
0.798,0.091673,0.091510,0.092105,0.098126,0.098001,0.097876
0.799,0.091819,0.091656,0.092251,0.098252,0.098128,0.098003
0.800,0.091976,0.091813,0.092398,0.098380,0.098265,0.098141
0.801,0.092134,0.091961,0.092546,0.098509,0.098394,0.098269
0.802,0.092273,0.092100,0.092676,0.098639,0.098534,0.098409
0.803,0.092423,0.092250,0.092826,0.098770,0.098684,0.098549
0.804,0.092565,0.092402,0.092967,0.098911,0.098825,0.098700
0.805,0.092707,0.092544,0.093110,0.099063,0.098977,0.098843
0.806,0.092841,0.092678,0.093244,0.099207,0.099130,0.098996
0.807,0.092985,0.092822,0.093378,0.099342,0.099275,0.099140
0.808,0.093121,0.092949,0.093505,0.099487,0.099430,0.099286
0.809,0.093249,0.093076,0.093632,0.099643,0.099576,0.099442
0.810,0.093377,0.093214,0.093770,0.099781,0.099714,0.099589
0.811,0.093506,0.093343,0.093899,0.099920,0.099863,0.099728
0.812,0.093627,0.093464,0.094020,0.100070,0.100012,0.099868
0.813,0.093758,0.093595,0.094142,0.100210,0.100153,0.100009
0.814,0.093881,0.093727,0.094274,0.100343,0.100285,0.100151
0.815,0.094005,0.093851,0.094398,0.100486,0.100428,0.100284
0.816,0.094139,0.093976,0.094522,0.100620,0.100562,0.100419
0.817,0.094265,0.094111,0.094648,0.100746,0.100688,0.100544
0.818,0.094391,0.094238,0.094775,0.100872,0.100824,0.100671
0.819,0.094529,0.094375,0.094902,0.101010,0.100952,0.100808
0.820,0.094657,0.094504,0.095022,0.101129,0.101081,0.100927
0.821,0.094797,0.094643,0.095151,0.101258,0.101201,0.101057
0.822,0.094937,0.094783,0.095292,0.101380,0.101332,0.101178
0.823,0.095069,0.094925,0.095423,0.101511,0.101454,0.101310
0.824,0.095211,0.095057,0.095556,0.101634,0.101586,0.101433
0.825,0.095354,0.095201,0.095690,0.101759,0.101711,0.101557
0.826,0.095498,0.095345,0.095824,0.101884,0.101836,0.101682
0.827,0.095644,0.095490,0.095960,0.102010,0.101962,0.101818
0.828,0.095790,0.095637,0.096097,0.102137,0.102089,0.101945
0.829,0.095937,0.095784,0.096235,0.102265,0.102227,0.102073
0.830,0.096076,0.095923,0.096373,0.102404,0.102365,0.102212
0.831,0.096225,0.096062,0.096513,0.102534,0.102495,0.102352
0.832,0.096376,0.096213,0.096663,0.102665,0.102627,0.102483
0.833,0.096527,0.096364,0.096805,0.102797,0.102768,0.102624
0.834,0.096670,0.096507,0.096938,0.102940,0.102911,0.102758
0.835,0.096813,0.096650,0.097091,0.103074,0.103045,0.102901
0.836,0.096958,0.096795,0.097236,0.103209,0.103190,0.103036
0.837,0.097104,0.096941,0.097372,0.103345,0.103326,0.103182
0.838,0.097241,0.097078,0.097509,0.103482,0.103473,0.103319
0.839,0.097379,0.097216,0.097647,0.103620,0.103611,0.103457
0.840,0.097518,0.097355,0.097787,0.103769,0.103759,0.103606
0.841,0.097649,0.097495,0.097917,0.103909,0.103900,0.103756
0.842,0.097780,0.097627,0.098058,0.104050,0.104041,0.103897
0.843,0.097913,0.097750,0.098181,0.104192,0.104183,0.104029
0.844,0.098037,0.097883,0.098315,0.104345,0.104326,0.104182
0.845,0.098162,0.098008,0.098440,0.104480,0.104470,0.104317
0.846,0.098288,0.098134,0.098566,0.104615,0.104606,0.104452
0.847,0.098414,0.098261,0.098683,0.104761,0.104742,0.104598
0.848,0.098533,0.098389,0.098811,0.104889,0.104880,0.104736
0.849,0.098662,0.098518,0.098940,0.105028,0.105009,0.104865
0.850,0.098782,0.098648,0.099060,0.105158,0.105148,0.104995
0.851,0.098913,0.098769,0.099191,0.105289,0.105269,0.105126
0.852,0.099035,0.098911,0.099333,0.105411,0.105401,0.105248
0.853,0.099178,0.099044,0.099466,0.105534,0.105525,0.105371
0.854,0.099312,0.099187,0.099600,0.105659,0.105649,0.105496
0.855,0.099447,0.099332,0.099734,0.105784,0.105765,0.105621
0.856,0.099583,0.099468,0.099870,0.105910,0.105891,0.105747
0.857,0.099729,0.099614,0.100007,0.106028,0.106019,0.105865
0.858,0.099867,0.099752,0.100145,0.106157,0.106137,0.105994
0.859,0.100006,0.099891,0.100275,0.106286,0.106267,0.106123
0.860,0.100146,0.100041,0.100415,0.106416,0.106407,0.106253
0.861,0.100287,0.100182,0.100556,0.106557,0.106538,0.106385
0.862,0.100429,0.100324,0.100688,0.106690,0.106680,0.106527
0.863,0.100572,0.100467,0.100821,0.106823,0.106813,0.106660
0.864,0.100716,0.100610,0.100956,0.106957,0.106948,0.106794
0.865,0.100851,0.100746,0.101081,0.107102,0.107093,0.106939
0.866,0.100988,0.100892,0.101218,0.107239,0.107219,0.107076
0.867,0.101135,0.101029,0.101355,0.107366,0.107357,0.107213
0.868,0.101263,0.101168,0.101484,0.107514,0.107505,0.107351
0.869,0.101403,0.101297,0.101614,0.107654,0.107644,0.107491
0.870,0.101543,0.101438,0.101754,0.107784,0.107784,0.107631
0.871,0.101684,0.101579,0.101876,0.107926,0.107926,0.107772
0.872,0.101817,0.101712,0.102009,0.108059,0.108059,0.107915
0.873,0.101961,0.101855,0.102143,0.108192,0.108192,0.108039
0.874,0.102095,0.101990,0.102277,0.108337,0.108337,0.108183
0.875,0.102231,0.102126,0.102404,0.108473,0.108472,0.108319
0.876,0.102368,0.102262,0.102540,0.108609,0.108600,0.108456
0.877,0.102506,0.102400,0.102678,0.108747,0.108737,0.108594
0.878,0.102644,0.102529,0.102817,0.108876,0.108876,0.108732
0.879,0.102775,0.102669,0.102947,0.109016,0.109016,0.108863
0.880,0.102915,0.102800,0.103078,0.109157,0.109147,0.109003
0.881,0.103048,0.102932,0.103220,0.109289,0.109289,0.109136
0.882,0.103181,0.103066,0.103353,0.109422,0.109422,0.109278
0.883,0.103315,0.103200,0.103487,0.109566,0.109556,0.109413
0.884,0.103450,0.103335,0.103623,0.109701,0.109691,0.109548
0.885,0.103586,0.103471,0.103759,0.109837,0.109828,0.109693
0.886,0.103714,0.103608,0.103886,0.109974,0.109965,0.109821
0.887,0.103852,0.103747,0.104034,0.110113,0.110093,0.109959
0.888,0.103991,0.103886,0.104164,0.110242,0.110233,0.110098
0.889,0.104122,0.104016,0.104304,0.110382,0.110363,0.110229
0.890,0.104263,0.104158,0.104445,0.110514,0.110504,0.110361
0.891,0.104396,0.104300,0.104587,0.110647,0.110637,0.110493
0.892,0.104539,0.104433,0.104721,0.110790,0.110771,0.110627
0.893,0.104673,0.104578,0.104856,0.110924,0.110905,0.110761
0.894,0.104809,0.104723,0.104991,0.111060,0.111041,0.110897
0.895,0.104946,0.104850,0.105128,0.111197,0.111177,0.111034
0.896,0.105083,0.104997,0.105256,0.111325,0.111305,0.111171
0.897,0.105212,0.105126,0.105385,0.111463,0.111444,0.111310
0.898,0.105352,0.105265,0.105515,0.111603,0.111584,0.111449
0.899,0.105483,0.105406,0.105646,0.111734,0.111715,0.111580
0.900,0.105615,0.105538,0.105778,0.111866,0.111856,0.111712
0.901,0.105748,0.105671,0.105911,0.112008,0.111989,0.111855
0.902,0.105882,0.105815,0.106045,0.112142,0.112123,0.111989
0.903,0.106017,0.105950,0.106180,0.112268,0.112258,0.112124
0.904,0.106153,0.106095,0.106316,0.112404,0.112394,0.112260
0.905,0.106299,0.106232,0.106453,0.112531,0.112522,0.112387
0.906,0.106447,0.106380,0.106591,0.112660,0.112660,0.112516
0.907,0.106586,0.106528,0.106739,0.112789,0.112789,0.112655
0.908,0.106736,0.106669,0.106870,0.112919,0.112919,0.112785
0.909,0.106877,0.106819,0.107011,0.113051,0.113061,0.112917
0.910,0.107019,0.106961,0.107153,0.113193,0.113193,0.113059
0.911,0.107152,0.107104,0.107286,0.113326,0.113336,0.113192
0.912,0.107296,0.107239,0.107421,0.113461,0.113470,0.113336
0.913,0.107431,0.107384,0.107556,0.113606,0.113615,0.113481
0.914,0.107568,0.107520,0.107693,0.113752,0.113761,0.113618
0.915,0.107705,0.107648,0.107820,0.113899,0.113908,0.113765
0.916,0.107834,0.107786,0.107959,0.114037,0.114047,0.113913
0.917,0.107964,0.107916,0.108079,0.114186,0.114196,0.114052
0.918,0.108095,0.108047,0.108210,0.114327,0.114336,0.114192
0.919,0.108227,0.108179,0.108332,0.114468,0.114478,0.114334
0.920,0.108350,0.108312,0.108455,0.114610,0.114620,0.114476
0.921,0.108474,0.108436,0.108580,0.114744,0.114763,0.114610
0.922,0.108609,0.108571,0.108705,0.114889,0.114898,0.114745
0.923,0.108735,0.108697,0.108831,0.115025,0.115034,0.114881
0.924,0.108862,0.108824,0.108958,0.115152,0.115161,0.115018
0.925,0.108991,0.108962,0.109087,0.115290,0.115299,0.115146
0.926,0.109120,0.109091,0.109216,0.115419,0.115428,0.115285
0.927,0.109250,0.109221,0.109346,0.115549,0.115559,0.115405
0.928,0.109391,0.109362,0.109477,0.115680,0.115690,0.115537
0.929,0.109523,0.109495,0.109610,0.115813,0.115813,0.115669
0.930,0.109666,0.109628,0.109743,0.115936,0.115946,0.115792
0.931,0.109800,0.109772,0.109877,0.116071,0.116071,0.115917
0.932,0.109936,0.109907,0.110012,0.116196,0.116206,0.116052
0.933,0.110081,0.110043,0.110149,0.116323,0.116332,0.116189
0.934,0.110219,0.110190,0.110286,0.116460,0.116470,0.116316
0.935,0.110357,0.110328,0.110424,0.116589,0.116598,0.116455
0.936,0.110506,0.110477,0.110554,0.116718,0.116738,0.116584
0.937,0.110646,0.110617,0.110704,0.116859,0.116868,0.116724
0.938,0.110787,0.110759,0.110845,0.116990,0.117000,0.116866
0.939,0.110930,0.110901,0.110977,0.117123,0.117142,0.116998
0.940,0.111073,0.111044,0.111121,0.117257,0.117276,0.117132
0.941,0.111217,0.111198,0.111265,0.117401,0.117420,0.117276
0.942,0.111362,0.111333,0.111401,0.117537,0.117556,0.117412
0.943,0.111499,0.111480,0.111537,0.117673,0.117692,0.117558
0.944,0.111646,0.111617,0.111684,0.117820,0.117840,0.117696
0.945,0.111775,0.111756,0.111814,0.117959,0.117988,0.117844
0.946,0.111915,0.111896,0.111944,0.118099,0.118128,0.117984
0.947,0.112046,0.112027,0.112075,0.118239,0.118268,0.118134
0.948,0.112178,0.112159,0.112197,0.118391,0.118419,0.118276
0.949,0.112301,0.112282,0.112330,0.118533,0.118552,0.118418
0.950,0.112426,0.112416,0.112455,0.118667,0.118696,0.118552
0.951,0.112551,0.112542,0.112571,0.118812,0.118841,0.118697
0.952,0.112678,0.112668,0.112707,0.118948,0.118977,0.118833
0.953,0.112805,0.112796,0.112825,0.119085,0.119114,0.118970
0.954,0.112934,0.112924,0.112953,0.119214,0.119252,0.119108
0.955,0.113063,0.113063,0.113092,0.119343,0.119381,0.119238
0.956,0.113194,0.113194,0.113223,0.119474,0.119512,0.119368
0.957,0.113325,0.113335,0.113354,0.119605,0.119643,0.119490
0.958,0.113458,0.113467,0.113487,0.119738,0.119766,0.119623
0.959,0.113591,0.113601,0.113620,0.119862,0.119900,0.119746
0.960,0.113726,0.113735,0.113745,0.119996,0.120034,0.119881
0.961,0.113852,0.113871,0.113871,0.120131,0.120170,0.120007
0.962,0.113988,0.114007,0.114007,0.120268,0.120306,0.120143
0.963,0.114126,0.114145,0.114145,0.120405,0.120444,0.120281
0.964,0.114255,0.114283,0.114274,0.120534,0.120582,0.120410
0.965,0.114394,0.114423,0.114404,0.120674,0.120722,0.120549
0.966,0.114525,0.114554,0.114525,0.120814,0.120853,0.120690
0.967,0.114657,0.114695,0.114657,0.120937,0.120985,0.120812
0.968,0.114790,0.114828,0.114790,0.121079,0.121127,0.120954
0.969,0.114924,0.114962,0.114914,0.121213,0.121261,0.121088
0.970,0.115059,0.115097,0.115049,0.121348,0.121396,0.121223
0.971,0.115194,0.115233,0.115175,0.121484,0.121541,0.121359
0.972,0.115322,0.115370,0.115303,0.121621,0.121669,0.121506
0.973,0.115460,0.115508,0.115431,0.121749,0.121807,0.121624
0.974,0.115599,0.115646,0.115560,0.121888,0.121936,0.121763
0.975,0.115738,0.115786,0.115700,0.122018,0.122076,0.121903
0.976,0.115879,0.115927,0.115831,0.122149,0.122197,0.122034
0.977,0.116021,0.116069,0.115964,0.122282,0.122339,0.122167
0.978,0.116164,0.116202,0.116097,0.122415,0.122473,0.122300
0.979,0.116298,0.116346,0.116231,0.122549,0.122607,0.122434
0.980,0.116443,0.116482,0.116367,0.122685,0.122742,0.122579
0.981,0.116580,0.116618,0.116503,0.122821,0.122879,0.122716
0.982,0.116717,0.116755,0.116640,0.122958,0.123016,0.122853
0.983,0.116855,0.116894,0.116779,0.123097,0.123164,0.122991
0.984,0.116995,0.117033,0.116918,0.123236,0.123303,0.123140
0.985,0.117135,0.117173,0.117049,0.123376,0.123434,0.123280
0.986,0.117276,0.117315,0.117180,0.123518,0.123575,0.123412
0.987,0.117409,0.117447,0.117323,0.123660,0.123717,0.123554
0.988,0.117552,0.117591,0.117456,0.123803,0.123861,0.123698
0.989,0.117687,0.117725,0.117591,0.123938,0.124005,0.123842
0.990,0.117813,0.117861,0.117727,0.124083,0.124141,0.123978
0.991,0.117950,0.117998,0.117854,0.124230,0.124287,0.124124
0.992,0.118078,0.118126,0.117982,0.124367,0.124425,0.124262
0.993,0.118207,0.118255,0.118111,0.124506,0.124563,0.124401
0.994,0.118328,0.118385,0.118232,0.124655,0.124713,0.124540
0.995,0.118449,0.118507,0.118353,0.124796,0.124854,0.124681
0.996,0.118572,0.118629,0.118476,0.124938,0.124986,0.124823
0.997,0.118695,0.118753,0.118599,0.125071,0.125128,0.124956
0.998,0.118820,0.118877,0.118724,0.125215,0.125263,0.125100
0.999,0.118945,0.119003,0.118840,0.125350,0.125398,0.125225
1.000,0.119072,0.119129,0.118966,0.125476,0.125524,0.125352
1.001,0.119199,0.119267,0.119104,0.125613,0.125652,0.125489
1.002,0.119338,0.119405,0.119242,0.125742,0.125780,0.125608
1.003,0.119477,0.119544,0.119371,0.125871,0.125910,0.125737
1.004,0.119607,0.119684,0.119511,0.125992,0.126031,0.125868
1.005,0.119748,0.119815,0.119652,0.126124,0.126162,0.125990
1.006,0.119891,0.119958,0.119775,0.126257,0.126285,0.126122
1.007,0.120024,0.120101,0.119919,0.126381,0.126419,0.126246
1.008,0.120168,0.120245,0.120063,0.126525,0.126553,0.126390
1.009,0.120313,0.120390,0.120198,0.126660,0.126689,0.126526
1.010,0.120450,0.120536,0.120344,0.126797,0.126825,0.126663
1.011,0.120597,0.120674,0.120482,0.126944,0.126963,0.126800
1.012,0.120736,0.120822,0.120611,0.127082,0.127111,0.126939
1.013,0.120875,0.120961,0.120750,0.127222,0.127241,0.127078
1.014,0.121016,0.121102,0.120881,0.127363,0.127382,0.127219
1.015,0.121148,0.121234,0.121023,0.127514,0.127533,0.127360
1.016,0.121281,0.121376,0.121156,0.127656,0.127675,0.127503
1.017,0.121424,0.121510,0.121290,0.127800,0.127819,0.127646
1.018,0.121559,0.121645,0.121425,0.127944,0.127954,0.127791
1.019,0.121695,0.121791,0.121551,0.128080,0.128099,0.127927
1.020,0.121822,0.121928,0.121688,0.128227,0.128236,0.128064
1.021,0.121960,0.122056,0.121826,0.128365,0.128374,0.128202
1.022,0.122099,0.122195,0.121956,0.128504,0.128513,0.128341
1.023,0.122230,0.122335,0.122095,0.128644,0.128653,0.128481
1.024,0.122371,0.122467,0.122227,0.128785,0.128785,0.128612
1.025,0.122503,0.122599,0.122350,0.128917,0.128927,0.128754
1.026,0.122627,0.122732,0.122483,0.129060,0.129060,0.128887
1.027,0.122761,0.122867,0.122617,0.129194,0.129204,0.129022
1.028,0.122897,0.123002,0.122743,0.129339,0.129339,0.129167
1.029,0.123023,0.123138,0.122880,0.129485,0.129485,0.129303
1.030,0.123161,0.123266,0.123007,0.129623,0.129623,0.129440
1.031,0.123289,0.123404,0.123136,0.129761,0.129751,0.129569
1.032,0.123429,0.123534,0.123275,0.129891,0.129891,0.129709
1.033,0.123560,0.123675,0.123406,0.130031,0.130031,0.129849
1.034,0.123691,0.123806,0.123538,0.130172,0.130163,0.129981
1.035,0.123834,0.123939,0.123671,0.130315,0.130305,0.130114
1.036,0.123968,0.124073,0.123795,0.130449,0.130439,0.130247
1.037,0.124093,0.124208,0.123920,0.130593,0.130583,0.130392
1.038,0.124219,0.124334,0.124037,0.130729,0.130710,0.130527
1.039,0.124356,0.124461,0.124164,0.130866,0.130856,0.130664
1.040,0.124484,0.124589,0.124292,0.131013,0.130994,0.130802
1.041,0.124613,0.124728,0.124412,0.131142,0.131133,0.130931
1.042,0.124743,0.124858,0.124542,0.131282,0.131263,0.131071
1.043,0.124875,0.124990,0.124664,0.131413,0.131394,0.131202
1.044,0.125007,0.125122,0.124796,0.131545,0.131526,0.131334
1.045,0.125150,0.125255,0.124939,0.131679,0.131650,0.131468
1.046,0.125293,0.125399,0.125073,0.131803,0.131784,0.131592
1.047,0.125438,0.125544,0.125218,0.131938,0.131910,0.131718
1.048,0.125584,0.125689,0.125354,0.132065,0.132036,0.131854
1.049,0.125721,0.125836,0.125501,0.132193,0.132173,0.131982
1.050,0.125869,0.125974,0.125639,0.132331,0.132302,0.132110
1.051,0.126008,0.126123,0.125778,0.132460,0.132432,0.132249
1.052,0.126158,0.126263,0.125928,0.132601,0.132581,0.132390
1.053,0.126309,0.126414,0.126069,0.132751,0.132723,0.132531
1.054,0.126451,0.126556,0.126221,0.132894,0.132865,0.132673
1.055,0.126594,0.126699,0.126354,0.133037,0.133008,0.132816
1.056,0.126729,0.126844,0.126489,0.133181,0.133152,0.132960
1.057,0.126864,0.126979,0.126625,0.133317,0.133297,0.133096
1.058,0.127001,0.127116,0.126761,0.133463,0.133444,0.133242
1.059,0.127129,0.127244,0.126899,0.133620,0.133591,0.133389
1.060,0.127258,0.127383,0.127028,0.133768,0.133729,0.133538
1.061,0.127388,0.127513,0.127158,0.133907,0.133879,0.133677
1.062,0.127519,0.127644,0.127289,0.134048,0.134019,0.133818
1.063,0.127641,0.127776,0.127411,0.134190,0.134161,0.133950
1.064,0.127765,0.127899,0.127544,0.134332,0.134294,0.134092
1.065,0.127899,0.128033,0.127678,0.134466,0.134428,0.134227
1.066,0.128034,0.128158,0.127804,0.134611,0.134572,0.134362
1.067,0.128160,0.128294,0.127930,0.134747,0.134708,0.134498
1.068,0.128278,0.128422,0.128058,0.134884,0.134836,0.134625
1.069,0.128407,0.128550,0.128176,0.135012,0.134974,0.134763
1.070,0.128536,0.128680,0.128306,0.135142,0.135103,0.134883
1.071,0.128666,0.128810,0.128436,0.135282,0.135243,0.135023
1.072,0.128798,0.128942,0.128568,0.135423,0.135375,0.135154
1.073,0.128930,0.129074,0.128700,0.135555,0.135507,0.135287
1.074,0.129064,0.129208,0.128824,0.135689,0.135641,0.135411
1.075,0.129198,0.129342,0.128958,0.135813,0.135775,0.135545
1.076,0.129334,0.129477,0.129084,0.135949,0.135911,0.135671
1.077,0.129470,0.129623,0.129221,0.136085,0.136037,0.135807
1.078,0.129607,0.129761,0.129349,0.136213,0.136175,0.135935
1.079,0.129746,0.129899,0.129477,0.136352,0.136313,0.136074
1.080,0.129885,0.130029,0.129598,0.136491,0.136443,0.136203
1.081,0.130016,0.130170,0.129729,0.136622,0.136584,0.136334
1.082,0.130148,0.130301,0.129851,0.136763,0.136725,0.136476
1.083,0.130281,0.130434,0.129974,0.136896,0.136858,0.136609
1.084,0.130415,0.130568,0.130108,0.137030,0.137001,0.136742
1.085,0.130550,0.130703,0.130233,0.137165,0.137136,0.136877
1.086,0.130685,0.130839,0.130359,0.137301,0.137262,0.137013
1.087,0.130822,0.130976,0.130496,0.137428,0.137399,0.137140
1.088,0.130970,0.131114,0.130644,0.137556,0.137527,0.137269
1.089,0.131109,0.131262,0.130783,0.137686,0.137657,0.137398
1.090,0.131258,0.131402,0.130922,0.137806,0.137787,0.137528
1.091,0.131399,0.131543,0.131063,0.137937,0.137918,0.137650
1.092,0.131541,0.131685,0.131196,0.138070,0.138051,0.137782
1.093,0.131674,0.131827,0.131338,0.138203,0.138193,0.137915
1.094,0.131818,0.131962,0.131482,0.138337,0.138328,0.138059
1.095,0.131963,0.132116,0.131627,0.138482,0.138472,0.138194
1.096,0.132108,0.132252,0.131763,0.138628,0.138618,0.138340
1.097,0.132246,0.132399,0.131901,0.138765,0.138765,0.138478
1.098,0.132374,0.132528,0.132039,0.138913,0.138903,0.138625
1.099,0.132504,0.132667,0.132169,0.139052,0.139052,0.138765
1.100,0.132635,0.132798,0.132299,0.139193,0.139193,0.138905
1.101,0.132766,0.132929,0.132431,0.139343,0.139343,0.139046
1.102,0.132899,0.133062,0.132564,0.139486,0.139486,0.139188
1.103,0.133023,0.133186,0.132688,0.139629,0.139629,0.139332
1.104,0.133158,0.133321,0.132813,0.139764,0.139773,0.139466
1.105,0.133274,0.133447,0.132948,0.139909,0.139909,0.139602
1.106,0.133411,0.133574,0.133075,0.140036,0.140036,0.139739
1.107,0.133539,0.133712,0.133204,0.140174,0.140174,0.139867
1.108,0.133668,0.133841,0.133333,0.140312,0.140312,0.139996
1.109,0.133798,0.133971,0.133463,0.140442,0.140442,0.140126
1.110,0.133929,0.134102,0.133594,0.140573,0.140573,0.140267
1.111,0.134061,0.134234,0.133726,0.140706,0.140706,0.140389
1.112,0.134195,0.134367,0.133859,0.140839,0.140839,0.140522
1.113,0.134329,0.134501,0.133993,0.140973,0.140982,0.140656
1.114,0.134473,0.134636,0.134128,0.141108,0.141108,0.140782
1.115,0.134600,0.134782,0.134255,0.141234,0.141244,0.140908
1.116,0.134737,0.134919,0.134392,0.141362,0.141371,0.141045
1.117,0.134885,0.135057,0.134530,0.141500,0.141509,0.141174
1.118,0.135024,0.135196,0.134669,0.141629,0.141649,0.141313
1.119,0.135164,0.135346,0.134809,0.141769,0.141789,0.141443
1.120,0.135305,0.135487,0.134941,0.141911,0.141930,0.141585
1.121,0.135437,0.135619,0.135063,0.142043,0.142062,0.141717
1.122,0.135571,0.135753,0.135197,0.142177,0.142196,0.141851
1.123,0.135705,0.135887,0.135331,0.142321,0.142340,0.141985
1.124,0.135841,0.136023,0.135457,0.142456,0.142485,0.142130
1.125,0.135968,0.136150,0.135594,0.142602,0.142631,0.142267
1.126,0.136105,0.136287,0.135722,0.142730,0.142759,0.142404
1.127,0.136234,0.136416,0.135860,0.142869,0.142897,0.142533
1.128,0.136364,0.136556,0.136000,0.142999,0.143027,0.142663
1.129,0.136514,0.136696,0.136140,0.143129,0.143158,0.142794
1.130,0.136656,0.136838,0.136282,0.143261,0.143300,0.142926
1.131,0.136789,0.136980,0.136415,0.143394,0.143433,0.143059
1.132,0.136922,0.137124,0.136558,0.143528,0.143566,0.143183
1.133,0.137057,0.137259,0.136693,0.143663,0.143701,0.143318
1.134,0.137203,0.137395,0.136839,0.143799,0.143837,0.143454
1.135,0.137340,0.137541,0.136975,0.143945,0.143984,0.143600
1.136,0.137478,0.137679,0.137123,0.144093,0.144122,0.143738
1.137,0.137617,0.137818,0.137252,0.144232,0.144270,0.143877
1.138,0.137747,0.137958,0.137383,0.144381,0.144410,0.144017
1.139,0.137878,0.138089,0.137514,0.144522,0.144551,0.144158
1.140,0.138011,0.138221,0.137637,0.144664,0.144693,0.144300
1.141,0.138144,0.138355,0.137770,0.144807,0.144845,0.144443
1.142,0.138269,0.138489,0.137895,0.144951,0.144989,0.144587
1.143,0.138404,0.138615,0.138020,0.145096,0.145125,0.144722
1.144,0.138531,0.138751,0.138147,0.145232,0.145261,0.144858
1.145,0.138658,0.138879,0.138275,0.145370,0.145398,0.144986
1.146,0.138797,0.139008,0.138413,0.145498,0.145527,0.145115
1.147,0.138926,0.139147,0.138533,0.145638,0.145666,0.145254
1.148,0.139057,0.139287,0.138664,0.145768,0.145788,0.145385
1.149,0.139199,0.139419,0.138796,0.145900,0.145919,0.145507
1.150,0.139331,0.139552,0.138929,0.146023,0.146052,0.145640
1.151,0.139465,0.139695,0.139062,0.146157,0.146186,0.145764
1.152,0.139609,0.139830,0.139207,0.146292,0.146320,0.145908
1.153,0.139745,0.139975,0.139342,0.146418,0.146456,0.146034
1.154,0.139891,0.140121,0.139470,0.146545,0.146583,0.146161
1.155,0.140029,0.140250,0.139617,0.146683,0.146721,0.146299
1.156,0.140177,0.140398,0.139756,0.146812,0.146850,0.146428
1.157,0.140317,0.140547,0.139895,0.146952,0.146990,0.146568
1.158,0.140458,0.140688,0.140036,0.147092,0.147131,0.146699
1.159,0.140600,0.140839,0.140168,0.147234,0.147272,0.146841
1.160,0.140742,0.140972,0.140301,0.147367,0.147406,0.146984
1.161,0.140867,0.141107,0.140436,0.147501,0.147549,0.147118
1.162,0.141002,0.141242,0.140561,0.147646,0.147694,0.147263
1.163,0.141138,0.141368,0.140697,0.147792,0.147840,0.147408
1.164,0.141266,0.141505,0.140825,0.147939,0.147987,0.147555
1.165,0.141394,0.141634,0.140953,0.148067,0.148125,0.147684
1.166,0.141524,0.141764,0.141092,0.148206,0.148254,0.147823
1.167,0.141664,0.141894,0.141233,0.148337,0.148394,0.147953
1.168,0.141805,0.142045,0.141364,0.148468,0.148526,0.148085
1.169,0.141938,0.142177,0.141497,0.148601,0.148659,0.148227
1.170,0.142071,0.142311,0.141640,0.148735,0.148792,0.148351
1.171,0.142206,0.142455,0.141765,0.148869,0.148927,0.148486
1.172,0.142341,0.142581,0.141910,0.149005,0.149062,0.148621
1.173,0.142478,0.142718,0.142047,0.149151,0.149208,0.148767
1.174,0.142616,0.142865,0.142184,0.149288,0.149346,0.148905
1.175,0.142754,0.143003,0.142313,0.149427,0.149484,0.149043
1.176,0.142894,0.143143,0.142443,0.149567,0.149624,0.149183
1.177,0.143015,0.143274,0.142574,0.149707,0.149765,0.149314
1.178,0.143147,0.143406,0.142696,0.149849,0.149906,0.149456
1.179,0.143280,0.143539,0.142829,0.149991,0.150049,0.149598
1.180,0.143414,0.143673,0.142954,0.150135,0.150192,0.149742
1.181,0.143539,0.143808,0.143089,0.150270,0.150327,0.149877
1.182,0.143675,0.143934,0.143206,0.150406,0.150463,0.150013
1.183,0.143803,0.144071,0.143333,0.150533,0.150600,0.150140
1.184,0.143931,0.144200,0.143471,0.150671,0.150729,0.150268
1.185,0.144070,0.144339,0.143600,0.150800,0.150858,0.150407
1.186,0.144210,0.144479,0.143731,0.150931,0.150988,0.150538
1.187,0.144341,0.144610,0.143862,0.151053,0.151120,0.150669
1.188,0.144474,0.144752,0.143994,0.151185,0.151252,0.150792
1.189,0.144617,0.144885,0.144128,0.151309,0.151376,0.150916
1.190,0.144761,0.145029,0.144272,0.151443,0.151510,0.151060
1.191,0.144896,0.145174,0.144407,0.151579,0.151646,0.151185
1.192,0.145042,0.145320,0.144544,0.151705,0.151782,0.151322
1.193,0.145180,0.145458,0.144681,0.151833,0.151910,0.151450
1.194,0.145327,0.145606,0.144819,0.151972,0.152048,0.151588
1.195,0.145467,0.145745,0.144968,0.152101,0.152188,0.151727
1.196,0.145617,0.145895,0.145099,0.152242,0.152328,0.151868
1.197,0.145749,0.146036,0.145221,0.152383,0.152469,0.152009
1.198,0.145881,0.146169,0.145354,0.152516,0.152602,0.152142
1.199,0.146015,0.146303,0.145478,0.152659,0.152755,0.152285
1.200,0.146140,0.146428,0.145613,0.152794,0.152890,0.152420
1.201,0.146276,0.146564,0.145739,0.152939,0.153035,0.152566
1.202,0.146403,0.146691,0.145857,0.153086,0.153182,0.152712
1.203,0.146532,0.146819,0.145985,0.153214,0.153320,0.152840
1.204,0.146661,0.146948,0.146124,0.153343,0.153449,0.152979
1.205,0.146801,0.147088,0.146264,0.153474,0.153579,0.153109
1.206,0.146932,0.147229,0.146395,0.153605,0.153710,0.153240
1.207,0.147064,0.147361,0.146527,0.153727,0.153842,0.153363
1.208,0.147197,0.147495,0.146651,0.153861,0.153976,0.153496
1.209,0.147332,0.147629,0.146785,0.153985,0.154100,0.153621
1.210,0.147467,0.147764,0.146930,0.154120,0.154235,0.153766
1.211,0.147613,0.147910,0.147066,0.154257,0.154381,0.153902
1.212,0.147750,0.148047,0.147194,0.154394,0.154518,0.154039
1.213,0.147878,0.148195,0.147322,0.154532,0.154647,0.154177
1.214,0.148008,0.148324,0.147452,0.154662,0.154786,0.154307
1.215,0.148139,0.148455,0.147573,0.154792,0.154917,0.154447
1.216,0.148270,0.148587,0.147705,0.154943,0.155068,0.154588
1.217,0.148412,0.148729,0.147828,0.155076,0.155210,0.154731
1.218,0.148536,0.148862,0.147952,0.155219,0.155344,0.154864
1.219,0.148671,0.148997,0.148077,0.155344,0.155478,0.154999
1.220,0.148797,0.149123,0.148212,0.155480,0.155604,0.155125
1.221,0.148943,0.149260,0.148349,0.155607,0.155741,0.155261
1.222,0.149081,0.149407,0.148467,0.155735,0.155878,0.155399
1.223,0.149210,0.149536,0.148606,0.155864,0.156008,0.155519
1.224,0.149350,0.149676,0.148736,0.155994,0.156138,0.155658
1.225,0.149490,0.149807,0.148867,0.156115,0.156259,0.155780
1.226,0.149622,0.149948,0.149009,0.156247,0.156391,0.155912
1.227,0.149765,0.150091,0.149151,0.156390,0.156534,0.156054
1.228,0.149918,0.150234,0.149276,0.156514,0.156668,0.156188
1.229,0.150044,0.150379,0.149420,0.156640,0.156793,0.156314
1.230,0.150189,0.150515,0.149556,0.156776,0.156929,0.156450
1.231,0.150336,0.150662,0.149693,0.156913,0.157076,0.156587
1.232,0.150474,0.150800,0.149832,0.157051,0.157214,0.156725
1.233,0.150623,0.150948,0.149961,0.157190,0.157362,0.156873
1.234,0.150753,0.151079,0.150082,0.157330,0.157493,0.157014
1.235,0.150875,0.151210,0.150213,0.157471,0.157634,0.157145
1.236,0.151007,0.151343,0.150336,0.157613,0.157776,0.157287
1.237,0.151141,0.151467,0.150460,0.157756,0.157929,0.157430
1.238,0.151266,0.151601,0.150585,0.157890,0.158063,0.157574
1.239,0.151391,0.151727,0.150711,0.158026,0.158198,0.157710
1.240,0.151518,0.151854,0.150847,0.158162,0.158335,0.157836
1.241,0.151656,0.151991,0.150985,0.158290,0.158463,0.157974
1.242,0.151794,0.152130,0.151113,0.158419,0.158592,0.158103
1.243,0.151924,0.152260,0.151243,0.158549,0.158722,0.158233
1.244,0.152055,0.152400,0.151374,0.158680,0.158852,0.158354
1.245,0.152187,0.152532,0.151506,0.158802,0.158984,0.158486
1.246,0.152329,0.152665,0.151649,0.158944,0.159117,0.158628
1.247,0.152473,0.152818,0.151792,0.159088,0.159261,0.158762
1.248,0.152617,0.152962,0.151917,0.159223,0.159395,0.158897
1.249,0.152743,0.153098,0.152043,0.159359,0.159531,0.159033
1.250,0.152880,0.153235,0.152180,0.159486,0.159668,0.159170
1.251,0.153018,0.153373,0.152309,0.159633,0.159806,0.159307
1.252,0.153147,0.153502,0.152438,0.159772,0.159945,0.159456
1.253,0.153287,0.153642,0.152568,0.159912,0.160094,0.159596
1.254,0.153418,0.153783,0.152690,0.160053,0.160226,0.159727
1.255,0.153551,0.153915,0.152822,0.160185,0.160358,0.159859
1.256,0.153684,0.154048,0.152955,0.160319,0.160491,0.159993
1.257,0.153828,0.154192,0.153090,0.160443,0.160625,0.160127
1.258,0.153963,0.154328,0.153215,0.160579,0.160761,0.160262
1.259,0.154099,0.154464,0.153352,0.160715,0.160897,0.160389
1.260,0.154237,0.154601,0.153489,0.160842,0.161025,0.160526
1.261,0.154375,0.154739,0.153618,0.160971,0.161153,0.160655
1.262,0.154514,0.154888,0.153757,0.161110,0.161293,0.160794
1.263,0.154664,0.155029,0.153897,0.161241,0.161423,0.160925
1.264,0.154796,0.155179,0.154029,0.161373,0.161555,0.161056
1.265,0.154938,0.155312,0.154171,0.161505,0.161697,0.161189
1.266,0.155081,0.155455,0.154305,0.161639,0.161831,0.161332
1.267,0.155226,0.155600,0.154449,0.161774,0.161975,0.161467
1.268,0.155371,0.155745,0.154575,0.161919,0.162111,0.161612
1.269,0.155498,0.155882,0.154693,0.162056,0.162257,0.161749
1.270,0.155636,0.156010,0.154821,0.162194,0.162395,0.161887
1.271,0.155755,0.156148,0.154950,0.162342,0.162543,0.162035
1.272,0.155895,0.156269,0.155070,0.162481,0.162683,0.162175
1.273,0.156016,0.156400,0.155192,0.162622,0.162833,0.162315
1.274,0.156149,0.156532,0.155314,0.162754,0.162965,0.162457
1.275,0.156272,0.156656,0.155448,0.162887,0.163098,0.162590
1.276,0.156406,0.156790,0.155582,0.163021,0.163223,0.162715
1.277,0.156541,0.156925,0.155707,0.163147,0.163358,0.162850
1.278,0.156677,0.157061,0.155834,0.163283,0.163494,0.162976
1.279,0.156814,0.157198,0.155961,0.163411,0.163621,0.163104
1.280,0.156943,0.157326,0.156099,0.163529,0.163750,0.163232
1.281,0.157082,0.157466,0.156238,0.163678,0.163889,0.163371
1.282,0.157222,0.157615,0.156369,0.163809,0.164020,0.163511
1.283,0.157363,0.157756,0.156500,0.163940,0.164161,0.163643
1.284,0.157496,0.157889,0.156623,0.164082,0.164293,0.163776
1.285,0.157629,0.158022,0.156747,0.164216,0.164427,0.163909
1.286,0.157764,0.158157,0.156882,0.164350,0.164571,0.164044
1.287,0.157899,0.158292,0.157008,0.164495,0.164716,0.164189
1.288,0.158026,0.158429,0.157135,0.164642,0.164852,0.164335
1.289,0.158164,0.158566,0.157253,0.164769,0.164990,0.164463
1.290,0.158293,0.158695,0.157391,0.164908,0.165119,0.164601
1.291,0.158423,0.158835,0.157521,0.165038,0.165249,0.164731
1.292,0.158573,0.158975,0.157652,0.165169,0.165389,0.164862
1.293,0.158705,0.159107,0.157775,0.165301,0.165521,0.164994
1.294,0.158838,0.159250,0.157917,0.165434,0.165654,0.165127
1.295,0.158971,0.159384,0.158051,0.165558,0.165779,0.165251
1.296,0.159116,0.159528,0.158196,0.165693,0.165913,0.165386
1.297,0.159261,0.159674,0.158332,0.165829,0.166049,0.165532
1.298,0.159408,0.159820,0.158459,0.165956,0.166177,0.165659
1.299,0.159536,0.159958,0.158606,0.166094,0.166315,0.165787
1.300,0.159685,0.160097,0.158745,0.166223,0.166454,0.165926
1.301,0.159825,0.160247,0.158885,0.166363,0.166593,0.166066
1.302,0.159975,0.160388,0.159007,0.166514,0.166734,0.166207
1.303,0.160108,0.160529,0.159130,0.166656,0.166886,0.166349
1.304,0.160241,0.160663,0.159263,0.166789,0.167019,0.166492
1.305,0.160366,0.160788,0.159388,0.166933,0.167163,0.166626
1.306,0.160491,0.160923,0.159514,0.167078,0.167308,0.166781
1.307,0.160618,0.161050,0.159631,0.167214,0.167454,0.166917
1.308,0.160746,0.161177,0.159758,0.167352,0.167591,0.167054
1.309,0.160875,0.161306,0.159897,0.167480,0.167720,0.167183
1.310,0.161014,0.161436,0.160017,0.167610,0.167850,0.167313
1.311,0.161145,0.161576,0.160148,0.167741,0.167981,0.167444
1.312,0.161277,0.161708,0.160279,0.167873,0.168112,0.167575
1.313,0.161409,0.161841,0.160403,0.167996,0.168245,0.167699
1.314,0.161533,0.161974,0.160546,0.168130,0.168369,0.167823
1.315,0.161678,0.162109,0.160681,0.168274,0.168514,0.167967
1.316,0.161823,0.162264,0.160816,0.168410,0.168649,0.168103
1.317,0.161960,0.162401,0.160944,0.168537,0.168776,0.168240
1.318,0.162088,0.162529,0.161062,0.168675,0.168914,0.168368
1.319,0.162217,0.162668,0.161191,0.168813,0.169043,0.168507
1.320,0.162347,0.162798,0.161322,0.168953,0.169193,0.168646
1.321,0.162488,0.162939,0.161443,0.169103,0.169334,0.168787
1.322,0.162620,0.163071,0.161566,0.169245,0.169475,0.168929
1.323,0.162744,0.163204,0.161689,0.169369,0.169599,0.169052
1.324,0.162878,0.163338,0.161823,0.169503,0.169733,0.169187
1.325,0.163013,0.163473,0.161949,0.169638,0.169868,0.169312
1.326,0.163149,0.163619,0.162076,0.169774,0.170004,0.169448
1.327,0.163277,0.163747,0.162213,0.169902,0.170132,0.169585
1.328,0.163415,0.163885,0.162351,0.170030,0.170260,0.169704
1.329,0.163564,0.164024,0.162490,0.170160,0.170390,0.169834
1.330,0.163704,0.164164,0.162621,0.170290,0.170530,0.169974
1.331,0.163855,0.164315,0.162752,0.170422,0.170662,0.170106
1.332,0.163987,0.164457,0.162894,0.170555,0.170794,0.170238
1.333,0.164130,0.164591,0.163037,0.170688,0.170928,0.170372
1.334,0.164275,0.164744,0.163172,0.170832,0.171063,0.170506
1.335,0.164420,0.164890,0.163308,0.170968,0.171208,0.170652
1.336,0.164556,0.165036,0.163435,0.171114,0.171354,0.170798
1.337,0.164694,0.165173,0.163563,0.171252,0.171482,0.170926
1.338,0.164823,0.165302,0.163692,0.171390,0.171630,0.171074
1.339,0.164953,0.165432,0.163812,0.171539,0.171779,0.171213
1.340,0.165084,0.165563,0.163933,0.171690,0.171920,0.171364
1.341,0.165216,0.165695,0.164065,0.171822,0.172061,0.171496
1.342,0.165339,0.165828,0.164208,0.171955,0.172194,0.171629
1.343,0.165483,0.165962,0.164332,0.172089,0.172319,0.171763
1.344,0.165618,0.166097,0.164467,0.172224,0.172454,0.171898
1.345,0.165754,0.166233,0.164594,0.172360,0.172590,0.172024
1.346,0.165881,0.166370,0.164731,0.172487,0.172717,0.172161
1.347,0.166019,0.166499,0.164878,0.172615,0.172845,0.172289
1.348,0.166158,0.166638,0.165017,0.172764,0.172994,0.172428
1.349,0.166298,0.166787,0.165138,0.172904,0.173134,0.172568
1.350,0.166439,0.166928,0.165269,0.173045,0.173275,0.172709
1.351,0.166562,0.167061,0.165392,0.173187,0.173407,0.172842
1.352,0.166695,0.167194,0.165526,0.173320,0.173541,0.172975
1.353,0.166830,0.167328,0.165651,0.173474,0.173694,0.173129
1.354,0.166965,0.167464,0.165776,0.173619,0.173839,0.173264
1.355,0.167092,0.167591,0.165894,0.173755,0.173976,0.173401
1.356,0.167220,0.167718,0.166031,0.173893,0.174104,0.173538
1.357,0.167349,0.167847,0.166160,0.174021,0.174232,0.173667
1.358,0.167488,0.167987,0.166280,0.174161,0.174372,0.173797
1.359,0.167619,0.168127,0.166411,0.174292,0.174503,0.173927
1.360,0.167751,0.168249,0.166543,0.174423,0.174634,0.174059
1.361,0.167883,0.168392,0.166685,0.174547,0.174758,0.174182
1.362,0.168027,0.168525,0.166819,0.174681,0.174891,0.174316
1.363,0.168171,0.168670,0.166944,0.174815,0.175026,0.174451
1.364,0.168307,0.168825,0.167089,0.174951,0.175152,0.174577
1.365,0.168444,0.168952,0.167226,0.175078,0.175280,0.174714
1.366,0.168591,0.169099,0.167374,0.175216,0.175418,0.174842
1.367,0.168740,0.169248,0.167503,0.175355,0.175556,0.174981
1.368,0.168879,0.169397,0.167633,0.175504,0.175706,0.175131
1.369,0.169011,0.169538,0.167764,0.175636,0.175837,0.175262
1.370,0.169143,0.169670,0.167887,0.175777,0.175979,0.175404
1.371,0.169276,0.169804,0.168020,0.175930,0.176122,0.175546
1.372,0.169410,0.169947,0.168145,0.176074,0.176265,0.175690
1.373,0.169546,0.170073,0.168271,0.176209,0.176410,0.175825
1.374,0.169672,0.170209,0.168416,0.176345,0.176546,0.175962
1.375,0.169809,0.170346,0.168544,0.176473,0.176674,0.176089
1.376,0.169957,0.170485,0.168682,0.176611,0.176803,0.176227
1.377,0.170087,0.170624,0.168812,0.176741,0.176942,0.176357
1.378,0.170227,0.170764,0.168952,0.176881,0.177073,0.176488
1.379,0.170359,0.170896,0.169093,0.177012,0.177204,0.176619
1.380,0.170501,0.171038,0.169236,0.177155,0.177346,0.176762
1.381,0.170644,0.171191,0.169360,0.177298,0.177490,0.176895
1.382,0.170788,0.171335,0.169494,0.177442,0.177624,0.177039
1.383,0.170915,0.171461,0.169620,0.177578,0.177769,0.177175
1.384,0.171042,0.171598,0.169747,0.177714,0.177906,0.177312
1.385,0.171179,0.171726,0.169875,0.177871,0.178053,0.177459
1.386,0.171308,0.171864,0.169995,0.178019,0.178202,0.177607
1.387,0.171438,0.171994,0.170115,0.178150,0.178332,0.177737
1.388,0.171560,0.172125,0.170246,0.178290,0.178472,0.177868
1.389,0.171692,0.172248,0.170369,0.178422,0.178604,0.178000
1.390,0.171825,0.172391,0.170492,0.178555,0.178737,0.178133
1.391,0.171949,0.172515,0.170626,0.178689,0.178871,0.178267
1.392,0.172084,0.172650,0.170752,0.178815,0.178997,0.178393
1.393,0.172220,0.172786,0.170897,0.178941,0.179123,0.178519
1.394,0.172357,0.172923,0.171025,0.179078,0.179260,0.178656
1.395,0.172505,0.173071,0.171153,0.179216,0.179389,0.178785
1.396,0.172635,0.173210,0.171292,0.179336,0.179518,0.178905
1.397,0.172775,0.173340,0.171432,0.179467,0.179649,0.179035
1.398,0.172925,0.173491,0.171564,0.179608,0.179780,0.179176
1.399,0.173067,0.173633,0.171687,0.179750,0.179922,0.179318
1.400,0.173210,0.173786,0.171811,0.179893,0.180065,0.179452
1.401,0.173335,0.173911,0.171945,0.180018,0.180190,0.179586
1.402,0.173471,0.174046,0.172071,0.180163,0.180335,0.179722
1.403,0.173607,0.174182,0.172198,0.180309,0.180481,0.179868
1.404,0.173735,0.174320,0.172316,0.180446,0.180619,0.180005
1.405,0.173864,0.174449,0.172464,0.180575,0.180757,0.180134
1.406,0.174003,0.174579,0.172594,0.180705,0.180887,0.180264
1.407,0.174144,0.174719,0.172725,0.180836,0.181018,0.180395
1.408,0.174285,0.174861,0.172857,0.180968,0.181150,0.180527
1.409,0.174418,0.175003,0.172999,0.181101,0.181283,0.180660
1.410,0.174552,0.175137,0.173143,0.181234,0.181407,0.180784
1.411,0.174697,0.175272,0.173287,0.181379,0.181552,0.180928
1.412,0.174842,0.175427,0.173413,0.181515,0.181687,0.181064
1.413,0.174988,0.175573,0.173550,0.181661,0.181824,0.181201
1.414,0.175117,0.175711,0.173679,0.181799,0.181962,0.181339
1.415,0.175246,0.175840,0.173818,0.181938,0.182101,0.181478
1.416,0.175386,0.175980,0.173938,0.182088,0.182260,0.181627
1.417,0.175517,0.176112,0.174060,0.182238,0.182401,0.181778
1.418,0.175640,0.176244,0.174192,0.182380,0.182543,0.181910
1.419,0.175764,0.176377,0.174325,0.182523,0.182676,0.182043
1.420,0.175898,0.176502,0.174441,0.182657,0.182810,0.182178
1.421,0.176033,0.176637,0.174576,0.182792,0.182946,0.182313
1.422,0.176150,0.176764,0.174703,0.182929,0.183082,0.182440
1.423,0.176288,0.176901,0.174830,0.183056,0.183210,0.182567
1.424,0.176416,0.177030,0.174969,0.183185,0.183329,0.182696
1.425,0.176556,0.177169,0.175098,0.183324,0.183468,0.182826
1.426,0.176696,0.177309,0.175229,0.183455,0.183599,0.182956
1.427,0.176828,0.177451,0.175370,0.183587,0.183730,0.183079
1.428,0.176960,0.177583,0.175503,0.183719,0.183863,0.183211
1.429,0.177104,0.177727,0.175637,0.183853,0.183997,0.183345
1.430,0.177248,0.177871,0.175762,0.183997,0.184141,0.183489
1.431,0.177384,0.178016,0.175888,0.184133,0.184277,0.183615
1.432,0.177511,0.178143,0.176015,0.184270,0.184404,0.183752
1.433,0.177639,0.178281,0.176134,0.184407,0.184551,0.183890
1.434,0.177777,0.178420,0.176263,0.184556,0.184690,0.184028
1.435,0.177908,0.178550,0.176393,0.184686,0.184830,0.184159
1.436,0.178039,0.178681,0.176533,0.184817,0.184951,0.184280
1.437,0.178180,0.178813,0.176666,0.184949,0.185083,0.184412
1.438,0.178314,0.178965,0.176799,0.185082,0.185216,0.184545
1.439,0.178457,0.179100,0.176933,0.185207,0.185351,0.184670
1.440,0.178592,0.179244,0.177078,0.185332,0.185476,0.184795
1.441,0.178728,0.179380,0.177223,0.185468,0.185612,0.184931
1.442,0.178885,0.179527,0.177360,0.185615,0.185749,0.185069
1.443,0.179032,0.179684,0.177489,0.185753,0.185887,0.185207
1.444,0.179171,0.179823,0.177618,0.185892,0.186036,0.185346
1.445,0.179302,0.179964,0.177759,0.186023,0.186167,0.185476
1.446,0.179434,0.180095,0.177880,0.186174,0.186317,0.185627
1.447,0.179576,0.180237,0.178013,0.186335,0.186469,0.185779
1.448,0.179709,0.180371,0.178127,0.186478,0.186612,0.185922
1.449,0.179834,0.180505,0.178262,0.186613,0.186747,0.186056
1.450,0.179960,0.180631,0.178388,0.186748,0.186882,0.186182
1.451,0.180097,0.180768,0.178515,0.186884,0.187028,0.186328
1.452,0.180215,0.180896,0.178643,0.187022,0.187156,0.186456
1.453,0.180354,0.181025,0.178781,0.187161,0.187295,0.186585
1.454,0.180483,0.181164,0.178921,0.187291,0.187415,0.186715
1.455,0.180624,0.181295,0.179042,0.187431,0.187556,0.186856
1.456,0.180766,0.181437,0.179174,0.187563,0.187688,0.186978
1.457,0.180889,0.181579,0.179307,0.187696,0.187821,0.187111
1.458,0.181023,0.181713,0.179450,0.187830,0.187954,0.187235
1.459,0.181167,0.181858,0.179576,0.187965,0.188089,0.187380
1.460,0.181313,0.181994,0.179693,0.188110,0.188235,0.187516
1.461,0.181440,0.182131,0.179820,0.188247,0.188372,0.187643
1.462,0.181569,0.182268,0.179948,0.188385,0.188510,0.187781
1.463,0.181688,0.182398,0.180068,0.188524,0.188649,0.187920
1.464,0.181828,0.182528,0.180179,0.188674,0.188789,0.188060
1.465,0.181950,0.182659,0.180320,0.188805,0.188930,0.188191
1.466,0.182073,0.182782,0.180453,0.188937,0.189052,0.188314
1.467,0.182216,0.182916,0.180576,0.189061,0.189176,0.188438
1.468,0.182360,0.183060,0.180711,0.189186,0.189310,0.188572
1.469,0.182495,0.183195,0.180846,0.189312,0.189436,0.188689
1.470,0.182631,0.183341,0.180992,0.189438,0.189563,0.188815
1.471,0.182769,0.183469,0.181129,0.189576,0.189700,0.188953
1.472,0.182926,0.183626,0.181258,0.189714,0.189839,0.189081
1.473,0.183066,0.183775,0.181388,0.189844,0.189978,0.189221
1.474,0.183196,0.183915,0.181519,0.189984,0.190109,0.189351
1.475,0.183338,0.184047,0.181660,0.190116,0.190250,0.189483
1.476,0.183470,0.184180,0.181783,0.190268,0.190402,0.189645
1.477,0.183614,0.184323,0.181907,0.190411,0.190546,0.189788
1.478,0.183749,0.184468,0.182042,0.190546,0.190680,0.189913
1.479,0.183865,0.184594,0.182178,0.190682,0.190826,0.190049
1.480,0.184012,0.184721,0.182295,0.190819,0.190953,0.190186
1.481,0.184140,0.184868,0.182424,0.190956,0.191100,0.190324
1.482,0.184269,0.184988,0.182562,0.191086,0.191239,0.190453
1.483,0.184399,0.185128,0.182702,0.191216,0.191359,0.190583
1.484,0.184540,0.185268,0.182833,0.191347,0.191500,0.190714
1.485,0.184682,0.185401,0.182965,0.191489,0.191642,0.190846
1.486,0.184815,0.185553,0.183099,0.191612,0.191766,0.190979
1.487,0.184949,0.185678,0.183242,0.191746,0.191900,0.191114
1.488,0.185094,0.185813,0.183368,0.191882,0.192045,0.191249
1.489,0.185230,0.185968,0.183495,0.192027,0.192190,0.191385
1.490,0.185367,0.186105,0.183613,0.192164,0.192328,0.191522
1.491,0.185486,0.186234,0.183741,0.192293,0.192466,0.191651
1.492,0.185616,0.186363,0.183861,0.192432,0.192605,0.191800
1.493,0.185746,0.186494,0.183982,0.192582,0.192745,0.191940
1.494,0.185868,0.186626,0.184114,0.192723,0.192896,0.192071
1.495,0.185991,0.186749,0.184246,0.192846,0.193019,0.192194
1.496,0.186134,0.186882,0.184370,0.192980,0.193143,0.192318
1.497,0.186259,0.187026,0.184505,0.193105,0.193277,0.192453
1.498,0.186395,0.187152,0.184631,0.193231,0.193403,0.192579
1.499,0.186532,0.187299,0.184777,0.193358,0.193530,0.192696
1.500,0.186669,0.187427,0.184915,0.193486,0.193668,0.192834
1.501,0.186817,0.187575,0.185044,0.193624,0.193807,0.192963
1.502,0.186965,0.187723,0.185173,0.193763,0.193936,0.193101
1.503,0.187095,0.187862,0.185292,0.193892,0.194074,0.193230
1.504,0.187224,0.188000,0.185431,0.194021,0.194203,0.193359
1.505,0.187353,0.188129,0.185550,0.194169,0.194351,0.193508
1.506,0.187482,0.188268,0.185660,0.194317,0.194490,0.193646
1.507,0.187611,0.188397,0.185789,0.194437,0.194619,0.193766
1.508,0.187730,0.188516,0.185908,0.194566,0.194748,0.193895
1.509,0.187859,0.188635,0.186028,0.194685,0.194877,0.194014
1.510,0.187978,0.188774,0.186147,0.194814,0.195006,0.194143
1.511,0.188098,0.188884,0.186267,0.194934,0.195125,0.194262
1.512,0.188227,0.189013,0.186396,0.195053,0.195245,0.194372
1.513,0.188356,0.189132,0.186515,0.195172,0.195364,0.194501
1.514,0.188485,0.189271,0.186634,0.195292,0.195493,0.194621
1.515,0.188604,0.189400,0.186763,0.195402,0.195603,0.194731
1.516,0.188724,0.189510,0.186892,0.195521,0.195722,0.194850
1.517,0.188853,0.189639,0.187002,0.195650,0.195851,0.194969
1.518,0.188982,0.189768,0.187102,0.195779,0.195980,0.195098
1.519,0.189091,0.189897,0.187212,0.195889,0.196100,0.195208
1.520,0.189201,0.190007,0.187322,0.196008,0.196219,0.195328
1.521,0.189311,0.190107,0.187422,0.196128,0.196348,0.195457
1.522,0.189421,0.190226,0.187523,0.196257,0.196468,0.195576
1.523,0.189521,0.190326,0.187632,0.196367,0.196587,0.195686
1.524,0.189631,0.190436,0.187742,0.196467,0.196697,0.195786
1.525,0.189741,0.190546,0.187852,0.196577,0.196797,0.195886
1.526,0.189851,0.190656,0.187952,0.196687,0.196907,0.195996
1.527,0.189960,0.190766,0.188062,0.196777,0.197007,0.196096
1.528,0.190061,0.190876,0.188182,0.196877,0.197107,0.196197
1.529,0.190180,0.190985,0.188291,0.196997,0.197227,0.196307
1.530,0.190309,0.191114,0.188382,0.197097,0.197327,0.196416
1.531,0.190409,0.191234,0.188482,0.197207,0.197437,0.196516
1.532,0.190510,0.191334,0.188583,0.197307,0.197537,0.196617
1.533,0.190610,0.191434,0.188683,0.197417,0.197657,0.196736
1.534,0.190720,0.191544,0.188764,0.197536,0.197776,0.196846
1.535,0.190810,0.191644,0.188864,0.197637,0.197886,0.196946
1.536,0.190901,0.191745,0.188955,0.197737,0.197976,0.197046
1.537,0.191001,0.191835,0.189045,0.197827,0.198077,0.197137
1.538,0.191092,0.191936,0.189136,0.197937,0.198177,0.197247
1.539,0.191183,0.192026,0.189227,0.198028,0.198277,0.197338
1.540,0.191283,0.192126,0.189336,0.198119,0.198368,0.197419
1.541,0.191383,0.192227,0.189427,0.198209,0.198459,0.197509
1.542,0.191483,0.192327,0.189518,0.198309,0.198559,0.197600
1.543,0.191574,0.192427,0.189608,0.198391,0.198640,0.197691
1.544,0.191664,0.192518,0.189709,0.198481,0.198730,0.197781
1.545,0.191765,0.192618,0.189799,0.198572,0.198821,0.197872
1.546,0.191865,0.192728,0.189871,0.198672,0.198921,0.197972
1.547,0.191956,0.192819,0.189952,0.198763,0.199022,0.198053
1.548,0.192037,0.192909,0.190033,0.198853,0.199103,0.198144
1.549,0.192118,0.192990,0.190104,0.198944,0.199203,0.198244
1.550,0.192199,0.193071,0.190176,0.199044,0.199303,0.198335
1.551,0.192270,0.193152,0.190267,0.199135,0.199394,0.198425
1.552,0.192351,0.193224,0.190348,0.199206,0.199475,0.198497
1.553,0.192442,0.193314,0.190429,0.199278,0.199546,0.198568
1.554,0.192523,0.193396,0.190500,0.199359,0.199637,0.198649
1.555,0.192604,0.193477,0.190591,0.199440,0.199708,0.198721
1.556,0.192676,0.193558,0.190682,0.199502,0.199780,0.198792
1.557,0.192776,0.193639,0.190753,0.199593,0.199871,0.198883
1.558,0.192867,0.193739,0.190824,0.199674,0.199952,0.198955
1.559,0.192938,0.193830,0.190896,0.199745,0.200033,0.199036
1.560,0.193009,0.193901,0.190967,0.199817,0.200104,0.199107
1.561,0.193091,0.193973,0.191039,0.199907,0.200195,0.199198
1.562,0.193162,0.194054,0.191091,0.199998,0.200285,0.199288
1.563,0.193234,0.194135,0.191163,0.200069,0.200357,0.199350
1.564,0.193295,0.194197,0.191234,0.200141,0.200428,0.199422
1.565,0.193367,0.194268,0.191286,0.200203,0.200500,0.199493
1.566,0.193438,0.194349,0.191358,0.200284,0.200581,0.199565
1.567,0.193500,0.194401,0.191429,0.200346,0.200643,0.199627
1.568,0.193572,0.194473,0.191501,0.200398,0.200705,0.199688
1.569,0.193643,0.194554,0.191563,0.200469,0.200776,0.199760
1.570,0.193724,0.194625,0.191625,0.200531,0.200838,0.199812
1.571,0.193786,0.194707,0.191706,0.200584,0.200900,0.199874
1.572,0.193858,0.194768,0.191768,0.200645,0.200962,0.199936
1.573,0.193939,0.194850,0.191829,0.200717,0.201033,0.200008
1.574,0.194010,0.194921,0.191882,0.200788,0.201105,0.200079
1.575,0.194063,0.194992,0.191934,0.200841,0.201167,0.200131
1.576,0.194124,0.195054,0.191986,0.200912,0.201229,0.200203
1.577,0.194177,0.195107,0.192039,0.200984,0.201310,0.200274
1.578,0.194238,0.195169,0.192091,0.201046,0.201372,0.200336
1.579,0.194281,0.195221,0.192153,0.201098,0.201433,0.200388
1.580,0.194353,0.195273,0.192215,0.201150,0.201476,0.200431
1.581,0.194405,0.195345,0.192267,0.201203,0.201538,0.200483
1.582,0.194467,0.195407,0.192319,0.201245,0.201581,0.200536
1.583,0.194519,0.195468,0.192391,0.201288,0.201633,0.200578
1.584,0.194581,0.195521,0.192453,0.201350,0.201685,0.200640
1.585,0.194653,0.195592,0.192495,0.201402,0.201747,0.200693
1.586,0.194715,0.195664,0.192548,0.201464,0.201800,0.200745
1.587,0.194767,0.195716,0.192600,0.201516,0.201862,0.200797
1.588,0.194819,0.195768,0.192643,0.201569,0.201914,0.200859
1.589,0.194871,0.195821,0.192686,0.201640,0.201985,0.200931
1.590,0.194914,0.195873,0.192728,0.201702,0.202047,0.200973
1.591,0.194957,0.195916,0.192771,0.201745,0.202090,0.201026
1.592,0.195000,0.195958,0.192804,0.201787,0.202142,0.201068
1.593,0.195052,0.196011,0.192847,0.201840,0.202185,0.201121
1.594,0.195085,0.196053,0.192899,0.201882,0.202237,0.201154
1.595,0.195128,0.196096,0.192942,0.201925,0.202270,0.201187
1.596,0.195180,0.196139,0.192984,0.201968,0.202313,0.201230
1.597,0.195232,0.196191,0.193027,0.202011,0.202356,0.201272
1.598,0.195275,0.196243,0.193080,0.202044,0.202389,0.201305
1.599,0.195318,0.196286,0.193132,0.202077,0.202432,0.201339
1.600,0.195380,0.196338,0.193165,0.202129,0.202474,0.201381
1.601,0.195432,0.196391,0.193189,0.202172,0.202517,0.201434
1.602,0.195465,0.196443,0.193222,0.202205,0.202560,0.201467
1.603,0.195498,0.196476,0.193255,0.202248,0.202602,0.201509
1.604,0.195531,0.196509,0.193278,0.202300,0.202645,0.201552
1.605,0.195574,0.196552,0.193321,0.202343,0.202697,0.201595
1.606,0.195598,0.196585,0.193354,0.202376,0.202731,0.201618
1.607,0.195640,0.196618,0.193397,0.202399,0.202754,0.201642
1.608,0.195683,0.196671,0.193430,0.202432,0.202787,0.201675
1.609,0.195726,0.196713,0.193463,0.202456,0.202811,0.201699
1.610,0.195759,0.196756,0.193525,0.202480,0.202834,0.201722
1.611,0.195802,0.196789,0.193558,0.202513,0.202868,0.201755
1.612,0.195863,0.196841,0.193591,0.202546,0.202910,0.201788
1.613,0.195906,0.196894,0.193624,0.202579,0.202943,0.201822
1.614,0.195939,0.196936,0.193657,0.202603,0.202967,0.201845
1.615,0.195972,0.196969,0.193681,0.202645,0.203010,0.201897
1.616,0.196015,0.197012,0.193705,0.202698,0.203062,0.201940
1.617,0.196039,0.197045,0.193738,0.202731,0.203095,0.201964
1.618,0.196062,0.197078,0.193761,0.202754,0.203119,0.201987
1.619,0.196095,0.197102,0.193775,0.202778,0.203152,0.202020
1.620,0.196119,0.197135,0.193808,0.202811,0.203185,0.202044
1.621,0.196142,0.197159,0.193841,0.202834,0.203208,0.202067
1.622,0.196176,0.197192,0.193875,0.202848,0.203222,0.202081
1.623,0.196209,0.197225,0.193889,0.202881,0.203246,0.202105
1.624,0.196242,0.197258,0.193922,0.202895,0.203269,0.202119
1.625,0.196265,0.197291,0.193955,0.202919,0.203283,0.202142
1.626,0.196289,0.197315,0.193978,0.202943,0.203316,0.202166
1.627,0.196332,0.197348,0.193992,0.202966,0.203340,0.202189
1.628,0.196355,0.197381,0.194006,0.202999,0.203373,0.202223
1.629,0.196369,0.197405,0.194020,0.203013,0.203387,0.202237
1.630,0.196383,0.197428,0.194025,0.203046,0.203411,0.202260
1.631,0.196407,0.197442,0.194038,0.203070,0.203444,0.202293
1.632,0.196421,0.197456,0.194052,0.203093,0.203467,0.202307
1.633,0.196425,0.197470,0.194076,0.203107,0.203481,0.202312
1.634,0.196448,0.197484,0.194090,0.203112,0.203486,0.202316
1.635,0.196472,0.197517,0.194104,0.203126,0.203499,0.202330
1.636,0.196495,0.197531,0.194137,0.203130,0.203504,0.202325
1.637,0.196509,0.197554,0.194160,0.203134,0.203499,0.202339
1.638,0.196543,0.197578,0.194174,0.203148,0.203522,0.202353
1.639,0.196585,0.197621,0.194188,0.203162,0.203536,0.202357
1.640,0.196599,0.197654,0.194202,0.203176,0.203550,0.202371
1.641,0.196623,0.197668,0.194216,0.203181,0.203554,0.202385
1.642,0.196637,0.197682,0.194221,0.203214,0.203588,0.202418
1.643,0.196660,0.197715,0.194235,0.203237,0.203611,0.202432
1.644,0.196674,0.197729,0.194249,0.203242,0.203625,0.202436
1.645,0.196679,0.197743,0.194253,0.203246,0.203630,0.202441
1.646,0.196702,0.197757,0.194257,0.203260,0.203643,0.202464
1.647,0.196716,0.197780,0.194281,0.203274,0.203657,0.202469
1.648,0.196730,0.197785,0.194295,0.203269,0.203662,0.202463
1.649,0.196744,0.197799,0.194309,0.203273,0.203656,0.202468
1.650,0.196768,0.197822,0.194323,0.203277,0.203670,0.202472
1.651,0.196791,0.197846,0.194346,0.203272,0.203675,0.202476
1.652,0.196805,0.197869,0.194370,0.203276,0.203679,0.202481
1.653,0.196829,0.197883,0.194374,0.203290,0.203693,0.202495
1.654,0.196852,0.197916,0.194369,0.203304,0.203707,0.202509
1.655,0.196866,0.197940,0.194373,0.203309,0.203712,0.202513
1.656,0.196870,0.197944,0.194378,0.203323,0.203725,0.202527
1.657,0.196875,0.197949,0.194373,0.203337,0.203739,0.202541
1.658,0.196879,0.197963,0.194377,0.203351,0.203753,0.202545
1.659,0.196874,0.197967,0.194391,0.203355,0.203758,0.202540
1.660,0.196888,0.197962,0.194395,0.203350,0.203752,0.202535
1.661,0.196892,0.197976,0.194390,0.203345,0.203757,0.202539
1.662,0.196906,0.197980,0.194404,0.203349,0.203752,0.202534
1.663,0.196911,0.197994,0.194427,0.203334,0.203746,0.202519
1.664,0.196925,0.197998,0.194432,0.203338,0.203741,0.202524
1.665,0.196948,0.198022,0.194436,0.203343,0.203746,0.202528
1.666,0.196962,0.198045,0.194431,0.203347,0.203750,0.202523
1.667,0.196966,0.198050,0.194445,0.203342,0.203745,0.202527
1.668,0.196961,0.198064,0.194440,0.203356,0.203759,0.202541
1.669,0.196975,0.198068,0.194425,0.203370,0.203773,0.202545
1.670,0.196979,0.198082,0.194429,0.203365,0.203777,0.202540
1.671,0.196974,0.198077,0.194424,0.203369,0.203772,0.202535
1.672,0.196979,0.198072,0.194419,0.203364,0.203766,0.202539
1.673,0.196983,0.198086,0.194423,0.203368,0.203771,0.202534
1.674,0.196978,0.198080,0.194427,0.203353,0.203756,0.202519
1.675,0.196982,0.198085,0.194432,0.203339,0.203741,0.202505
1.676,0.196996,0.198099,0.194436,0.203343,0.203746,0.202509
1.677,0.197010,0.198113,0.194441,0.203328,0.203731,0.202494
1.678,0.197014,0.198126,0.194455,0.203323,0.203726,0.202489
1.679,0.197028,0.198131,0.194459,0.203318,0.203730,0.202484
1.680,0.197042,0.198145,0.194444,0.203322,0.203725,0.202488
1.681,0.197056,0.198168,0.194439,0.203326,0.203729,0.202483
1.682,0.197051,0.198173,0.194443,0.203321,0.203724,0.202487
1.683,0.197055,0.198168,0.194428,0.203326,0.203738,0.202491
1.684,0.197050,0.198172,0.194423,0.203330,0.203742,0.202496
1.685,0.197045,0.198176,0.194428,0.203325,0.203737,0.202481
1.686,0.197049,0.198171,0.194422,0.203310,0.203732,0.202466
1.687,0.197054,0.198166,0.194427,0.203305,0.203717,0.202461
1.688,0.197058,0.198180,0.194422,0.203290,0.203712,0.202446
1.689,0.197062,0.198184,0.194445,0.203275,0.203697,0.202431
1.690,0.197067,0.198188,0.194449,0.203270,0.203692,0.202436
1.691,0.197081,0.198193,0.194444,0.203265,0.203687,0.202421
1.692,0.197095,0.198216,0.194439,0.203259,0.203681,0.202425
1.693,0.197089,0.198221,0.194443,0.203254,0.203676,0.202410
1.694,0.197094,0.198225,0.194428,0.203259,0.203680,0.202424
1.695,0.197098,0.198220,0.194414,0.203273,0.203694,0.202429
1.696,0.197093,0.198234,0.194408,0.203267,0.203689,0.202414
1.697,0.197078,0.198229,0.194403,0.203262,0.203684,0.202409
1.698,0.197073,0.198214,0.194388,0.203247,0.203679,0.202404
1.699,0.197077,0.198218,0.194383,0.203242,0.203673,0.202398
1.700,0.197063,0.198213,0.194388,0.203237,0.203659,0.202384
1.701,0.197057,0.198208,0.194382,0.203212,0.203644,0.202369
1.702,0.197062,0.198203,0.194377,0.203207,0.203639,0.202363
1.703,0.197066,0.198207,0.194382,0.203192,0.203624,0.202339
1.704,0.197061,0.198221,0.194386,0.203187,0.203609,0.202334
1.705,0.197065,0.198216,0.194381,0.203182,0.203604,0.202329
1.706,0.197079,0.198220,0.194356,0.203177,0.203599,0.202323
1.707,0.197083,0.198234,0.194341,0.203172,0.203593,0.202309
1.708,0.197069,0.198238,0.194336,0.203166,0.203579,0.202303
1.709,0.197063,0.198224,0.194312,0.203161,0.203583,0.202308
1.710,0.197058,0.198218,0.194297,0.203165,0.203587,0.202303
1.711,0.197043,0.198213,0.194301,0.203151,0.203572,0.202288
1.712,0.197029,0.198198,0.194287,0.203136,0.203558,0.202273
1.713,0.197043,0.198193,0.194281,0.203121,0.203543,0.202258
1.714,0.197037,0.198197,0.194276,0.203106,0.203528,0.202234
1.715,0.197032,0.198202,0.194290,0.203082,0.203504,0.202209
1.716,0.197036,0.198197,0.194294,0.203067,0.203489,0.202214
1.717,0.197050,0.198201,0.194280,0.203062,0.203484,0.202199
1.718,0.197064,0.198224,0.194274,0.203057,0.203478,0.202194
1.719,0.197059,0.198229,0.194269,0.203042,0.203464,0.202179
1.720,0.197064,0.198233,0.194264,0.203036,0.203468,0.202183
1.721,0.197068,0.198228,0.194249,0.203041,0.203472,0.202188
1.722,0.197063,0.198232,0.194234,0.203036,0.203477,0.202182
1.723,0.197048,0.198227,0.194229,0.203030,0.203462,0.202177
1.724,0.197043,0.198222,0.194214,0.203016,0.203457,0.202162
1.725,0.197047,0.198217,0.194209,0.203010,0.203451,0.202157
1.726,0.197032,0.198221,0.194204,0.202996,0.203437,0.202142
1.727,0.197027,0.198206,0.194208,0.202981,0.203422,0.202127
1.728,0.197031,0.198211,0.194193,0.202976,0.203416,0.202122
1.729,0.197036,0.198205,0.194198,0.202951,0.203402,0.202098
1.730,0.197030,0.198219,0.194202,0.202936,0.203387,0.202093
1.731,0.197035,0.198214,0.194197,0.202931,0.203382,0.202087
1.732,0.197039,0.198218,0.194182,0.202935,0.203376,0.202082
1.733,0.197044,0.198223,0.194167,0.202930,0.203381,0.202077
1.734,0.197029,0.198227,0.194153,0.202915,0.203366,0.202072
1.735,0.197014,0.198222,0.194128,0.202920,0.203370,0.202076
1.736,0.197009,0.198207,0.194113,0.202924,0.203365,0.202071
1.737,0.196994,0.198202,0.194108,0.202909,0.203360,0.202056
1.738,0.196969,0.198187,0.194103,0.202895,0.203345,0.202041
1.739,0.196974,0.198172,0.194088,0.202880,0.203321,0.202026
1.740,0.196969,0.198177,0.194083,0.202865,0.203306,0.202002
1.741,0.196963,0.198171,0.194087,0.202850,0.203291,0.201978
1.742,0.196958,0.198166,0.194082,0.202835,0.203276,0.201972
1.743,0.196963,0.198161,0.194077,0.202830,0.203271,0.201967
1.744,0.196977,0.198175,0.194062,0.202825,0.203256,0.201952
1.745,0.196962,0.198189,0.194057,0.202810,0.203241,0.201938
1.746,0.196966,0.198184,0.194042,0.202814,0.203236,0.201942
1.747,0.196961,0.198178,0.194027,0.202819,0.203250,0.201946
1.748,0.196956,0.198173,0.194012,0.202814,0.203245,0.201931
1.749,0.196941,0.198178,0.194007,0.202799,0.203230,0.201926
1.750,0.196936,0.198163,0.193992,0.202794,0.203225,0.201921
1.751,0.196930,0.198158,0.193987,0.202788,0.203210,0.201906
1.752,0.196925,0.198152,0.193982,0.202774,0.203195,0.201891
1.753,0.196920,0.198147,0.193977,0.202749,0.203181,0.201877
1.754,0.196924,0.198152,0.193971,0.202744,0.203175,0.201862
1.755,0.196929,0.198156,0.193976,0.202729,0.203160,0.201847
1.756,0.196933,0.198160,0.193980,0.202724,0.203146,0.201842
1.757,0.196937,0.198165,0.193975,0.202719,0.203140,0.201837
1.758,0.196942,0.198169,0.193960,0.202713,0.203135,0.201841
1.759,0.196956,0.198183,0.193955,0.202718,0.203140,0.201836
1.760,0.196950,0.198187,0.193940,0.202713,0.203134,0.201830
1.761,0.196936,0.198182,0.193925,0.202717,0.203139,0.201835
1.762,0.196930,0.198177,0.193910,0.202721,0.203143,0.201839
1.763,0.196925,0.198181,0.193915,0.202716,0.203147,0.201834
1.764,0.196910,0.198166,0.193900,0.202701,0.203133,0.201819
1.765,0.196915,0.198161,0.193895,0.202686,0.203118,0.201804
1.766,0.196910,0.198166,0.193890,0.202672,0.203113,0.201799
1.767,0.196914,0.198160,0.193904,0.202657,0.203098,0.201775
1.768,0.196909,0.198165,0.193908,0.202652,0.203083,0.201779
1.769,0.196913,0.198159,0.193893,0.202656,0.203087,0.201774
1.770,0.196927,0.198173,0.193897,0.202651,0.203082,0.201769
1.771,0.196931,0.198187,0.193892,0.202646,0.203077,0.201763
1.772,0.196926,0.198182,0.193877,0.202650,0.203072,0.201768
1.773,0.196921,0.198187,0.193863,0.202654,0.203086,0.201782
1.774,0.196925,0.198191,0.193857,0.202659,0.203090,0.201767
1.775,0.196911,0.198186,0.193843,0.202653,0.203085,0.201762
1.776,0.196905,0.198180,0.193828,0.202658,0.203080,0.201766
1.777,0.196900,0.198175,0.193823,0.202652,0.203084,0.201761
1.778,0.196895,0.198170,0.193827,0.202647,0.203069,0.201746
1.779,0.196880,0.198165,0.193822,0.202632,0.203054,0.201731
1.780,0.196884,0.198159,0.193816,0.202627,0.203049,0.201726
1.781,0.196889,0.198164,0.193821,0.202622,0.203044,0.201721
1.782,0.196893,0.198168,0.193825,0.202617,0.203029,0.201706
1.783,0.196888,0.198173,0.193820,0.202612,0.203024,0.201710
1.784,0.196902,0.198177,0.193805,0.202616,0.203028,0.201705
1.785,0.196906,0.198191,0.193800,0.202620,0.203033,0.201710
1.786,0.196911,0.198195,0.193785,0.202615,0.203018,0.201704
1.787,0.196896,0.198190,0.193770,0.202620,0.203032,0.201718
1.788,0.196891,0.198185,0.193755,0.202633,0.203036,0.201713
1.789,0.196885,0.198189,0.193760,0.202628,0.203031,0.201708
1.790,0.196880,0.198184,0.193755,0.202623,0.203026,0.201703
1.791,0.196885,0.198169,0.193759,0.202608,0.203011,0.201688
1.792,0.196889,0.198174,0.193754,0.202603,0.203006,0.201683
1.793,0.196884,0.198178,0.193768,0.202588,0.202991,0.201668
1.794,0.196888,0.198182,0.193782,0.202583,0.202986,0.201672
1.795,0.196902,0.198187,0.193777,0.202587,0.202990,0.201667
1.796,0.196916,0.198201,0.193771,0.202582,0.202985,0.201671
1.797,0.196930,0.198224,0.193776,0.202577,0.202989,0.201666
1.798,0.196934,0.198229,0.193770,0.202581,0.202993,0.201680
1.799,0.196939,0.198233,0.193756,0.202605,0.203007,0.201694
1.800,0.196943,0.198237,0.193750,0.202609,0.203021,0.201689
1.801,0.196938,0.198251,0.193755,0.202604,0.203026,0.201693
1.802,0.196933,0.198246,0.193750,0.202608,0.203021,0.201697
1.803,0.196937,0.198241,0.193744,0.202613,0.203025,0.201692
1.804,0.196941,0.198255,0.193749,0.202598,0.203029,0.201687
1.805,0.196936,0.198249,0.193753,0.202593,0.203024,0.201682
1.806,0.196940,0.198254,0.193757,0.202597,0.203019,0.201686
1.807,0.196954,0.198258,0.193762,0.202592,0.203023,0.201681
1.808,0.196959,0.198272,0.193776,0.202587,0.203018,0.201676
1.809,0.196963,0.198277,0.193780,0.202591,0.203013,0.201690
1.810,0.196977,0.198291,0.193775,0.202595,0.203027,0.201694
1.811,0.196991,0.198304,0.193770,0.202609,0.203031,0.201698
1.812,0.196995,0.198318,0.193764,0.202614,0.203035,0.201703
1.813,0.196990,0.198323,0.193750,0.202627,0.203049,0.201717
1.814,0.196985,0.198327,0.193744,0.202641,0.203063,0.201731
1.815,0.196989,0.198322,0.193749,0.202646,0.203068,0.201725
1.816,0.196984,0.198326,0.193744,0.202641,0.203063,0.201720
1.817,0.196979,0.198321,0.193748,0.202635,0.203057,0.201715
1.818,0.196993,0.198316,0.193743,0.202640,0.203062,0.201710
1.819,0.196997,0.198330,0.193766,0.202635,0.203047,0.201705
1.820,0.197001,0.198334,0.193780,0.202629,0.203042,0.201699
1.821,0.197006,0.198339,0.193775,0.202634,0.203056,0.201713
1.822,0.197029,0.198353,0.193779,0.202638,0.203050,0.201708
1.823,0.197043,0.198376,0.193784,0.202652,0.203064,0.201712
1.824,0.197048,0.198390,0.193788,0.202656,0.203059,0.201726
1.825,0.197052,0.198404,0.193783,0.202670,0.203083,0.201740
1.826,0.197066,0.198408,0.193778,0.202694,0.203097,0.201754
1.827,0.197070,0.198422,0.193782,0.202689,0.203101,0.201759
1.828,0.197075,0.198427,0.193777,0.202703,0.203105,0.201763
1.829,0.197079,0.198431,0.193781,0.202707,0.203119,0.201767
1.830,0.197083,0.198435,0.193795,0.202711,0.203124,0.201762
1.831,0.197088,0.198440,0.193799,0.202706,0.203118,0.201767
1.832,0.197092,0.198444,0.193813,0.202710,0.203123,0.201771
1.833,0.197106,0.198458,0.193818,0.202715,0.203127,0.201766
1.834,0.197130,0.198472,0.193841,0.202719,0.203131,0.201770
1.835,0.197134,0.198496,0.193855,0.202724,0.203136,0.201784
1.836,0.197158,0.198500,0.193850,0.202737,0.203150,0.201788
1.837,0.197181,0.198523,0.193854,0.202751,0.203164,0.201802
1.838,0.197195,0.198547,0.193859,0.202756,0.203178,0.201816
1.839,0.197199,0.198561,0.193854,0.202770,0.203182,0.201830
1.840,0.197204,0.198565,0.193848,0.202793,0.203206,0.201844
1.841,0.197208,0.198570,0.193853,0.202807,0.203229,0.201858
1.842,0.197213,0.198584,0.193867,0.202802,0.203233,0.201862
1.843,0.197207,0.198578,0.193871,0.202806,0.203238,0.201857
1.844,0.197231,0.198583,0.193875,0.202811,0.203242,0.201862
1.845,0.197235,0.198606,0.193899,0.202815,0.203237,0.201866
1.846,0.197249,0.198620,0.193913,0.202810,0.203241,0.201861
1.847,0.197263,0.198634,0.193927,0.202824,0.203246,0.201875
1.848,0.197287,0.198638,0.193941,0.202828,0.203260,0.201879
1.849,0.197310,0.198672,0.193945,0.202842,0.203274,0.201893
1.850,0.197315,0.198695,0.193949,0.202847,0.203278,0.201907
1.851,0.197329,0.198709,0.193954,0.202870,0.203301,0.201930
1.852,0.197342,0.198723,0.193958,0.202894,0.203325,0.201944
1.853,0.197356,0.198737,0.193962,0.202908,0.203339,0.201949
1.854,0.197361,0.198751,0.193967,0.202912,0.203343,0.201963
1.855,0.197365,0.198755,0.193971,0.202926,0.203357,0.201977
1.856,0.197379,0.198769,0.193985,0.202940,0.203371,0.201981
1.857,0.197384,0.198783,0.193999,0.202944,0.203376,0.201976
1.858,0.197398,0.198788,0.194013,0.202939,0.203370,0.201990
1.859,0.197411,0.198802,0.194027,0.202953,0.203384,0.201994
1.860,0.197435,0.198825,0.194051,0.202957,0.203389,0.201999
1.861,0.197449,0.198839,0.194065,0.202971,0.203393,0.202003
1.862,0.197472,0.198863,0.194079,0.202985,0.203407,0.202017
1.863,0.197496,0.198877,0.194083,0.202999,0.203421,0.202031
1.864,0.197520,0.198910,0.194087,0.203013,0.203445,0.202045
1.865,0.197524,0.198933,0.194092,0.203027,0.203449,0.202059
1.866,0.197538,0.198947,0.194086,0.203051,0.203472,0.202082
1.867,0.197542,0.198952,0.194100,0.203074,0.203496,0.202096
1.868,0.197556,0.198966,0.194114,0.203078,0.203510,0.202101
1.869,0.197561,0.198970,0.194128,0.203083,0.203514,0.202105
1.870,0.197575,0.198974,0.194133,0.203087,0.203519,0.202119
1.871,0.197588,0.198998,0.194156,0.203092,0.203523,0.202114
1.872,0.197612,0.199012,0.194180,0.203096,0.203527,0.202118
1.873,0.197626,0.199026,0.194203,0.203100,0.203532,0.202132
1.874,0.197649,0.199049,0.194208,0.203114,0.203555,0.202146
1.875,0.197683,0.199073,0.194222,0.203128,0.203569,0.202160
1.876,0.197706,0.199106,0.194245,0.203142,0.203583,0.202174
1.877,0.197720,0.199129,0.194249,0.203156,0.203597,0.202197
1.878,0.197734,0.199153,0.194254,0.203180,0.203621,0.202221
1.879,0.197758,0.199167,0.194268,0.203203,0.203644,0.202235
1.880,0.197772,0.199191,0.194282,0.203208,0.203658,0.202249
1.881,0.197776,0.199204,0.194286,0.203222,0.203672,0.202263
1.882,0.197799,0.199209,0.194300,0.203235,0.203686,0.202267
1.883,0.197804,0.199232,0.194324,0.203240,0.203700,0.202271
1.884,0.197818,0.199246,0.194338,0.203244,0.203704,0.202276
1.885,0.197841,0.199260,0.194352,0.203258,0.203709,0.202290
1.886,0.197855,0.199274,0.194375,0.203263,0.203723,0.202294
1.887,0.197888,0.199298,0.194408,0.203267,0.203727,0.202308
1.888,0.197902,0.199331,0.194422,0.203281,0.203741,0.202322
1.889,0.197926,0.199345,0.194436,0.203295,0.203755,0.202336
1.890,0.197959,0.199378,0.194440,0.203318,0.203769,0.202350
1.891,0.197973,0.199402,0.194454,0.203323,0.203783,0.202364
1.892,0.197987,0.199425,0.194459,0.203346,0.203797,0.202388
1.893,0.198001,0.199439,0.194463,0.203370,0.203820,0.202411
1.894,0.198015,0.199453,0.194487,0.203384,0.203844,0.202425
1.895,0.198019,0.199467,0.194501,0.203388,0.203848,0.202429
1.896,0.198033,0.199481,0.194515,0.203392,0.203853,0.202434
1.897,0.198057,0.199495,0.194529,0.203406,0.203857,0.202438
1.898,0.198071,0.199518,0.194562,0.203411,0.203861,0.202433
1.899,0.198094,0.199532,0.194595,0.203406,0.203866,0.202447
1.900,0.198118,0.199556,0.194609,0.203429,0.203880,0.202461
1.901,0.198151,0.199579,0.194623,0.203434,0.203884,0.202475
1.902,0.198184,0.199613,0.194646,0.203457,0.203898,0.202479
1.903,0.198198,0.199646,0.194660,0.203461,0.203912,0.202503
1.904,0.198221,0.199669,0.194674,0.203494,0.203936,0.202526
1.905,0.198245,0.199693,0.194679,0.203518,0.203959,0.202550
1.906,0.198259,0.199716,0.194702,0.203522,0.203973,0.202554
1.907,0.198273,0.199730,0.194716,0.203536,0.203987,0.202568
1.908,0.198287,0.199744,0.194730,0.203560,0.204001,0.202582
1.909,0.198310,0.199768,0.194754,0.203564,0.204015,0.202596
1.910,0.198324,0.199791,0.194777,0.203569,0.204029,0.202600
1.911,0.198348,0.199805,0.194801,0.203583,0.204033,0.202614
1.912,0.198371,0.199819,0.194824,0.203597,0.204047,0.202619
1.913,0.198395,0.199852,0.194848,0.203601,0.204052,0.202633
1.914,0.198428,0.199876,0.194881,0.203605,0.204066,0.202647
1.915,0.198452,0.199909,0.194895,0.203629,0.204079,0.202661
1.916,0.198485,0.199932,0.194909,0.203643,0.204103,0.202684
1.917,0.198518,0.199966,0.194923,0.203657,0.204117,0.202698
1.918,0.198532,0.199999,0.194937,0.203680,0.204131,0.202721
1.919,0.198555,0.200022,0.194951,0.203704,0.204154,0.202745
1.920,0.198569,0.200036,0.194965,0.203718,0.204178,0.202759
1.921,0.198583,0.200060,0.194988,0.203732,0.204192,0.202763
1.922,0.198597,0.200074,0.195002,0.203736,0.204196,0.202768
1.923,0.198611,0.200088,0.195025,0.203740,0.204201,0.202782
1.924,0.198644,0.200111,0.195049,0.203745,0.204205,0.202777
1.925,0.198658,0.200135,0.195082,0.203749,0.204209,0.202781
1.926,0.198691,0.200158,0.195115,0.203763,0.204214,0.202804
1.927,0.198715,0.200191,0.195129,0.203767,0.204228,0.202809
1.928,0.198748,0.200215,0.195153,0.203781,0.204242,0.202823
1.929,0.198781,0.200258,0.195176,0.203795,0.204256,0.202837
1.930,0.198805,0.200291,0.195190,0.203819,0.204270,0.202860
1.931,0.198828,0.200314,0.195204,0.203842,0.204293,0.202884
1.932,0.198852,0.200338,0.195228,0.203856,0.204317,0.202898
1.933,0.198866,0.200361,0.195242,0.203870,0.204321,0.202912
1.934,0.198880,0.200375,0.195256,0.203875,0.204335,0.202926
1.935,0.198903,0.200389,0.195279,0.203889,0.204349,0.202930
1.936,0.198917,0.200413,0.195303,0.203893,0.204353,0.202934
1.937,0.198941,0.200436,0.195326,0.203897,0.204348,0.202939
1.938,0.198955,0.200450,0.195350,0.203911,0.204362,0.202953
1.939,0.198988,0.200474,0.195373,0.203916,0.204366,0.202957
1.940,0.199011,0.200507,0.195407,0.203920,0.204371,0.202961
1.941,0.199035,0.200531,0.195430,0.203934,0.204385,0.202975
1.942,0.199068,0.200554,0.195444,0.203948,0.204399,0.202989
1.943,0.199101,0.200587,0.195458,0.203972,0.204413,0.203003
1.944,0.199125,0.200620,0.195472,0.203976,0.204427,0.203017
1.945,0.199148,0.200653,0.195486,0.204000,0.204440,0.203041
1.946,0.199162,0.200667,0.195500,0.204023,0.204464,0.203055
1.947,0.199176,0.200691,0.195523,0.204027,0.204478,0.203059
1.948,0.199190,0.200705,0.195547,0.204032,0.204482,0.203063
1.949,0.199204,0.200719,0.195561,0.204036,0.204487,0.203077
1.950,0.199237,0.200742,0.195584,0.204040,0.204491,0.203072
1.951,0.199261,0.200766,0.195618,0.204035,0.204486,0.203076
1.952,0.199284,0.200789,0.195651,0.204040,0.204490,0.203081
1.953,0.199308,0.200823,0.195674,0.204054,0.204504,0.203095
1.954,0.199350,0.200846,0.195698,0.204058,0.204508,0.203109
1.955,0.199384,0.200879,0.195721,0.204062,0.204522,0.203113
1.956,0.199417,0.200922,0.195745,0.204076,0.204536,0.203137
1.957,0.199440,0.200946,0.195759,0.204100,0.204560,0.203160
1.958,0.199464,0.200979,0.195773,0.204114,0.204574,0.203174
1.959,0.199487,0.201002,0.195806,0.204118,0.204588,0.203179
1.960,0.199511,0.201026,0.195820,0.204132,0.204592,0.203193
1.961,0.199525,0.201049,0.195843,0.204146,0.204606,0.203207
1.962,0.199558,0.201063,0.195867,0.204150,0.204611,0.203211
1.963,0.199572,0.201096,0.195890,0.204145,0.204615,0.203206
1.964,0.199595,0.201110,0.195924,0.204150,0.204610,0.203220
1.965,0.199619,0.201134,0.195947,0.204163,0.204624,0.203224
1.966,0.199652,0.201167,0.195980,0.204158,0.204618,0.203228
1.967,0.199676,0.201200,0.196013,0.204172,0.204632,0.203242
1.968,0.199709,0.201224,0.196037,0.204186,0.204637,0.203256
1.969,0.199742,0.201257,0.196051,0.204200,0.204651,0.203270
1.970,0.199775,0.201290,0.196065,0.204204,0.204665,0.203275
1.971,0.199789,0.201323,0.196079,0.204218,0.204679,0.203288
1.972,0.199813,0.201347,0.196093,0.204242,0.204693,0.203312
1.973,0.199827,0.201360,0.196107,0.204256,0.204707,0.203316
1.974,0.199841,0.201384,0.196130,0.204260,0.204711,0.203311
1.975,0.199855,0.201398,0.196154,0.204255,0.204706,0.203315
1.976,0.199868,0.201412,0.196177,0.204259,0.204710,0.203320
1.977,0.199901,0.201426,0.196201,0.204264,0.204705,0.203315
1.978,0.199915,0.201459,0.196234,0.204259,0.204700,0.203309
1.979,0.199939,0.201473,0.196267,0.204273,0.204704,0.203323
1.980,0.199972,0.201506,0.196291,0.204277,0.204708,0.203328
1.981,0.200005,0.201530,0.196305,0.204281,0.204713,0.203332
1.982,0.200038,0.201563,0.196328,0.204286,0.204717,0.203346
1.983,0.200062,0.201606,0.196352,0.204309,0.204741,0.203360
1.984,0.200086,0.201619,0.196366,0.204323,0.204755,0.203374
1.985,0.200109,0.201643,0.196380,0.204327,0.204759,0.203378
1.986,0.200133,0.201676,0.196403,0.204341,0.204763,0.203383
1.987,0.200146,0.201700,0.196417,0.204346,0.204768,0.203397
1.988,0.200170,0.201714,0.196441,0.204350,0.204772,0.203391
1.989,0.200194,0.201737,0.196464,0.204345,0.204776,0.203396
1.990,0.200208,0.201761,0.196497,0.204349,0.204771,0.203400
1.991,0.200231,0.201775,0.196521,0.204354,0.204775,0.203405
1.992,0.200264,0.201798,0.196554,0.204349,0.204770,0.203399
1.993,0.200297,0.201831,0.196587,0.204353,0.204775,0.203404
1.994,0.200321,0.201865,0.196611,0.204357,0.204789,0.203418
1.995,0.200354,0.201898,0.196634,0.204371,0.204793,0.203432
1.996,0.200387,0.201931,0.196648,0.204375,0.204807,0.203436
1.997,0.200420,0.201964,0.196662,0.204389,0.204811,0.203450
1.998,0.200444,0.201997,0.196686,0.204403,0.204825,0.203464
1.999,0.200458,0.202020,0.196690,0.204417,0.204839,0.203468
2.000,0.200481,0.202034,0.196714,0.204412,0.204844,0.203473
2.001,0.200495,0.202058,0.196737,0.204417,0.204838,0.203467
2.002,0.200509,0.202072,0.196760,0.204411,0.204833,0.203472
2.003,0.200533,0.202086,0.196784,0.204416,0.204837,0.203467
2.004,0.200556,0.202119,0.196817,0.204401,0.204823,0.203452
2.005,0.200580,0.202143,0.196850,0.204405,0.204827,0.203466
2.006,0.200603,0.202166,0.196883,0.204419,0.204831,0.203470
2.007,0.200637,0.202190,0.196907,0.204423,0.204836,0.203474
2.008,0.200670,0.202223,0.196921,0.204418,0.204840,0.203479
2.009,0.200703,0.202256,0.196945,0.204442,0.204845,0.203493
2.010,0.200726,0.202289,0.196968,0.204456,0.204868,0.203516
2.011,0.200740,0.202313,0.196972,0.204460,0.204872,0.203511
2.012,0.200764,0.202336,0.196996,0.204465,0.204877,0.203515
2.013,0.200778,0.202360,0.197010,0.204469,0.204881,0.203520
2.014,0.200792,0.202374,0.197033,0.204473,0.204876,0.203524
2.015,0.200815,0.202388,0.197047,0.204478,0.204871,0.203519
2.016,0.200829,0.202411,0.197071,0.204463,0.204865,0.203514
2.017,0.200843,0.202425,0.197104,0.204467,0.204870,0.203518
2.018,0.200867,0.202439,0.197118,0.204471,0.204865,0.203503
2.019,0.200890,0.202462,0.197151,0.204466,0.204859,0.203508
2.020,0.200923,0.202486,0.197175,0.204471,0.204864,0.203512
2.021,0.200947,0.202519,0.197198,0.204475,0.204868,0.203516
2.022,0.200970,0.202543,0.197212,0.204489,0.204872,0.203521
2.023,0.201004,0.202566,0.197226,0.204484,0.204877,0.203525
2.024,0.201027,0.202599,0.197240,0.204498,0.204881,0.203539
2.025,0.201041,0.202623,0.197254,0.204512,0.204895,0.203543
2.026,0.201065,0.202647,0.197268,0.204507,0.204890,0.203538
2.027,0.201079,0.202660,0.197291,0.204501,0.204885,0.203533
2.028,0.201092,0.202674,0.197305,0.204496,0.204880,0.203528
2.029,0.201106,0.202688,0.197329,0.204481,0.204874,0.203523
2.030,0.201130,0.202702,0.197353,0.204476,0.204869,0.203508
2.031,0.201154,0.202735,0.197386,0.204471,0.204864,0.203512
2.032,0.201177,0.202749,0.197419,0.204475,0.204868,0.203516
2.033,0.201201,0.202782,0.197433,0.204470,0.204863,0.203511
2.034,0.201243,0.202806,0.197456,0.204465,0.204867,0.203516
2.035,0.201276,0.202839,0.197480,0.204469,0.204872,0.203529
2.036,0.201300,0.202872,0.197494,0.204483,0.204886,0.203543
2.037,0.201324,0.202896,0.197508,0.204487,0.204900,0.203538
2.038,0.201337,0.202919,0.197522,0.204492,0.204894,0.203543
2.039,0.201361,0.202943,0.197545,0.204486,0.204899,0.203547
2.040,0.201375,0.202967,0.197559,0.204491,0.204894,0.203542
2.041,0.201389,0.202980,0.197573,0.204486,0.204888,0.203536
2.042,0.201412,0.202994,0.197597,0.204471,0.204883,0.203522
2.043,0.201426,0.203018,0.197630,0.204475,0.204878,0.203526
2.044,0.201440,0.203032,0.197653,0.204470,0.204873,0.203521
2.045,0.201464,0.203046,0.197667,0.204465,0.204867,0.203516
2.046,0.201487,0.203069,0.197700,0.204469,0.204872,0.203520
2.047,0.201511,0.203093,0.197724,0.204474,0.204876,0.203524
2.048,0.201535,0.203126,0.197738,0.204478,0.204881,0.203519
2.049,0.201558,0.203140,0.197752,0.204473,0.204875,0.203524
2.050,0.201591,0.203173,0.197766,0.204487,0.204880,0.203537
2.051,0.201596,0.203197,0.197770,0.204500,0.204894,0.203542
2.052,0.201610,0.203211,0.197775,0.204495,0.204888,0.203527
2.053,0.201623,0.203225,0.197798,0.204490,0.204883,0.203522
2.054,0.201628,0.203238,0.197812,0.204475,0.204878,0.203516
2.055,0.201632,0.203243,0.197826,0.204470,0.204863,0.203502
2.056,0.201656,0.203247,0.197850,0.204455,0.204848,0.203487
2.057,0.201670,0.203261,0.197873,0.204450,0.204843,0.203482
2.058,0.201684,0.203285,0.197897,0.204454,0.204838,0.203476
2.059,0.201707,0.203299,0.197920,0.204449,0.204833,0.203471
2.060,0.201731,0.203322,0.197934,0.204444,0.204837,0.203466
2.061,0.201764,0.203346,0.197958,0.204448,0.204832,0.203480
2.062,0.201787,0.203379,0.197972,0.204462,0.204846,0.203484
2.063,0.201801,0.203402,0.197986,0.204467,0.204860,0.203489
2.064,0.201825,0.203416,0.198000,0.204461,0.204855,0.203483
2.065,0.201839,0.203440,0.198013,0.204456,0.204849,0.203478
2.066,0.201853,0.203463,0.198027,0.204461,0.204854,0.203473
2.067,0.201867,0.203477,0.198041,0.204446,0.204848,0.203468
2.068,0.201881,0.203482,0.198055,0.204431,0.204834,0.203453
2.069,0.201895,0.203505,0.198079,0.204435,0.204828,0.203457
2.070,0.201909,0.203519,0.198102,0.204421,0.204833,0.203443
2.071,0.201932,0.203533,0.198116,0.204415,0.204818,0.203437
2.072,0.201956,0.203547,0.198149,0.204410,0.204822,0.203442
2.073,0.201979,0.203571,0.198173,0.204414,0.204817,0.203437
2.074,0.202003,0.203594,0.198187,0.204419,0.204821,0.203441
2.075,0.202026,0.203618,0.198201,0.204414,0.204826,0.203445
2.076,0.202050,0.203641,0.198215,0.204418,0.204830,0.203450
2.077,0.202073,0.203674,0.198219,0.204432,0.204844,0.203454
2.078,0.202087,0.203698,0.198233,0.204427,0.204839,0.203449
2.079,0.202092,0.203702,0.198238,0.204412,0.204834,0.203434
2.080,0.202106,0.203716,0.198261,0.204407,0.204828,0.203429
2.081,0.202110,0.203730,0.198275,0.204401,0.204814,0.203414
2.082,0.202114,0.203735,0.198289,0.204387,0.204808,0.203399
2.083,0.202138,0.203739,0.198303,0.204372,0.204794,0.203394
2.084,0.202152,0.203763,0.198326,0.204376,0.204788,0.203398
2.085,0.202166,0.203777,0.198360,0.204371,0.204793,0.203393
2.086,0.202180,0.203790,0.198364,0.204366,0.204787,0.203388
2.087,0.202203,0.203804,0.198388,0.204370,0.204782,0.203392
2.088,0.202227,0.203828,0.198401,0.204375,0.204796,0.203397
2.089,0.202241,0.203852,0.198406,0.204388,0.204801,0.203391
2.090,0.202255,0.203865,0.198410,0.204373,0.204795,0.203386
2.091,0.202269,0.203880,0.198415,0.204378,0.204790,0.203381
2.092,0.202273,0.203893,0.198428,0.204373,0.204785,0.203376
2.093,0.202277,0.203907,0.198433,0.204368,0.204780,0.203370
2.094,0.202282,0.203912,0.198447,0.204353,0.204765,0.203355
2.095,0.202296,0.203916,0.198461,0.204338,0.204760,0.203350
2.096,0.202300,0.203930,0.198475,0.204333,0.204755,0.203335
2.097,0.202305,0.203934,0.198498,0.204328,0.204740,0.203321
2.098,0.202328,0.203939,0.198512,0.204322,0.204735,0.203325
2.099,0.202342,0.203962,0.198536,0.204317,0.204729,0.203320
2.100,0.202356,0.203976,0.198550,0.204312,0.204734,0.203315
2.101,0.202380,0.203990,0.198564,0.204316,0.204728,0.203319
2.102,0.202403,0.204014,0.198568,0.204321,0.204733,0.203323
2.103,0.202427,0.204037,0.198572,0.204325,0.204747,0.203328
2.104,0.202431,0.204061,0.198577,0.204320,0.204742,0.203313
2.105,0.202445,0.204065,0.198581,0.204305,0.204736,0.203308
2.106,0.202449,0.204079,0.198595,0.204300,0.204722,0.203293
2.107,0.202453,0.204084,0.198609,0.204285,0.204716,0.203288
2.108,0.202458,0.204088,0.198623,0.204270,0.204701,0.203263
2.109,0.202472,0.204092,0.198627,0.204255,0.204687,0.203258
2.110,0.202486,0.204106,0.198651,0.204250,0.204691,0.203253
2.111,0.202500,0.204120,0.198674,0.204245,0.204686,0.203248
2.112,0.202514,0.204134,0.198698,0.204239,0.204680,0.203243
2.113,0.202537,0.204148,0.198702,0.204234,0.204685,0.203247
2.114,0.202561,0.204172,0.198716,0.204248,0.204689,0.203261
2.115,0.202575,0.204195,0.198730,0.204253,0.204703,0.203265
2.116,0.202589,0.204209,0.198735,0.204247,0.204698,0.203260
2.117,0.202603,0.204223,0.198739,0.204242,0.204693,0.203255
2.118,0.202607,0.204237,0.198753,0.204237,0.204688,0.203249
2.119,0.202611,0.204251,0.198757,0.204232,0.204682,0.203244
2.120,0.202616,0.204255,0.198762,0.204217,0.204677,0.203229
2.121,0.202620,0.204250,0.198776,0.204212,0.204662,0.203224
2.122,0.202624,0.204264,0.198790,0.204206,0.204657,0.203209
2.123,0.202629,0.204268,0.198803,0.204201,0.204652,0.203204
2.124,0.202643,0.204273,0.198818,0.204196,0.204637,0.203199
2.125,0.202657,0.204277,0.198831,0.204191,0.204641,0.203203
2.126,0.202671,0.204291,0.198855,0.204195,0.204636,0.203198
2.127,0.202675,0.204305,0.198859,0.204190,0.204641,0.203193
2.128,0.202699,0.204319,0.198864,0.204194,0.204635,0.203197
2.129,0.202713,0.204333,0.198858,0.204199,0.204640,0.203201
2.130,0.202717,0.204356,0.198863,0.204203,0.204644,0.203196
2.131,0.202721,0.204361,0.198858,0.204188,0.204629,0.203181
2.132,0.202716,0.204356,0.198862,0.204174,0.204624,0.203167
2.133,0.202720,0.204360,0.198876,0.204168,0.204609,0.203152
2.134,0.202715,0.204364,0.198880,0.204153,0.204594,0.203137
2.135,0.202720,0.204359,0.198885,0.204139,0.204580,0.203122
2.136,0.202724,0.204363,0.198899,0.204133,0.204574,0.203127
2.137,0.202728,0.204368,0.198922,0.204128,0.204569,0.203112
2.138,0.202742,0.204382,0.198936,0.204123,0.204564,0.203107
2.139,0.202756,0.204386,0.198950,0.204127,0.204559,0.203111
2.140,0.202780,0.204400,0.198954,0.204132,0.204573,0.203115
2.141,0.202794,0.204424,0.198968,0.204136,0.204577,0.203120
2.142,0.202808,0.204438,0.198973,0.204131,0.204572,0.203114
2.143,0.202812,0.204451,0.198967,0.204135,0.204576,0.203119
2.144,0.202826,0.204456,0.198972,0.204130,0.204571,0.203114
2.145,0.202830,0.204470,0.198986,0.204125,0.204566,0.203099
2.146,0.202825,0.204474,0.198990,0.204110,0.204561,0.203094
2.147,0.202839,0.204479,0.198995,0.204105,0.204546,0.203089
2.148,0.202843,0.204483,0.199009,0.204099,0.204550,0.203083
2.149,0.202848,0.204487,0.199022,0.204085,0.204535,0.203068
2.150,0.202852,0.204492,0.199027,0.204079,0.204530,0.203073
2.151,0.202866,0.204496,0.199050,0.204084,0.204534,0.203067
2.152,0.202880,0.204510,0.199064,0.204088,0.204539,0.203072
2.153,0.202884,0.204524,0.199078,0.204083,0.204534,0.203076
2.154,0.202898,0.204528,0.199073,0.204087,0.204538,0.203081
2.155,0.202922,0.204542,0.199077,0.204092,0.204552,0.203085
2.156,0.202926,0.204566,0.199082,0.204096,0.204556,0.203080
2.157,0.202931,0.204570,0.199077,0.204091,0.204541,0.203074
2.158,0.202926,0.204575,0.199071,0.204076,0.204536,0.203060
2.159,0.202930,0.204569,0.199076,0.204071,0.204521,0.203054
2.160,0.202915,0.204574,0.199080,0.204056,0.204516,0.203040
2.161,0.202910,0.204568,0.199085,0.204041,0.204501,0.203025
2.162,0.202924,0.204563,0.199098,0.204045,0.204496,0.203029
2.163,0.202919,0.204568,0.199112,0.204040,0.204491,0.203014
2.164,0.202923,0.204572,0.199126,0.204035,0.204486,0.203019
2.165,0.202927,0.204576,0.199131,0.204030,0.204480,0.203014
2.166,0.202951,0.204581,0.199135,0.204044,0.204485,0.203027
2.167,0.202965,0.204595,0.199139,0.204048,0.204499,0.203032
2.168,0.202960,0.204609,0.199144,0.204043,0.204494,0.203027
2.169,0.202964,0.204613,0.199138,0.204047,0.204488,0.203022
2.170,0.202968,0.204617,0.199133,0.204042,0.204493,0.203016
2.171,0.202973,0.204622,0.199138,0.204037,0.204478,0.203011
2.172,0.202967,0.204626,0.199142,0.204022,0.204473,0.202996
2.173,0.202962,0.204621,0.199137,0.204017,0.204458,0.202991
2.174,0.202967,0.204616,0.199151,0.204012,0.204453,0.202976
2.175,0.202961,0.204620,0.199155,0.203997,0.204447,0.202971
2.176,0.202966,0.204615,0.199169,0.203992,0.204432,0.202966
2.177,0.202970,0.204619,0.199173,0.203986,0.204437,0.202970
2.178,0.202984,0.204623,0.199187,0.203991,0.204441,0.202975
2.179,0.202988,0.204628,0.199201,0.203995,0.204436,0.202969
2.180,0.203002,0.204642,0.199196,0.203990,0.204440,0.202974
2.181,0.203016,0.204646,0.199201,0.204004,0.204454,0.202988
2.182,0.203030,0.204670,0.199195,0.203998,0.204459,0.202982
2.183,0.203025,0.204674,0.199190,0.203993,0.204454,0.202977
2.184,0.203030,0.204678,0.199185,0.203978,0.204448,0.202962
2.185,0.203024,0.204673,0.199189,0.203973,0.204434,0.202957
2.186,0.203019,0.204678,0.199194,0.203958,0.204428,0.202942
2.187,0.203014,0.204672,0.199198,0.203944,0.204413,0.202937
2.188,0.203018,0.204667,0.199193,0.203938,0.204408,0.202941
2.189,0.203023,0.204662,0.199207,0.203943,0.204413,0.202936
2.190,0.203027,0.204676,0.199230,0.203938,0.204407,0.202931
2.191,0.203031,0.204671,0.199225,0.203933,0.204412,0.202935
2.192,0.203045,0.204675,0.199229,0.203937,0.204416,0.202949
2.193,0.203059,0.204689,0.199234,0.203951,0.204430,0.202954
2.194,0.203063,0.204703,0.199238,0.203946,0.204425,0.202948
2.195,0.203058,0.204707,0.199233,0.203950,0.204429,0.202953
2.196,0.203063,0.204712,0.199228,0.203945,0.204424,0.202948
2.197,0.203057,0.204716,0.199232,0.203939,0.204419,0.202942
2.198,0.203052,0.204711,0.199217,0.203934,0.204413,0.202937
2.199,0.203047,0.204706,0.199222,0.203919,0.204399,0.202922
2.200,0.203051,0.204700,0.199226,0.203924,0.204403,0.202927
2.201,0.203036,0.204695,0.199230,0.203909,0.204388,0.202912
2.202,0.203031,0.204690,0.199235,0.203904,0.204383,0.202907
2.203,0.203036,0.204685,0.199239,0.203908,0.204388,0.202911
2.204,0.203040,0.204689,0.199253,0.203903,0.204382,0.202915
2.205,0.203044,0.204693,0.199257,0.203907,0.204387,0.202910
2.206,0.203049,0.204698,0.199252,0.203912,0.204381,0.202914
2.207,0.203063,0.204702,0.199247,0.203916,0.204395,0.202928
2.208,0.203067,0.204716,0.199242,0.203920,0.204400,0.202923
2.209,0.203062,0.204720,0.199237,0.203915,0.204394,0.202918
2.210,0.203057,0.204715,0.199222,0.203910,0.204380,0.202903
2.211,0.203042,0.204710,0.199216,0.203895,0.204374,0.202898
2.212,0.203037,0.204705,0.199221,0.203890,0.204360,0.202883
2.213,0.203022,0.204690,0.199225,0.203875,0.204345,0.202868
2.214,0.203026,0.204685,0.199220,0.203870,0.204340,0.202873
2.215,0.203031,0.204680,0.199234,0.203864,0.204344,0.202868
2.216,0.203025,0.204684,0.199248,0.203869,0.204339,0.202872
2.217,0.203030,0.204679,0.199252,0.203864,0.204343,0.202876
2.218,0.203044,0.204683,0.199247,0.203868,0.204348,0.202881
2.219,0.203058,0.204687,0.199251,0.203882,0.204361,0.202894
2.220,0.203062,0.204701,0.199256,0.203886,0.204366,0.202889
2.221,0.203057,0.204715,0.199250,0.203881,0.204361,0.202894
2.222,0.203061,0.204710,0.199236,0.203886,0.204365,0.202898
2.223,0.203065,0.204715,0.199240,0.203880,0.204369,0.202893
2.224,0.203060,0.204719,0.199235,0.203875,0.204364,0.202888
2.225,0.203055,0.204714,0.199230,0.203860,0.204349,0.202882
2.226,0.203050,0.204708,0.199234,0.203865,0.204354,0.202877
2.227,0.203045,0.204703,0.199238,0.203859,0.204349,0.202872
2.228,0.203049,0.204708,0.199243,0.203854,0.204343,0.202876
2.229,0.203053,0.204702,0.199247,0.203859,0.204348,0.202881
2.230,0.203058,0.204707,0.199261,0.203863,0.204352,0.202885
2.231,0.203062,0.204711,0.199265,0.203867,0.204356,0.202889
2.232,0.203057,0.204715,0.199270,0.203872,0.204361,0.202894
2.233,0.203071,0.204710,0.199264,0.203876,0.204365,0.202908
2.234,0.203085,0.204724,0.199250,0.203890,0.204379,0.202912
2.235,0.203080,0.204738,0.199244,0.203885,0.204374,0.202907
2.236,0.203065,0.204733,0.199230,0.203880,0.204369,0.202902
2.237,0.203059,0.204728,0.199224,0.203874,0.204363,0.202897
2.238,0.203045,0.204713,0.199229,0.203860,0.204349,0.202882
2.239,0.203030,0.204708,0.199224,0.203854,0.204343,0.202867
2.240,0.203025,0.204693,0.199218,0.203849,0.204329,0.202871
2.241,0.203029,0.204688,0.199223,0.203844,0.204333,0.202866
2.242,0.203024,0.204682,0.199237,0.203848,0.204328,0.202870
2.243,0.203018,0.204677,0.199241,0.203843,0.204322,0.202865
2.244,0.203023,0.204681,0.199236,0.203847,0.204327,0.202879
2.245,0.203027,0.204676,0.199231,0.203861,0.204341,0.202883
2.246,0.203032,0.204690,0.199235,0.203866,0.204345,0.202888
2.247,0.203026,0.204695,0.199220,0.203870,0.204340,0.202892
2.248,0.203031,0.204689,0.199215,0.203865,0.204344,0.202887
2.249,0.203025,0.204684,0.199210,0.203869,0.204339,0.202882
2.250,0.203011,0.204689,0.199204,0.203854,0.204334,0.202877
2.251,0.202996,0.204674,0.199190,0.203849,0.204319,0.202871
2.252,0.203000,0.204668,0.199194,0.203844,0.204314,0.202876
2.253,0.202985,0.204663,0.199199,0.203839,0.204309,0.202870
2.254,0.202980,0.204658,0.199193,0.203843,0.204313,0.202865
2.255,0.202985,0.204643,0.199198,0.203838,0.204308,0.202870
2.256,0.202989,0.204648,0.199202,0.203842,0.204312,0.202874
2.257,0.202993,0.204652,0.199216,0.203847,0.204316,0.202878
2.258,0.202998,0.204656,0.199211,0.203851,0.204321,0.202892
2.259,0.203002,0.204651,0.199205,0.203855,0.204325,0.202897
2.260,0.203016,0.204665,0.199191,0.203869,0.204339,0.202911
2.261,0.203011,0.204669,0.199185,0.203864,0.204343,0.202905
2.262,0.203006,0.204674,0.199171,0.203859,0.204338,0.202900
2.263,0.203000,0.204669,0.199165,0.203854,0.204333,0.202895
2.264,0.202986,0.204663,0.199170,0.203848,0.204328,0.202890
2.265,0.202980,0.204649,0.199165,0.203834,0.204323,0.202884
2.266,0.202966,0.204643,0.199159,0.203828,0.204308,0.202879
2.267,0.202970,0.204629,0.199164,0.203833,0.204312,0.202884
2.268,0.202965,0.204633,0.199178,0.203837,0.204316,0.202888
2.269,0.202969,0.204628,0.199182,0.203832,0.204311,0.202892
2.270,0.202973,0.204632,0.199177,0.203846,0.204316,0.202897
2.271,0.202978,0.204627,0.199181,0.203860,0.204330,0.202911
2.272,0.202992,0.204641,0.199176,0.203864,0.204343,0.202915
2.273,0.202986,0.204655,0.199171,0.203869,0.204338,0.202919
2.274,0.202981,0.204640,0.199156,0.203873,0.204343,0.202924
2.275,0.202976,0.204644,0.199151,0.203877,0.204347,0.202919
2.276,0.202971,0.204639,0.199145,0.203872,0.204342,0.202913
2.277,0.202956,0.204634,0.199131,0.203867,0.204327,0.202908
2.278,0.202951,0.204619,0.199135,0.203862,0.204322,0.202912
2.279,0.202946,0.204614,0.199130,0.203856,0.204326,0.202907
2.280,0.202931,0.204609,0.199134,0.203861,0.204311,0.202902
2.281,0.202926,0.204594,0.199129,0.203856,0.204316,0.202906
2.282,0.202930,0.204598,0.199133,0.203869,0.204320,0.202911
2.283,0.202925,0.204593,0.199147,0.203874,0.204315,0.202915
2.284,0.202929,0.204597,0.199142,0.203878,0.204319,0.202929
2.285,0.202933,0.204592,0.199137,0.203892,0.204324,0.202934
2.286,0.202938,0.204596,0.199122,0.203897,0.204338,0.202947
2.287,0.202933,0.204601,0.199117,0.203901,0.204342,0.202942
2.288,0.202918,0.204605,0.199102,0.203905,0.204337,0.202937
2.289,0.202912,0.204590,0.199087,0.203900,0.204331,0.202932
2.290,0.202898,0.204585,0.199091,0.203895,0.204326,0.202927
2.291,0.202883,0.204570,0.199086,0.203880,0.204311,0.202921
2.292,0.202878,0.204555,0.199081,0.203875,0.204306,0.202916
2.293,0.202872,0.204550,0.199085,0.203879,0.204311,0.202920
2.294,0.202867,0.204545,0.199099,0.203883,0.204305,0.202925
2.295,0.202872,0.204540,0.199104,0.203888,0.204310,0.202929
2.296,0.202876,0.204544,0.199098,0.203892,0.204314,0.202943
2.297,0.202880,0.204548,0.199093,0.203906,0.204328,0.202957
2.298,0.202894,0.204553,0.199098,0.203920,0.204342,0.202971
2.299,0.202889,0.204567,0.199093,0.203925,0.204346,0.202975
2.300,0.202893,0.204562,0.199078,0.203929,0.204351,0.202980
2.301,0.202888,0.204566,0.199073,0.203933,0.204345,0.202975
2.302,0.202883,0.204561,0.199067,0.203928,0.204350,0.202979
2.303,0.202878,0.204556,0.199062,0.203932,0.204345,0.202974
2.304,0.202863,0.204541,0.199057,0.203927,0.204339,0.202978
2.305,0.202867,0.204535,0.199061,0.203931,0.204334,0.202973
2.306,0.202852,0.204530,0.199056,0.203926,0.204329,0.202968
2.307,0.202857,0.204525,0.199060,0.203931,0.204333,0.202972
2.308,0.202852,0.204520,0.199065,0.203935,0.204338,0.202986
2.309,0.202856,0.204524,0.199069,0.203939,0.204342,0.202990
2.310,0.202851,0.204528,0.199073,0.203944,0.204347,0.202995
2.311,0.202865,0.204523,0.199059,0.203958,0.204351,0.203008
2.312,0.202869,0.204537,0.199053,0.203972,0.204365,0.203023
2.313,0.202864,0.204542,0.199048,0.203986,0.204379,0.203017
2.314,0.202859,0.204546,0.199033,0.203980,0.204373,0.203022
2.315,0.202844,0.204531,0.199019,0.203975,0.204368,0.203016
2.316,0.202839,0.204526,0.199023,0.203980,0.204363,0.203011
2.317,0.202824,0.204511,0.199018,0.203974,0.204348,0.203006
2.318,0.202809,0.204496,0.199012,0.203959,0.204343,0.203001
2.319,0.202804,0.204491,0.199017,0.203973,0.204338,0.203005
2.320,0.202799,0.204486,0.199021,0.203968,0.204342,0.203000
2.321,0.202793,0.204481,0.199026,0.203973,0.204337,0.203004
2.322,0.202798,0.204476,0.199020,0.203977,0.204341,0.203018
2.323,0.202802,0.204480,0.199025,0.204001,0.204355,0.203032
2.324,0.202806,0.204484,0.199019,0.204014,0.204369,0.203036
2.325,0.202801,0.204489,0.199005,0.204009,0.204373,0.203041
2.326,0.202796,0.204483,0.198999,0.204023,0.204368,0.203045
2.327,0.202791,0.204478,0.198984,0.204028,0.204373,0.203050
2.328,0.202785,0.204483,0.198989,0.204022,0.204377,0.203044
2.329,0.202771,0.204468,0.198974,0.204017,0.204372,0.203039
2.330,0.202765,0.204462,0.198969,0.204012,0.204357,0.203044
2.331,0.202760,0.204448,0.198973,0.204016,0.204361,0.203038
2.332,0.202755,0.204452,0.198978,0.204011,0.204356,0.203043
2.333,0.202750,0.204437,0.198982,0.204015,0.204361,0.203037
2.334,0.202754,0.204432,0.198977,0.204020,0.204365,0.203051
2.335,0.202749,0.204436,0.198991,0.204034,0.204369,0.203056
2.336,0.202753,0.204441,0.198995,0.204038,0.204374,0.203060
2.337,0.202758,0.204445,0.198980,0.204042,0.204388,0.203074
2.338,0.202772,0.204449,0.198975,0.204057,0.204392,0.203088
2.339,0.202766,0.204454,0.198970,0.204070,0.204406,0.203092
2.340,0.202761,0.204458,0.198955,0.204065,0.204410,0.203097
2.341,0.202756,0.204453,0.198940,0.204060,0.204405,0.203092
2.342,0.202751,0.204448,0.198945,0.204055,0.204400,0.203086
2.343,0.202736,0.204433,0.198939,0.204049,0.204395,0.203081
2.344,0.202721,0.204428,0.198934,0.204044,0.204380,0.203066
2.345,0.202726,0.204413,0.198939,0.204039,0.204384,0.203080
2.346,0.202720,0.204408,0.198943,0.204043,0.204389,0.203075
2.347,0.202715,0.204412,0.198957,0.204048,0.204383,0.203079
2.348,0.202719,0.204407,0.198952,0.204052,0.204388,0.203084
2.349,0.202724,0.204402,0.198946,0.204066,0.204392,0.203098
2.350,0.202728,0.204416,0.198951,0.204080,0.204406,0.203112
2.351,0.202723,0.204420,0.198945,0.204084,0.204420,0.203116
2.352,0.202727,0.204415,0.198931,0.204089,0.204415,0.203120
2.353,0.202722,0.204419,0.198925,0.204093,0.204419,0.203125
2.354,0.202717,0.204414,0.198920,0.204098,0.204414,0.203120
2.355,0.202702,0.204409,0.198915,0.204092,0.204409,0.203114
2.356,0.202687,0.204394,0.198910,0.204087,0.204404,0.203109
2.357,0.202692,0.204389,0.198914,0.204091,0.204408,0.203113
2.358,0.202677,0.204383,0.198909,0.204086,0.204402,0.203099
2.359,0.202672,0.204369,0.198913,0.204081,0.204397,0.203103
2.360,0.202666,0.204363,0.198918,0.204085,0.204402,0.203107
2.361,0.202671,0.204368,0.198922,0.204099,0.204406,0.203112
2.362,0.202666,0.204362,0.198926,0.204104,0.204401,0.203116
2.363,0.202670,0.204367,0.198921,0.204108,0.204415,0.203130
2.364,0.202674,0.204362,0.198916,0.204122,0.204419,0.203144
2.365,0.202679,0.204375,0.198901,0.204136,0.204433,0.203148
2.366,0.202664,0.204370,0.198896,0.204131,0.204428,0.203143
2.367,0.202659,0.204365,0.198881,0.204135,0.204423,0.203138
2.368,0.202653,0.204360,0.198886,0.204130,0.204427,0.203142
2.369,0.202639,0.204355,0.198880,0.204125,0.204412,0.203128
2.370,0.202624,0.204340,0.198875,0.204110,0.204407,0.203122
2.371,0.202628,0.204325,0.198879,0.204114,0.204402,0.203127
2.372,0.202623,0.204320,0.198893,0.204119,0.204406,0.203131
2.373,0.202618,0.204324,0.198898,0.204113,0.204410,0.203135
2.374,0.202622,0.204319,0.198902,0.204118,0.204415,0.203140
2.375,0.202636,0.204323,0.198906,0.204132,0.204429,0.203154
2.376,0.202640,0.204328,0.198901,0.204146,0.204443,0.203168
2.377,0.202645,0.204342,0.198906,0.204159,0.204447,0.203172
2.378,0.202639,0.204346,0.198900,0.204154,0.204452,0.203176
2.379,0.202644,0.204341,0.198886,0.204159,0.204456,0.203181
2.380,0.202639,0.204345,0.198890,0.204163,0.204460,0.203185
2.381,0.202633,0.204340,0.198885,0.204158,0.204455,0.203180
2.382,0.202619,0.204335,0.198879,0.204153,0.204450,0.203175
2.383,0.202623,0.204330,0.198884,0.204157,0.204454,0.203179
2.384,0.202618,0.204324,0.198888,0.204152,0.204449,0.203174
2.385,0.202612,0.204319,0.198893,0.204156,0.204444,0.203178
2.386,0.202617,0.204314,0.198897,0.204151,0.204448,0.203183
2.387,0.202612,0.204318,0.198901,0.204165,0.204453,0.203187
2.388,0.202616,0.204323,0.198915,0.204169,0.204457,0.203191
2.389,0.202620,0.204317,0.198910,0.204174,0.204461,0.203205
2.390,0.202625,0.204322,0.198905,0.204187,0.204475,0.203219
2.391,0.202639,0.204336,0.198890,0.204202,0.204489,0.203224
2.392,0.202624,0.204340,0.198885,0.204196,0.204484,0.203218
2.393,0.202619,0.204335,0.198870,0.204201,0.204479,0.203213
2.394,0.202604,0.204320,0.198865,0.204195,0.204473,0.203208
2.395,0.202589,0.204315,0.198869,0.204190,0.204468,0.203203
2.396,0.202584,0.204300,0.198864,0.204175,0.204453,0.203188
2.397,0.202579,0.204285,0.198868,0.204170,0.204448,0.203192
2.398,0.202573,0.204280,0.198873,0.204175,0.204453,0.203187
2.399,0.202568,0.204275,0.198887,0.204169,0.204447,0.203191
2.400,0.202563,0.204269,0.198891,0.204174,0.204452,0.203196
2.401,0.202567,0.204274,0.198886,0.204178,0.204456,0.203210
2.402,0.202581,0.204278,0.198890,0.204192,0.204470,0.203214
2.403,0.202576,0.204283,0.198885,0.204206,0.204474,0.203218
2.404,0.202571,0.204287,0.198880,0.204201,0.204469,0.203223
2.405,0.202575,0.204282,0.198874,0.204205,0.204474,0.203227
2.406,0.202570,0.204286,0.198869,0.204210,0.204478,0.203232
2.407,0.202565,0.204281,0.198874,0.204204,0.204473,0.203226
2.408,0.202550,0.204276,0.198868,0.204199,0.204467,0.203221
2.409,0.202554,0.204261,0.198873,0.204194,0.204462,0.203225
2.410,0.202549,0.204256,0.198877,0.204188,0.204467,0.203220
2.411,0.202544,0.204250,0.198882,0.204183,0.204461,0.203215
2.412,0.202548,0.204245,0.198886,0.204188,0.204466,0.203219
2.413,0.202553,0.204249,0.198900,0.204192,0.204470,0.203224
2.414,0.202557,0.204254,0.198904,0.204196,0.204474,0.203238
2.415,0.202561,0.204258,0.198908,0.204191,0.204479,0.203242
2.416,0.202575,0.204263,0.198903,0.204205,0.204483,0.203256
2.417,0.202580,0.204277,0.198898,0.204219,0.204507,0.203270
2.418,0.202584,0.204281,0.198893,0.204214,0.204511,0.203265
2.419,0.202579,0.204285,0.198878,0.204209,0.204506,0.203260
2.420,0.202574,0.204280,0.198882,0.204203,0.204501,0.203264
2.421,0.202559,0.204275,0.198887,0.204198,0.204495,0.203249
2.422,0.202554,0.204260,0.198882,0.204193,0.204490,0.203244
2.423,0.202548,0.204255,0.198886,0.204178,0.204475,0.203238
2.424,0.202553,0.204250,0.198900,0.204183,0.204480,0.203243
2.425,0.202547,0.204254,0.198914,0.204187,0.204484,0.203247
2.426,0.202552,0.204249,0.198918,0.204191,0.204479,0.203252
2.427,0.202556,0.204244,0.198913,0.204196,0.204483,0.203256
2.428,0.202570,0.204257,0.198927,0.204210,0.204497,0.203270
2.429,0.202574,0.204272,0.198922,0.204214,0.204511,0.203274
2.430,0.202569,0.204276,0.198916,0.204218,0.204506,0.203279
2.431,0.202574,0.204271,0.198911,0.204223,0.204510,0.203283
2.432,0.202569,0.204265,0.198916,0.204217,0.204505,0.203278
2.433,0.202563,0.204270,0.198910,0.204212,0.204500,0.203273
2.434,0.202548,0.204255,0.198905,0.204207,0.204495,0.203267
2.435,0.202553,0.204250,0.198910,0.204202,0.204490,0.203272
2.436,0.202538,0.204245,0.198914,0.204206,0.204484,0.203267
2.437,0.202533,0.204239,0.198918,0.204201,0.204479,0.203261
2.438,0.202537,0.204234,0.198923,0.204196,0.204474,0.203256
2.439,0.202541,0.204229,0.198936,0.204200,0.204478,0.203261
2.440,0.202536,0.204233,0.198951,0.204204,0.204483,0.203265
2.441,0.202541,0.204238,0.198955,0.204209,0.204487,0.203269
2.442,0.202554,0.204232,0.198950,0.204213,0.204501,0.203283
2.443,0.202559,0.204246,0.198944,0.204227,0.204505,0.203297
2.444,0.202563,0.204251,0.198939,0.204232,0.204510,0.203292
2.445,0.202558,0.204255,0.198934,0.204226,0.204504,0.203296
2.446,0.202553,0.204250,0.198929,0.204221,0.204509,0.203291
2.447,0.202538,0.204245,0.198933,0.204216,0.204503,0.203286
2.448,0.202533,0.204230,0.198938,0.204211,0.204489,0.203281
2.449,0.202527,0.204225,0.198942,0.204196,0.204483,0.203266
2.450,0.202532,0.204219,0.198956,0.204200,0.204488,0.203280
2.451,0.202536,0.204224,0.198970,0.204195,0.204483,0.203274
2.452,0.202541,0.204218,0.198984,0.204199,0.204487,0.203279
2.453,0.202545,0.204223,0.198988,0.204204,0.204491,0.203293
2.454,0.202559,0.204227,0.198992,0.204208,0.204505,0.203307
2.455,0.202573,0.204241,0.198997,0.204222,0.204519,0.203311
2.456,0.202568,0.204255,0.199001,0.204226,0.204524,0.203315
2.457,0.202572,0.204250,0.198996,0.204221,0.204528,0.203320
2.458,0.202576,0.204254,0.199000,0.204225,0.204523,0.203324
2.459,0.202571,0.204259,0.198995,0.204220,0.204527,0.203319
2.460,0.202566,0.204253,0.198999,0.204215,0.204522,0.203314
2.461,0.202570,0.204248,0.199004,0.204210,0.204517,0.203309
2.462,0.202565,0.204253,0.199008,0.204205,0.204511,0.203313
2.463,0.202560,0.204247,0.199022,0.204199,0.204506,0.203308
2.464,0.202564,0.204242,0.199027,0.204204,0.204501,0.203302
2.465,0.202569,0.204246,0.199040,0.204208,0.204505,0.203317
2.466,0.202583,0.204251,0.199055,0.204203,0.204510,0.203321
2.467,0.202587,0.204255,0.199059,0.204217,0.204514,0.203325
2.468,0.202591,0.204259,0.199063,0.204221,0.204519,0.203330
2.469,0.202605,0.204264,0.199058,0.204235,0.204532,0.203343
2.470,0.202610,0.204278,0.199053,0.204240,0.204537,0.203348
2.471,0.202604,0.204282,0.199048,0.204234,0.204532,0.203343
2.472,0.202599,0.204277,0.199042,0.204229,0.204526,0.203337
2.473,0.202594,0.204272,0.199056,0.204224,0.204521,0.203332
2.474,0.202579,0.204267,0.199051,0.204209,0.204516,0.203317
2.475,0.202574,0.204252,0.199055,0.204204,0.204501,0.203312
2.476,0.202578,0.204247,0.199069,0.204198,0.204496,0.203317
2.477,0.202573,0.204251,0.199083,0.204203,0.204500,0.203311
2.478,0.202578,0.204246,0.199097,0.204198,0.204495,0.203306
2.479,0.202582,0.204240,0.199102,0.204202,0.204499,0.203310
2.480,0.202596,0.204245,0.199106,0.204206,0.204513,0.203324
2.481,0.202600,0.204259,0.199110,0.204220,0.204518,0.203338
2.482,0.202604,0.204273,0.199115,0.204215,0.204522,0.203333
2.483,0.202609,0.204267,0.199119,0.204220,0.204526,0.203347
2.484,0.202613,0.204272,0.199114,0.204214,0.204521,0.203342
2.485,0.202608,0.204276,0.199118,0.204219,0.204525,0.203337
2.486,0.202603,0.204271,0.199113,0.204204,0.204520,0.203331
2.487,0.202598,0.204266,0.199117,0.204199,0.204515,0.203326
2.488,0.202602,0.204261,0.199131,0.204193,0.204510,0.203331
2.489,0.202597,0.204265,0.199136,0.204188,0.204505,0.203325
2.490,0.202601,0.204260,0.199150,0.204183,0.204509,0.203320
2.491,0.202615,0.204255,0.199164,0.204187,0.204513,0.203334
2.492,0.202619,0.204268,0.199178,0.204182,0.204518,0.203338
2.493,0.202624,0.204273,0.199191,0.204186,0.204522,0.203343
2.494,0.202638,0.204277,0.199196,0.204191,0.204526,0.203347
2.495,0.202652,0.204291,0.199191,0.204205,0.204531,0.203361
2.496,0.202656,0.204305,0.199195,0.204209,0.204545,0.203366
2.497,0.202660,0.204310,0.199190,0.204204,0.204540,0.203360
2.498,0.202655,0.204304,0.199184,0.204199,0.204534,0.203355
2.499,0.202650,0.204309,0.199189,0.204184,0.204529,0.203350
2.500,0.202645,0.204303,0.199193,0.204179,0.204524,0.203345
2.501,0.202639,0.204298,0.199198,0.204164,0.204509,0.203330
2.502,0.202644,0.204283,0.199212,0.204159,0.204504,0.203334
2.503,0.202648,0.204288,0.199226,0.204163,0.204508,0.203329
2.504,0.202643,0.204292,0.199239,0.204158,0.204503,0.203324
2.505,0.202657,0.204287,0.199254,0.204153,0.204498,0.203328
2.506,0.202671,0.204301,0.199258,0.204167,0.204512,0.203342
2.507,0.202675,0.204305,0.199262,0.204181,0.204516,0.203356
2.508,0.202680,0.204319,0.199267,0.204185,0.204520,0.203351
2.509,0.202684,0.204323,0.199261,0.204180,0.204525,0.203355
2.510,0.202688,0.204328,0.199266,0.204184,0.204520,0.203350
2.511,0.202683,0.204323,0.199270,0.204179,0.204514,0.203345
2.512,0.202678,0.204327,0.199265,0.204174,0.204509,0.203339
2.513,0.202673,0.204322,0.199269,0.204168,0.204504,0.203334
2.514,0.202677,0.204307,0.199283,0.204163,0.204499,0.203329
2.515,0.202672,0.204311,0.199287,0.204158,0.204493,0.203324
2.516,0.202667,0.204306,0.199302,0.204153,0.204488,0.203319
2.517,0.202680,0.204301,0.199315,0.204157,0.204483,0.203323
2.518,0.202685,0.204305,0.199329,0.204152,0.204487,0.203327
2.519,0.202689,0.204310,0.199343,0.204156,0.204492,0.203332
2.520,0.202694,0.204314,0.199348,0.204161,0.204496,0.203346
2.521,0.202708,0.204328,0.199352,0.204175,0.204501,0.203350
2.522,0.202722,0.204342,0.199347,0.204179,0.204514,0.203364
2.523,0.202716,0.204346,0.199351,0.204174,0.204509,0.203359
2.524,0.202721,0.204341,0.199346,0.204168,0.204514,0.203353
2.525,0.202716,0.204345,0.199350,0.204163,0.204499,0.203348
2.526,0.202710,0.204340,0.199364,0.204158,0.204494,0.203343
2.527,0.202705,0.204335,0.199369,0.204143,0.204488,0.203328
2.528,0.202709,0.204330,0.199373,0.204138,0.204474,0.203333
2.529,0.202714,0.204324,0.199387,0.204133,0.204478,0.203337
2.530,0.202718,0.204329,0.199411,0.204137,0.204482,0.203332
2.531,0.202723,0.204333,0.199424,0.204132,0.204477,0.203336
2.532,0.202736,0.204338,0.199429,0.204136,0.204491,0.203350
2.533,0.202751,0.204352,0.199443,0.204150,0.204495,0.203364
2.534,0.202764,0.204366,0.199447,0.204164,0.204509,0.203368
2.535,0.202769,0.204379,0.199451,0.204159,0.204504,0.203373
2.536,0.202773,0.204384,0.199446,0.204154,0.204509,0.203377
2.537,0.202778,0.204388,0.199451,0.204158,0.204513,0.203372
2.538,0.202772,0.204383,0.199455,0.204153,0.204508,0.203367
2.539,0.202767,0.204387,0.199459,0.204148,0.204493,0.203361
2.540,0.202771,0.204382,0.199473,0.204142,0.204497,0.203356
2.541,0.202766,0.204387,0.199478,0.204137,0.204492,0.203351
2.542,0.202771,0.204381,0.199492,0.204132,0.204487,0.203346
2.543,0.202775,0.204376,0.199506,0.204136,0.204482,0.203350
2.544,0.202789,0.204390,0.199520,0.204141,0.204486,0.203355
2.545,0.202793,0.204394,0.199534,0.204135,0.204490,0.203359
2.546,0.202798,0.204399,0.199538,0.204140,0.204485,0.203363
2.547,0.202812,0.204403,0.199542,0.204154,0.204499,0.203377
2.548,0.202826,0.204417,0.199547,0.204158,0.204503,0.203381
2.549,0.202820,0.204431,0.199541,0.204153,0.204508,0.203376
2.550,0.202825,0.204426,0.199536,0.204157,0.204493,0.203371
2.551,0.202819,0.204420,0.199531,0.204143,0.204488,0.203366
2.552,0.202805,0.204415,0.199545,0.204137,0.204482,0.203351
2.553,0.202799,0.204410,0.199549,0.204123,0.204468,0.203346
2.554,0.202794,0.204405,0.199554,0.204117,0.204453,0.203341
2.555,0.202799,0.204400,0.199568,0.204112,0.204457,0.203336
2.556,0.202803,0.204404,0.199582,0.204107,0.204452,0.203340
2.557,0.202807,0.204399,0.199595,0.204111,0.204456,0.203344
2.558,0.202821,0.204403,0.199610,0.204116,0.204461,0.203349
2.559,0.202835,0.204417,0.199614,0.204120,0.204465,0.203362
2.560,0.202849,0.204431,0.199618,0.204134,0.204479,0.203367
2.561,0.202844,0.204435,0.199623,0.204129,0.204474,0.203371
2.562,0.202858,0.204440,0.199627,0.204133,0.204478,0.203376
2.563,0.202862,0.204444,0.199631,0.204128,0.204483,0.203370
2.564,0.202857,0.204448,0.199636,0.204123,0.204477,0.203375
2.565,0.202852,0.204443,0.199640,0.204117,0.204472,0.203360
2.566,0.202856,0.204438,0.199644,0.204103,0.204467,0.203364
2.567,0.202860,0.204443,0.199658,0.204097,0.204462,0.203359
2.568,0.202855,0.204447,0.199663,0.204092,0.204456,0.203354
2.569,0.202869,0.204441,0.199677,0.204087,0.204461,0.203358
2.570,0.202874,0.204446,0.199700,0.204091,0.204465,0.203362
2.571,0.202888,0.204460,0.199714,0.204096,0.204470,0.203377
2.572,0.202901,0.204464,0.199728,0.204100,0.204474,0.203381
2.573,0.202915,0.204469,0.199733,0.204104,0.204478,0.203395
2.574,0.202929,0.204483,0.199737,0.204118,0.204492,0.203409
2.575,0.202934,0.204496,0.199741,0.204123,0.204496,0.203404
2.576,0.202928,0.204501,0.199736,0.204117,0.204491,0.203398
2.577,0.202933,0.204505,0.199731,0.204112,0.204486,0.203393
2.578,0.202928,0.204500,0.199745,0.204097,0.204481,0.203388
2.579,0.202923,0.204495,0.199749,0.204092,0.204466,0.203383
2.580,0.202917,0.204489,0.199753,0.204077,0.204461,0.203377
2.581,0.202922,0.204484,0.199767,0.204082,0.204456,0.203372
2.582,0.202926,0.204489,0.199781,0.204077,0.204450,0.203377
2.583,0.202930,0.204493,0.199795,0.204081,0.204455,0.203371
2.584,0.202944,0.204497,0.199809,0.204085,0.204449,0.203385
2.585,0.202958,0.204502,0.199814,0.204099,0.204463,0.203390
2.586,0.202963,0.204516,0.199818,0.204104,0.204468,0.203404
2.587,0.202967,0.204530,0.199822,0.204098,0.204472,0.203408
2.588,0.202971,0.204534,0.199827,0.204103,0.204467,0.203403
2.589,0.202976,0.204539,0.199822,0.204107,0.204471,0.203407
2.590,0.202971,0.204543,0.199835,0.204102,0.204456,0.203402
2.591,0.202965,0.204538,0.199830,0.204097,0.204451,0.203397
2.592,0.202970,0.204532,0.199835,0.204091,0.204446,0.203392
2.593,0.202964,0.204527,0.199849,0.204086,0.204441,0.203386
2.594,0.202969,0.204532,0.199862,0.204081,0.204436,0.203381
2.595,0.202973,0.204526,0.199877,0.204076,0.204430,0.203385
2.596,0.202977,0.204531,0.199881,0.204080,0.204435,0.203390
2.597,0.202992,0.204535,0.199904,0.204085,0.204439,0.203394
2.598,0.202996,0.204539,0.199918,0.204089,0.204444,0.203398
2.599,0.203010,0.204553,0.199923,0.204103,0.204448,0.203413
2.600,0.203024,0.204558,0.199927,0.204107,0.204462,0.203426
2.601,0.203028,0.204572,0.199931,0.204111,0.204466,0.203431
2.602,0.203032,0.204586,0.199936,0.204106,0.204461,0.203426
2.603,0.203037,0.204580,0.199930,0.204101,0.204456,0.203420
2.604,0.203032,0.204585,0.199935,0.204096,0.204451,0.203415
2.605,0.203027,0.204580,0.199949,0.204091,0.204445,0.203410
2.606,0.203021,0.204574,0.199953,0.204076,0.204440,0.203405
2.607,0.203035,0.204569,0.199967,0.204080,0.204435,0.203409
2.608,0.203040,0.204573,0.199981,0.204075,0.204439,0.203413
2.609,0.203044,0.204578,0.200005,0.204079,0.204434,0.203418
2.610,0.203048,0.204582,0.200018,0.204084,0.204438,0.203422
2.611,0.203062,0.204587,0.200023,0.204088,0.204452,0.203436
2.612,0.203086,0.204600,0.200037,0.204102,0.204457,0.203450
2.613,0.203090,0.204615,0.200041,0.204106,0.204461,0.203454
2.614,0.203095,0.204619,0.200046,0.204111,0.204465,0.203459
2.615,0.203099,0.204633,0.200050,0.204106,0.204470,0.203454
2.616,0.203103,0.204637,0.200054,0.204100,0.204465,0.203458
2.617,0.203098,0.204632,0.200059,0.204105,0.204459,0.203453
2.618,0.203093,0.204627,0.200054,0.204090,0.204454,0.203447
2.619,0.203097,0.204631,0.200068,0.204094,0.204449,0.203442
2.620,0.203101,0.204626,0.200081,0.204089,0.204444,0.203437
2.621,0.203096,0.204630,0.200086,0.204084,0.204438,0.203441
2.622,0.203110,0.204625,0.200100,0.204098,0.204443,0.203446
2.623,0.203115,0.204639,0.200123,0.204092,0.204447,0.203450
2.624,0.203128,0.204643,0.200137,0.204106,0.204452,0.203454
2.625,0.203133,0.204648,0.200142,0.204111,0.204456,0.203469
2.626,0.203147,0.204662,0.200146,0.204125,0.204460,0.203473
2.627,0.203161,0.204676,0.200150,0.204129,0.204465,0.203487
2.628,0.203156,0.204680,0.200145,0.204124,0.204460,0.203482
2.629,0.203160,0.204684,0.200149,0.204119,0.204464,0.203476
2.630,0.203155,0.204679,0.200144,0.204114,0.204449,0.203471
2.631,0.203149,0.204674,0.200158,0.204108,0.204444,0.203456
2.632,0.203144,0.204669,0.200162,0.204094,0.204429,0.203451
2.633,0.203139,0.204654,0.200167,0.204098,0.204424,0.203446
2.634,0.203143,0.204658,0.200181,0.204093,0.204428,0.203450
2.635,0.203148,0.204663,0.200204,0.204087,0.204423,0.203455
2.636,0.203162,0.204667,0.200218,0.204092,0.204427,0.203459
2.637,0.203176,0.204671,0.200223,0.204106,0.204432,0.203473
2.638,0.203190,0.204685,0.200237,0.204110,0.204446,0.203477
2.639,0.203194,0.204699,0.200241,0.204114,0.204450,0.203482
2.640,0.203198,0.204704,0.200245,0.204119,0.204454,0.203486
2.641,0.203203,0.204708,0.200250,0.204123,0.204459,0.203490
2.642,0.203207,0.204712,0.200254,0.204118,0.204453,0.203495
2.643,0.203211,0.204717,0.200258,0.204113,0.204448,0.203490
2.644,0.203206,0.204712,0.200263,0.204098,0.204443,0.203484
2.645,0.203211,0.204706,0.200267,0.204102,0.204438,0.203489
2.646,0.203215,0.204711,0.200281,0.204087,0.204433,0.203483
2.647,0.203210,0.204705,0.200286,0.204092,0.204437,0.203478
2.648,0.203224,0.204710,0.200300,0.204096,0.204441,0.203492
2.649,0.203228,0.204714,0.200323,0.204091,0.204436,0.203496
2.650,0.203242,0.204718,0.200337,0.204105,0.204441,0.203501
2.651,0.203246,0.204732,0.200351,0.204109,0.204454,0.203515
2.652,0.203260,0.204737,0.200355,0.204123,0.204459,0.203519
2.653,0.203274,0.204751,0.200360,0.204128,0.204463,0.203533
2.654,0.203279,0.204765,0.200354,0.204122,0.204467,0.203528
2.655,0.203273,0.204760,0.200349,0.204127,0.204462,0.203532
2.656,0.203278,0.204764,0.200354,0.204122,0.204457,0.203527
2.657,0.203263,0.204759,0.200358,0.204107,0.204442,0.203512
2.658,0.203258,0.204744,0.200362,0.204101,0.204437,0.203507
2.659,0.203262,0.204739,0.200376,0.204096,0.204432,0.203502
2.660,0.203267,0.204743,0.200381,0.204100,0.204427,0.203506
2.661,0.203271,0.204738,0.200404,0.204105,0.204421,0.203511
2.662,0.203275,0.204742,0.200418,0.204109,0.204426,0.203515
2.663,0.203289,0.204746,0.200423,0.204114,0.204430,0.203519
2.664,0.203293,0.204760,0.200436,0.204128,0.204444,0.203533
2.665,0.203308,0.204765,0.200441,0.204132,0.204448,0.203538
2.666,0.203312,0.204779,0.200445,0.204136,0.204443,0.203542
2.667,0.203316,0.204773,0.200449,0.204141,0.204447,0.203546
2.668,0.203311,0.204778,0.200444,0.204136,0.204442,0.203541
2.669,0.203315,0.204782,0.200449,0.204130,0.204437,0.203536
2.670,0.203310,0.204777,0.200453,0.204125,0.204432,0.203531
2.671,0.203315,0.204772,0.200457,0.204129,0.204427,0.203535
2.672,0.203309,0.204766,0.200471,0.204124,0.204422,0.203530
2.673,0.203314,0.204761,0.200476,0.204119,0.204416,0.203524
2.674,0.203318,0.204766,0.200490,0.204123,0.204411,0.203529
2.675,0.203322,0.204770,0.200504,0.204128,0.204415,0.203533
2.676,0.203327,0.204774,0.200527,0.204132,0.204420,0.203547
2.677,0.203341,0.204779,0.200541,0.204136,0.204434,0.203552
2.678,0.203355,0.204793,0.200545,0.204150,0.204438,0.203566
2.679,0.203369,0.204797,0.200550,0.204164,0.204452,0.203579
2.680,0.203373,0.204811,0.200554,0.204159,0.204456,0.203574
2.681,0.203377,0.204816,0.200549,0.204154,0.204451,0.203579
2.682,0.203372,0.204810,0.200544,0.204149,0.204446,0.203574
2.683,0.203367,0.204814,0.200548,0.204143,0.204441,0.203568
2.684,0.203362,0.204809,0.200562,0.204138,0.204426,0.203563
2.685,0.203356,0.204794,0.200567,0.204133,0.204421,0.203558
2.686,0.203370,0.204789,0.200580,0.204137,0.204425,0.203562
2.687,0.203365,0.204803,0.200595,0.204132,0.204429,0.203567
2.688,0.203369,0.204798,0.200618,0.204136,0.204424,0.203571
2.689,0.203384,0.204802,0.200632,0.204151,0.204438,0.203585
2.690,0.203397,0.204816,0.200636,0.204155,0.204443,0.203589
2.691,0.203411,0.204830,0.200641,0.204169,0.204456,0.203603
2.692,0.203416,0.204835,0.200655,0.204173,0.204461,0.203607
2.693,0.203420,0.204839,0.200649,0.204177,0.204465,0.203612
2.694,0.203424,0.204843,0.200654,0.204182,0.204460,0.203607
2.695,0.203419,0.204848,0.200658,0.204177,0.204455,0.203611
2.696,0.203414,0.204842,0.200663,0.204171,0.204450,0.203606
2.697,0.203418,0.204837,0.200667,0.204166,0.204444,0.203600
2.698,0.203413,0.204832,0.200671,0.204171,0.204439,0.203595
2.699,0.203408,0.204837,0.200685,0.204165,0.204434,0.203600
2.700,0.203412,0.204831,0.200689,0.204170,0.204438,0.203595
2.701,0.203426,0.204826,0.200703,0.204174,0.204443,0.203599
2.702,0.203421,0.204840,0.200717,0.204179,0.204437,0.203613
2.703,0.203435,0.204835,0.200731,0.204183,0.204442,0.203617
2.704,0.203439,0.204839,0.200736,0.204197,0.204456,0.203622
2.705,0.203453,0.204853,0.200740,0.204211,0.204460,0.203635
2.706,0.203458,0.204857,0.200735,0.204205,0.204464,0.203630
2.707,0.203452,0.204862,0.200739,0.204210,0.204459,0.203635
2.708,0.203457,0.204857,0.200734,0.204205,0.204454,0.203629
2.709,0.203442,0.204851,0.200729,0.204190,0.204439,0.203624
2.710,0.203437,0.204846,0.200743,0.204185,0.204434,0.203609
2.711,0.203432,0.204831,0.200747,0.204170,0.204419,0.203604
2.712,0.203436,0.204826,0.200751,0.204174,0.204423,0.203608
2.713,0.203440,0.204830,0.200765,0.204179,0.204428,0.203613
2.714,0.203435,0.204835,0.200779,0.204173,0.204423,0.203608
2.715,0.203449,0.204830,0.200793,0.204178,0.204436,0.203622
2.716,0.203463,0.204844,0.200798,0.204192,0.204451,0.203636
2.717,0.203477,0.204848,0.200812,0.204205,0.204455,0.203650
2.718,0.203481,0.204862,0.200816,0.204200,0.204459,0.203644
2.719,0.203486,0.204866,0.200820,0.204205,0.204464,0.203658
2.720,0.203490,0.204871,0.200825,0.204209,0.204468,0.203653
2.721,0.203485,0.204865,0.200829,0.204204,0.204463,0.203648
2.722,0.203480,0.204860,0.200833,0.204199,0.204457,0.203652
2.723,0.203484,0.204865,0.200828,0.204193,0.204452,0.203647
2.724,0.203488,0.204859,0.200842,0.204188,0.204457,0.203642
2.725,0.203483,0.204854,0.200856,0.204183,0.204451,0.203646
2.726,0.203478,0.204858,0.200860,0.204187,0.204456,0.203641
2.727,0.203492,0.204853,0.200875,0.204192,0.204460,0.203655
2.728,0.203496,0.204867,0.200888,0.204196,0.204464,0.203659
2.729,0.203501,0.204862,0.200902,0.204210,0.204469,0.203664
2.730,0.203515,0.204876,0.200916,0.204224,0.204473,0.203677
2.731,0.203528,0.204880,0.200921,0.204228,0.204487,0.203691
2.732,0.203533,0.204894,0.200915,0.204233,0.204492,0.203696
2.733,0.203528,0.204899,0.200920,0.204237,0.204486,0.203691
2.734,0.203532,0.204893,0.200915,0.204232,0.204481,0.203695
2.735,0.203527,0.204888,0.200909,0.204227,0.204476,0.203680
2.736,0.203512,0.204883,0.200914,0.204221,0.204461,0.203675
2.737,0.203507,0.204868,0.200918,0.204216,0.204456,0.203670
2.738,0.203501,0.204863,0.200923,0.204211,0.204451,0.203674
2.739,0.203506,0.204858,0.200936,0.204215,0.204445,0.203669
2.740,0.203510,0.204862,0.200950,0.204220,0.204450,0.203673
2.741,0.203515,0.204857,0.200964,0.204224,0.204454,0.203677
2.742,0.203519,0.204861,0.200969,0.204238,0.204459,0.203692
2.743,0.203533,0.204875,0.200983,0.204242,0.204463,0.203696
2.744,0.203537,0.204879,0.200987,0.204247,0.204467,0.203700
2.745,0.203542,0.204884,0.200991,0.204251,0.204472,0.203705
2.746,0.203536,0.204879,0.200986,0.204256,0.204466,0.203709
2.747,0.203541,0.204883,0.200991,0.204250,0.204461,0.203704
2.748,0.203536,0.204878,0.200995,0.204245,0.204456,0.203699
2.749,0.203530,0.204873,0.200990,0.204240,0.204451,0.203693
2.750,0.203535,0.204867,0.200994,0.204244,0.204455,0.203698
2.751,0.203529,0.204862,0.201008,0.204239,0.204440,0.203692
2.752,0.203524,0.204857,0.201012,0.204234,0.204445,0.203687
2.753,0.203529,0.204852,0.201026,0.204238,0.204449,0.203701
2.754,0.203542,0.204866,0.201040,0.204242,0.204453,0.203705
2.755,0.203547,0.204860,0.201054,0.204256,0.204458,0.203710
2.756,0.203551,0.204874,0.201068,0.204261,0.204472,0.203724
2.757,0.203565,0.204879,0.201072,0.204275,0.204476,0.203738
2.758,0.203579,0.204893,0.201077,0.204279,0.204490,0.203742
2.759,0.203574,0.204897,0.201081,0.204274,0.204485,0.203747
2.760,0.203578,0.204892,0.201076,0.204278,0.204489,0.203741
2.761,0.203573,0.204896,0.201071,0.204273,0.204484,0.203736
2.762,0.203568,0.204891,0.201075,0.204258,0.204469,0.203731
2.763,0.203563,0.204876,0.201080,0.204253,0.204464,0.203726
2.764,0.203557,0.204871,0.201094,0.204248,0.204459,0.203720
2.765,0.203562,0.204866,0.201098,0.204252,0.204463,0.203725
2.766,0.203566,0.204870,0.201112,0.204257,0.204467,0.203729
2.767,0.203561,0.204865,0.201126,0.204261,0.204462,0.203733
2.768,0.203575,0.204869,0.201140,0.204275,0.204476,0.203748
2.769,0.203589,0.204883,0.201144,0.204279,0.204481,0.203761
2.770,0.203593,0.204888,0.201158,0.204284,0.204485,0.203766
2.771,0.203598,0.204892,0.201162,0.204288,0.204489,0.203770
2.772,0.203602,0.204896,0.201157,0.204292,0.204494,0.203775
2.773,0.203597,0.204891,0.201162,0.204287,0.204488,0.203769
2.774,0.203592,0.204886,0.201166,0.204282,0.204483,0.203764
2.775,0.203586,0.204881,0.201161,0.204277,0.204468,0.203759
2.776,0.203591,0.204875,0.201165,0.204281,0.204473,0.203763
2.777,0.203585,0.204870,0.201170,0.204276,0.204458,0.203758
2.778,0.203580,0.204865,0.201183,0.204270,0.204462,0.203753
2.779,0.203585,0.204860,0.201188,0.204285,0.204457,0.203767
2.780,0.203589,0.204864,0.201202,0.204279,0.204461,0.203761
2.781,0.203593,0.204868,0.201216,0.204293,0.204466,0.203776
2.782,0.203598,0.204873,0.201230,0.204298,0.204470,0.203780
2.783,0.203602,0.204877,0.201234,0.204311,0.204484,0.203794
2.784,0.203616,0.204882,0.201229,0.204316,0.204489,0.203808
2.785,0.203611,0.204896,0.201233,0.204311,0.204483,0.203803
2.786,0.203615,0.204881,0.201228,0.204315,0.204488,0.203797
2.787,0.203610,0.204885,0.201223,0.204300,0.204473,0.203792
2.788,0.203595,0.204870,0.201227,0.204295,0.204468,0.203787
2.789,0.203590,0.204865,0.201231,0.204280,0.204453,0.203772
2.790,0.203585,0.204850,0.201236,0.204275,0.204457,0.203776
2.791,0.203589,0.204845,0.201240,0.204279,0.204462,0.203781
2.792,0.203593,0.204849,0.201254,0.204284,0.204456,0.203776
2.793,0.203598,0.204844,0.201268,0.204278,0.204461,0.203780
2.794,0.203602,0.204848,0.201282,0.204292,0.204475,0.203794
2.795,0.203616,0.204863,0.201286,0.204297,0.204479,0.203808
2.796,0.203630,0.204867,0.201300,0.204311,0.204493,0.203812
2.797,0.203634,0.204871,0.201305,0.204306,0.204497,0.203817
2.798,0.203639,0.204876,0.201299,0.204310,0.204502,0.203821
2.799,0.203634,0.204880,0.201304,0.204305,0.204497,0.203825
2.800,0.203628,0.204875,0.201308,0.204299,0.204491,0.203820
2.801,0.203633,0.204869,0.201303,0.204294,0.204486,0.203815
2.802,0.203627,0.204864,0.201307,0.204289,0.204490,0.203819
2.803,0.203622,0.204859,0.201312,0.204284,0.204485,0.203814
2.804,0.203617,0.204854,0.201326,0.204279,0.204480,0.203809
2.805,0.203621,0.204849,0.201330,0.204283,0.204475,0.203813
2.806,0.203626,0.204853,0.201344,0.204287,0.204479,0.203818
2.807,0.203630,0.204857,0.201358,0.204292,0.204483,0.203822
2.808,0.203634,0.204852,0.201372,0.204296,0.204488,0.203826
2.809,0.203649,0.204856,0.201376,0.204310,0.204502,0.203840
2.810,0.203653,0.204870,0.201381,0.204314,0.204506,0.203854
2.811,0.203657,0.204875,0.201375,0.204309,0.204501,0.203849
2.812,0.203652,0.204869,0.201370,0.204314,0.204505,0.203844
2.813,0.203647,0.204864,0.201365,0.204308,0.204490,0.203838
2.814,0.203642,0.204859,0.201360,0.204294,0.204485,0.203833
2.815,0.203627,0.204844,0.201364,0.204288,0.204470,0.203828
2.816,0.203622,0.204829,0.201368,0.204283,0.204465,0.203823
2.817,0.203626,0.204824,0.201373,0.204278,0.204460,0.203818
2.818,0.203621,0.204819,0.201387,0.204282,0.204455,0.203822
2.819,0.203625,0.204823,0.201401,0.204277,0.204459,0.203817
2.820,0.203629,0.204818,0.201415,0.204291,0.204463,0.203831
2.821,0.203634,0.204822,0.201419,0.204295,0.204478,0.203845
2.822,0.203648,0.204827,0.201423,0.204309,0.204482,0.203849
2.823,0.203642,0.204841,0.201428,0.204304,0.204476,0.203853
2.824,0.203647,0.204836,0.201423,0.204308,0.204481,0.203858
2.825,0.203642,0.204830,0.201427,0.204313,0.204485,0.203853
2.826,0.203646,0.204835,0.201422,0.204307,0.204480,0.203847
2.827,0.203641,0.204830,0.201426,0.204302,0.204475,0.203842
2.828,0.203635,0.204815,0.201430,0.204297,0.204470,0.203846
2.829,0.203630,0.204819,0.201435,0.204292,0.204464,0.203841
2.830,0.203635,0.204814,0.201439,0.204287,0.204459,0.203836
2.831,0.203630,0.204809,0.201453,0.204281,0.204464,0.203840
2.832,0.203643,0.204803,0.201458,0.204295,0.204468,0.203845
2.833,0.203648,0.204808,0.201471,0.204290,0.204472,0.203849
2.834,0.203652,0.204812,0.201485,0.204304,0.204477,0.203853
2.835,0.203666,0.204817,0.201499,0.204308,0.204491,0.203867
2.836,0.203680,0.204830,0.201504,0.204322,0.204504,0.203881
2.837,0.203684,0.204835,0.201508,0.204317,0.204499,0.203886
2.838,0.203679,0.204839,0.201503,0.204312,0.204504,0.203881
2.839,0.203674,0.204834,0.201498,0.204316,0.204499,0.203875
2.840,0.203669,0.204829,0.201492,0.204301,0.204493,0.203870
2.841,0.203663,0.204824,0.201497,0.204287,0.204479,0.203865
2.842,0.203649,0.204809,0.201501,0.204281,0.204473,0.203860
2.843,0.203653,0.204794,0.201506,0.204286,0.204478,0.203864
2.844,0.203658,0.204798,0.201519,0.204281,0.204472,0.203859
2.845,0.203652,0.204793,0.201533,0.204285,0.204477,0.203863
2.846,0.203656,0.204798,0.201547,0.204289,0.204481,0.203877
2.847,0.203671,0.204802,0.201552,0.204303,0.204485,0.203881
2.848,0.203684,0.204806,0.201566,0.204308,0.204499,0.203895
2.849,0.203679,0.204820,0.201570,0.204312,0.204494,0.203900
2.850,0.203684,0.204815,0.201565,0.204316,0.204499,0.203904
2.851,0.203678,0.204819,0.201569,0.204311,0.204493,0.203899
2.852,0.203683,0.204814,0.201564,0.204306,0.204488,0.203894
2.853,0.203678,0.204799,0.201568,0.204301,0.204483,0.203889
2.854,0.203663,0.204794,0.201563,0.204296,0.204468,0.203883
2.855,0.203667,0.204789,0.201567,0.204290,0.204472,0.203878
2.856,0.203652,0.204784,0.201572,0.204285,0.204458,0.203873
2.857,0.203657,0.204769,0.201576,0.204280,0.204452,0.203877
2.858,0.203661,0.204773,0.201590,0.204284,0.204457,0.203882
2.859,0.203656,0.204768,0.201595,0.204289,0.204461,0.203886
2.860,0.203670,0.204772,0.201608,0.204293,0.204456,0.203890
2.861,0.203674,0.204777,0.201622,0.204297,0.204470,0.203895
2.862,0.203679,0.204781,0.201617,0.204311,0.204474,0.203909
2.863,0.203692,0.204785,0.201622,0.204306,0.204479,0.203903
2.864,0.203687,0.204790,0.201616,0.204301,0.204473,0.203908
2.865,0.203682,0.204784,0.201611,0.204296,0.204468,0.203902
2.866,0.203677,0.204779,0.201606,0.204290,0.204463,0.203897
2.867,0.203672,0.204764,0.201610,0.204276,0.204448,0.203882
2.868,0.203657,0.204750,0.201615,0.204270,0.204443,0.203877
2.869,0.203661,0.204744,0.201619,0.204265,0.204438,0.203882
2.870,0.203665,0.204749,0.201623,0.204260,0.204432,0.203876
2.871,0.203660,0.204744,0.201637,0.204264,0.204437,0.203881
2.872,0.203674,0.204738,0.201651,0.204269,0.204441,0.203885
2.873,0.203679,0.204743,0.201665,0.204273,0.204455,0.203899
2.874,0.203692,0.204757,0.201670,0.204277,0.204460,0.203903
2.875,0.203697,0.204761,0.201683,0.204282,0.204464,0.203908
2.876,0.203701,0.204765,0.201678,0.204286,0.204468,0.203912
2.877,0.203706,0.204770,0.201683,0.204281,0.204473,0.203916
2.878,0.203700,0.204764,0.201687,0.204276,0.204467,0.203911
2.879,0.203705,0.204759,0.201682,0.204270,0.204462,0.203906
2.880,0.203700,0.204754,0.201686,0.204265,0.204457,0.203901
2.881,0.203694,0.204749,0.201691,0.204260,0.204452,0.203905
2.882,0.203689,0.204744,0.201695,0.204255,0.204446,0.203900
2.883,0.203693,0.204739,0.201699,0.204250,0.204441,0.203895
2.884,0.203698,0.204733,0.201713,0.204254,0.204446,0.203899
2.885,0.203702,0.204738,0.201727,0.204258,0.204450,0.203903
2.886,0.203707,0.204742,0.201741,0.204263,0.204454,0.203918
2.887,0.203711,0.204746,0.201755,0.204277,0.204459,0.203922
2.888,0.203715,0.204751,0.201750,0.204281,0.204463,0.203926
2.889,0.203729,0.204755,0.201754,0.204285,0.204468,0.203940
2.890,0.203724,0.204750,0.201749,0.204280,0.204462,0.203935
2.891,0.203719,0.204745,0.201753,0.204275,0.204457,0.203930
2.892,0.203713,0.204739,0.201748,0.204260,0.204442,0.203924
2.893,0.203699,0.204725,0.201743,0.204255,0.204427,0.203910
2.894,0.203693,0.204710,0.201747,0.204240,0.204422,0.203895
2.895,0.203688,0.204705,0.201752,0.204235,0.204407,0.203899
2.896,0.203683,0.204699,0.201756,0.204239,0.204412,0.203894
2.897,0.203688,0.204694,0.201770,0.204234,0.204406,0.203898
2.898,0.203682,0.204689,0.201784,0.204238,0.204401,0.203903
2.899,0.203696,0.204693,0.201788,0.204243,0.204415,0.203907
2.900,0.203701,0.204698,0.201793,0.204257,0.204420,0.203921
2.901,0.203715,0.204702,0.201807,0.204261,0.204424,0.203925
2.902,0.203709,0.204706,0.201811,0.204256,0.204419,0.203930
2.903,0.203714,0.204711,0.201806,0.204260,0.204423,0.203924
2.904,0.203708,0.204705,0.201810,0.204255,0.204418,0.203929
2.905,0.203713,0.204700,0.201814,0.204250,0.204413,0.203924
2.906,0.203708,0.204695,0.201809,0.204235,0.204407,0.203919
2.907,0.203702,0.204680,0.201814,0.204239,0.204402,0.203913
2.908,0.203697,0.204685,0.201818,0.204224,0.204397,0.203908
2.909,0.203701,0.204670,0.201832,0.204229,0.204392,0.203912
2.910,0.203706,0.204674,0.201836,0.204233,0.204396,0.203917
2.911,0.203710,0.204678,0.201850,0.204228,0.204401,0.203921
2.912,0.203715,0.204673,0.201864,0.204232,0.204405,0.203925
2.913,0.203719,0.204678,0.201878,0.204246,0.204409,0.203939
2.914,0.203733,0.204692,0.201892,0.204251,0.204423,0.203953
2.915,0.203747,0.204696,0.201896,0.204265,0.204427,0.203958
2.916,0.203742,0.204700,0.201891,0.204259,0.204422,0.203962
2.917,0.203746,0.204695,0.201896,0.204254,0.204427,0.203957
2.918,0.203741,0.204700,0.201890,0.204249,0.204412,0.203952
2.919,0.203736,0.204685,0.201885,0.204234,0.204407,0.203947
2.920,0.203721,0.204670,0.201890,0.204229,0.204392,0.203932
2.921,0.203716,0.204665,0.201894,0.204224,0.204387,0.203936
2.922,0.203720,0.204659,0.201908,0.204218,0.204391,0.203931
2.923,0.203724,0.204654,0.201912,0.204223,0.204386,0.203935
2.924,0.203729,0.204658,0.201926,0.204218,0.204390,0.203940
2.925,0.203733,0.204653,0.201950,0.204231,0.204395,0.203953
2.926,0.203747,0.204667,0.201954,0.204236,0.204399,0.203958
2.927,0.203751,0.204672,0.201958,0.204240,0.204403,0.203972
2.928,0.203746,0.204666,0.201963,0.204245,0.204408,0.203967
2.929,0.203750,0.204671,0.201967,0.204249,0.204402,0.203971
2.930,0.203755,0.204666,0.201971,0.204244,0.204397,0.203975
2.931,0.203740,0.204660,0.201966,0.204239,0.204392,0.203970
2.932,0.203735,0.204655,0.201971,0.204224,0.204387,0.203965
2.933,0.203739,0.204640,0.201975,0.204228,0.204382,0.203960
2.934,0.203734,0.204635,0.201979,0.204223,0.204376,0.203954
2.935,0.203729,0.204630,0.201984,0.204218,0.204371,0.203959
2.936,0.203723,0.204625,0.201988,0.204222,0.204366,0.203953
2.937,0.203728,0.204629,0.202002,0.204217,0.204370,0.203958
2.938,0.203732,0.204624,0.202016,0.204221,0.204375,0.203962
2.939,0.203737,0.204628,0.202030,0.204226,0.204379,0.203976
2.940,0.203750,0.204633,0.202044,0.204239,0.204383,0.203990
2.941,0.203755,0.204637,0.202039,0.204244,0.204388,0.203995
2.942,0.203759,0.204641,0.202043,0.204239,0.204382,0.203989
2.943,0.203764,0.204636,0.202047,0.204233,0.204387,0.203994
2.944,0.203758,0.204631,0.202042,0.204228,0.204382,0.203988
2.945,0.203753,0.204626,0.202037,0.204213,0.204367,0.203983
2.946,0.203738,0.204611,0.202041,0.204208,0.204362,0.203968
2.947,0.203733,0.204606,0.202046,0.204203,0.204356,0.203973
2.948,0.203738,0.204600,0.202050,0.204198,0.204351,0.203977
2.949,0.203742,0.204595,0.202064,0.204202,0.204355,0.203972
2.950,0.203746,0.204590,0.202078,0.204197,0.204350,0.203976
2.951,0.203751,0.204594,0.202092,0.204211,0.204364,0.203990
2.952,0.203765,0.204608,0.202106,0.204215,0.204368,0.203995
2.953,0.203778,0.204613,0.202110,0.204220,0.204383,0.204009
2.954,0.203773,0.204617,0.202124,0.204224,0.204377,0.204013
2.955,0.203778,0.204612,0.202129,0.204219,0.204382,0.204017
2.956,0.203782,0.204616,0.202123,0.204213,0.204376,0.204012
2.957,0.203777,0.204611,0.202128,0.204208,0.204371,0.204016
2.958,0.203771,0.204606,0.202132,0.204203,0.204366,0.204011
2.959,0.203766,0.204591,0.202127,0.204207,0.204361,0.204006
2.960,0.203771,0.204586,0.202131,0.204193,0.204356,0.204001
2.961,0.203766,0.204580,0.202145,0.204197,0.204350,0.204005
2.962,0.203760,0.204575,0.202150,0.204192,0.204355,0.204000
2.963,0.203774,0.204580,0.202163,0.204196,0.204359,0.204004
2.964,0.203769,0.204574,0.202178,0.204200,0.204363,0.204018
2.965,0.203773,0.204579,0.202191,0.204205,0.204358,0.204023
2.966,0.203787,0.204583,0.202205,0.204219,0.204372,0.204027
2.967,0.203792,0.204587,0.202210,0.204223,0.204376,0.204041
2.968,0.203796,0.204592,0.202214,0.204228,0.204371,0.204045
2.969,0.203791,0.204587,0.202209,0.204222,0.204366,0.204040
2.970,0.203786,0.204581,0.202204,0.204217,0.204361,0.204035
2.971,0.203780,0.204567,0.202198,0.204202,0.204356,0.204030
2.972,0.203766,0.204552,0.202203,0.204197,0.204341,0.204015
2.973,0.203760,0.204547,0.202207,0.204192,0.204326,0.204010
2.974,0.203755,0.204532,0.202211,0.204187,0.204330,0.204014
2.975,0.203759,0.204527,0.202216,0.204181,0.204325,0.204009
2.976,0.203754,0.204521,0.202230,0.204186,0.204329,0.204013
2.977,0.203759,0.204526,0.202244,0.204190,0.204334,0.204017
2.978,0.203773,0.204530,0.202258,0.204204,0.204338,0.204032
2.979,0.203787,0.204534,0.202262,0.204208,0.204352,0.204045
2.980,0.203781,0.204539,0.202276,0.204213,0.204347,0.204040
2.981,0.203786,0.204533,0.202281,0.204208,0.204351,0.204054
2.982,0.203790,0.204538,0.202285,0.204212,0.204346,0.204049
2.983,0.203785,0.204533,0.202279,0.204207,0.204341,0.204044
2.984,0.203780,0.204527,0.202284,0.204201,0.204345,0.204048
2.985,0.203784,0.204522,0.202288,0.204196,0.204340,0.204043
2.986,0.203779,0.204517,0.202293,0.204191,0.204335,0.204038
2.987,0.203774,0.204512,0.202297,0.204186,0.204330,0.204042
2.988,0.203778,0.204507,0.202311,0.204190,0.204334,0.204046
2.989,0.203782,0.204511,0.202325,0.204194,0.204338,0.204051
2.990,0.203787,0.204506,0.202339,0.204199,0.204343,0.204055
2.991,0.203801,0.204510,0.202353,0.204203,0.204347,0.204059
2.992,0.203805,0.204514,0.202367,0.204217,0.204361,0.204073
2.993,0.203819,0.204528,0.202371,0.204222,0.204365,0.204087
2.994,0.203823,0.204533,0.202376,0.204226,0.204370,0.204092
2.995,0.203818,0.204528,0.202380,0.204221,0.204365,0.204096
2.996,0.203822,0.204522,0.202384,0.204216,0.204359,0.204091
2.997,0.203817,0.204517,0.202379,0.204210,0.204354,0.204086
2.998,0.203802,0.204502,0.202374,0.204205,0.204339,0.204071
2.999,0.203797,0.204497,0.202388,0.204190,0.204334,0.204066
3.000,0.203792,0.204482,0.202392,0.204194,0.204338,0.204070
3.001,0.203796,0.204486,0.202397,0.204199,0.204333,0.204074
3.002,0.203801,0.204481,0.202410,0.204194,0.204338,0.204069
3.003,0.203795,0.204476,0.202425,0.204208,0.204342,0.204073
3.004,0.203809,0.204481,0.202438,0.204212,0.204346,0.204087
3.005,0.203814,0.204485,0.202443,0.204226,0.204351,0.204101
3.006,0.203818,0.204489,0.202457,0.204221,0.204355,0.204106
3.007,0.203823,0.204484,0.202461,0.204225,0.204359,0.204110
3.008,0.203817,0.204488,0.202456,0.204220,0.204354,0.204105
3.009,0.203812,0.204483,0.202460,0.204224,0.204349,0.204100
3.010,0.203807,0.204468,0.202455,0.204219,0.204334,0.204094
3.011,0.203802,0.204463,0.202459,0.204204,0.204329,0.204089
3.012,0.203796,0.204448,0.202464,0.204209,0.204324,0.204094
3.013,0.203791,0.204443,0.202468,0.204194,0.204318,0.204079
3.014,0.203786,0.204438,0.202473,0.204198,0.204323,0.204083
3.015,0.203790,0.204433,0.202477,0.204202,0.204318,0.204087
3.016,0.203795,0.204437,0.202491,0.204207,0.204322,0.204092
3.017,0.203799,0.204432,0.202505,0.204211,0.204326,0.204096
3.018,0.203803,0.204436,0.202519,0.204216,0.204340,0.204110
3.019,0.203817,0.204441,0.202533,0.204230,0.204345,0.204114
3.020,0.203822,0.204445,0.202537,0.204234,0.204349,0.204129
3.021,0.203816,0.204449,0.202532,0.204229,0.204344,0.204123
3.022,0.203821,0.204444,0.202536,0.204223,0.204339,0.204128
3.023,0.203816,0.204439,0.202531,0.204218,0.204333,0.204113
3.024,0.203801,0.204424,0.202526,0.204203,0.204319,0.204107
3.025,0.203796,0.204409,0.202530,0.204198,0.204313,0.204102
3.026,0.203790,0.204404,0.202534,0.204193,0.204318,0.204097
3.027,0.203795,0.204399,0.202548,0.204188,0.204312,0.204102
3.028,0.203799,0.204394,0.202553,0.204192,0.204317,0.204106
3.029,0.203803,0.204398,0.202576,0.204197,0.204321,0.204110
3.030,0.203817,0.204402,0.202590,0.204210,0.204335,0.204124
3.031,0.203822,0.204407,0.202595,0.204215,0.204339,0.204129
3.032,0.203826,0.204421,0.202609,0.204219,0.204344,0.204142
3.033,0.203831,0.204415,0.202613,0.204223,0.204348,0.204147
3.034,0.203835,0.204420,0.202617,0.204218,0.204343,0.204151
3.035,0.203830,0.204414,0.202622,0.204223,0.204338,0.204146
3.036,0.203824,0.204409,0.202616,0.204218,0.204342,0.204141
3.037,0.203819,0.204404,0.202630,0.204212,0.204327,0.204135
3.038,0.203824,0.204389,0.202625,0.204207,0.204332,0.204140
3.039,0.203818,0.204384,0.202630,0.204202,0.204326,0.204135
3.040,0.203813,0.204379,0.202643,0.204206,0.204321,0.204130
3.041,0.203817,0.204374,0.202648,0.204211,0.204326,0.204134
3.042,0.203812,0.204378,0.202652,0.204215,0.204320,0.204138
3.043,0.203817,0.204373,0.202666,0.204219,0.204325,0.204143
3.044,0.203821,0.204377,0.202680,0.204233,0.204339,0.204147
3.045,0.203835,0.204382,0.202694,0.204238,0.204343,0.204161
3.046,0.203839,0.204395,0.202698,0.204242,0.204347,0.204165
3.047,0.203834,0.204390,0.202703,0.204246,0.204342,0.204160
3.048,0.203829,0.204385,0.202698,0.204241,0.204337,0.204164
3.049,0.203824,0.204370,0.202692,0.204236,0.204322,0.204159
3.050,0.203818,0.204365,0.202687,0.204221,0.204317,0.204144
3.051,0.203804,0.204350,0.202692,0.204216,0.204302,0.204139
3.052,0.203798,0.204335,0.202696,0.204220,0.204297,0.204134
3.053,0.203803,0.204330,0.202700,0.204215,0.204301,0.204129
3.054,0.203797,0.204325,0.202714,0.204219,0.204296,0.204133
3.055,0.203802,0.204329,0.202728,0.204224,0.204300,0.204138
3.056,0.203806,0.204324,0.202742,0.204228,0.204314,0.204151
3.057,0.203820,0.204338,0.202756,0.204242,0.204319,0.204156
3.058,0.203825,0.204342,0.202760,0.204246,0.204323,0.204160
3.059,0.203829,0.204337,0.202765,0.204251,0.204327,0.204164
3.060,0.203833,0.204341,0.202769,0.204246,0.204322,0.204169
3.061,0.203828,0.204336,0.202773,0.204250,0.204327,0.204173
3.062,0.203823,0.204331,0.202778,0.204245,0.204321,0.204168
3.063,0.203827,0.204326,0.202782,0.204239,0.204316,0.204163
3.064,0.203822,0.204321,0.202777,0.204234,0.204311,0.204167
3.065,0.203817,0.204315,0.202781,0.204229,0.204306,0.204162
3.066,0.203821,0.204310,0.202795,0.204234,0.204300,0.204166
3.067,0.203825,0.204305,0.202800,0.204238,0.204305,0.204171
3.068,0.203830,0.204309,0.202814,0.204232,0.204309,0.204175
3.069,0.203834,0.204314,0.202828,0.204247,0.204314,0.204179
3.070,0.203839,0.204318,0.202841,0.204251,0.204318,0.204184
3.071,0.203853,0.204322,0.202856,0.204255,0.204332,0.204198
3.072,0.203857,0.204327,0.202860,0.204269,0.204336,0.204212
3.073,0.203861,0.204331,0.202864,0.204264,0.204331,0.204206
3.074,0.203856,0.204326,0.202869,0.204268,0.204335,0.204211
3.075,0.203851,0.204321,0.202863,0.204254,0.204321,0.204206
3.076,0.203846,0.204315,0.202858,0.204248,0.204315,0.204200
3.077,0.203840,0.204301,0.202862,0.204243,0.204301,0.204186
3.078,0.203835,0.204286,0.202867,0.204238,0.204295,0.204180
3.079,0.203830,0.204281,0.202871,0.204242,0.204300,0.204185
3.080,0.203834,0.204285,0.202876,0.204237,0.204295,0.204189
3.081,0.203829,0.204280,0.202890,0.204241,0.204299,0.204184
3.082,0.203843,0.204284,0.202904,0.204255,0.204313,0.204198
3.083,0.203847,0.204288,0.202917,0.204260,0.204317,0.204212
3.084,0.203852,0.204293,0.202922,0.204274,0.204321,0.204216
3.085,0.203856,0.204288,0.202936,0.204278,0.204316,0.204220
3.086,0.203861,0.204292,0.202940,0.204273,0.204321,0.204225
3.087,0.203855,0.204287,0.202935,0.204277,0.204316,0.204220
3.088,0.203850,0.204281,0.202939,0.204272,0.204310,0.204214
3.089,0.203845,0.204276,0.202944,0.204267,0.204305,0.204209
3.090,0.203840,0.204261,0.202938,0.204261,0.204300,0.204204
3.091,0.203844,0.204256,0.202943,0.204256,0.204295,0.204208
3.092,0.203839,0.204251,0.202947,0.204261,0.204289,0.204203
3.093,0.203834,0.204246,0.202961,0.204255,0.204294,0.204207
3.094,0.203838,0.204250,0.202965,0.204260,0.204289,0.204212
3.095,0.203842,0.204245,0.202980,0.204264,0.204293,0.204216
3.096,0.203847,0.204249,0.202993,0.204268,0.204297,0.204220
3.097,0.203861,0.204254,0.203007,0.204283,0.204311,0.204235
3.098,0.203874,0.204268,0.203012,0.204287,0.204316,0.204239
3.099,0.203879,0.204262,0.203016,0.204291,0.204310,0.204243
3.100,0.203874,0.204257,0.203020,0.204286,0.204315,0.204248
3.101,0.203869,0.204262,0.203015,0.204281,0.204300,0.204242
3.102,0.203863,0.204247,0.203020,0.204266,0.204295,0.204237
3.103,0.203858,0.204232,0.203014,0.204261,0.204280,0.204222
3.104,0.203853,0.204227,0.203019,0.204246,0.204275,0.204217
3.105,0.203857,0.204222,0.203023,0.204250,0.204279,0.204221
3.106,0.203852,0.204216,0.203028,0.204245,0.204274,0.204226
3.107,0.203856,0.204221,0.203041,0.204249,0.204278,0.204230
3.108,0.203861,0.204225,0.203055,0.204254,0.204282,0.204235
3.109,0.203875,0.204229,0.203069,0.204268,0.204297,0.204248
3.110,0.203879,0.204234,0.203074,0.204272,0.204301,0.204253
3.111,0.203883,0.204238,0.203088,0.204276,0.204296,0.204257
3.112,0.203888,0.204242,0.203092,0.204281,0.204300,0.204262
3.113,0.203882,0.204237,0.203096,0.204276,0.204295,0.204266
3.114,0.203887,0.204232,0.203091,0.204270,0.204290,0.204261
3.115,0.203882,0.204227,0.203096,0.204265,0.204284,0.204256
3.116,0.203877,0.204212,0.203100,0.204260,0.204279,0.204250
3.117,0.203871,0.204207,0.203095,0.204255,0.204274,0.204245
3.118,0.203866,0.204202,0.203099,0.204249,0.204259,0.204240
3.119,0.203861,0.204196,0.203113,0.204254,0.204263,0.204244
3.120,0.203865,0.204201,0.203117,0.204258,0.204268,0.204249
3.121,0.203870,0.204195,0.203131,0.204263,0.204262,0.204253
3.122,0.203874,0.204200,0.203136,0.204267,0.204267,0.204257
3.123,0.203878,0.204204,0.203150,0.204281,0.204271,0.204262
3.124,0.203892,0.204209,0.203164,0.204285,0.204276,0.204276
3.125,0.203897,0.204213,0.203168,0.204290,0.204280,0.204280
3.126,0.203891,0.204208,0.203163,0.204284,0.204275,0.204275
3.127,0.203886,0.204203,0.203167,0.204279,0.204260,0.204269
3.128,0.203881,0.204188,0.203162,0.204274,0.204255,0.204264
3.129,0.203866,0.204173,0.203157,0.204259,0.204240,0.204249
3.130,0.203861,0.204158,0.203161,0.204254,0.204225,0.204244
3.131,0.203856,0.204153,0.203165,0.204258,0.204230,0.204249
3.132,0.203860,0.204157,0.203170,0.204253,0.204224,0.204244
3.133,0.203855,0.204152,0.203184,0.204257,0.204229,0.204248
3.134,0.203859,0.204156,0.203198,0.204262,0.204233,0.204252
3.135,0.203873,0.204161,0.203212,0.204276,0.204247,0.204266
3.136,0.203878,0.204165,0.203216,0.204280,0.204251,0.204280
3.137,0.203882,0.204169,0.203230,0.204285,0.204246,0.204284
3.138,0.203886,0.204174,0.203234,0.204289,0.204250,0.204289
3.139,0.203891,0.204168,0.203239,0.204284,0.204255,0.204293
3.140,0.203885,0.204173,0.203243,0.204278,0.204250,0.204288
3.141,0.203890,0.204158,0.203238,0.204273,0.204244,0.204283
3.142,0.203884,0.204153,0.203242,0.204268,0.204239,0.204277
3.143,0.203879,0.204148,0.203246,0.204263,0.204234,0.204282
3.144,0.203874,0.204143,0.203251,0.204258,0.204229,0.204277
3.145,0.203878,0.204147,0.203265,0.204262,0.204233,0.204281
3.146,0.203883,0.204142,0.203269,0.204266,0.204228,0.204285
3.147,0.203887,0.204146,0.203283,0.204271,0.204232,0.204290
3.148,0.203891,0.204150,0.203288,0.204275,0.204237,0.204294
3.149,0.203906,0.204155,0.203311,0.204279,0.204241,0.204308
3.150,0.203910,0.204159,0.203325,0.204293,0.204255,0.204312
3.151,0.203924,0.204173,0.203329,0.204298,0.204250,0.204326
3.152,0.203919,0.204158,0.203334,0.204293,0.204244,0.204321
3.153,0.203913,0.204163,0.203328,0.204287,0.204239,0.204316
3.154,0.203908,0.204148,0.203323,0.204282,0.204234,0.204311
3.155,0.203893,0.204143,0.203318,0.204267,0.204219,0.204305
3.156,0.203888,0.204128,0.203322,0.204262,0.204204,0.204291
3.157,0.203883,0.204123,0.203327,0.204257,0.204209,0.204295
3.158,0.203887,0.204117,0.203331,0.204251,0.204204,0.204290
3.159,0.203882,0.204112,0.203336,0.204256,0.204198,0.204294
3.160,0.203886,0.204107,0.203349,0.204260,0.204203,0.204299
3.161,0.203891,0.204111,0.203363,0.204265,0.204207,0.204313
3.162,0.203895,0.204116,0.203377,0.204279,0.204211,0.204317
3.163,0.203899,0.204120,0.203382,0.204273,0.204216,0.204321
3.164,0.203904,0.204115,0.203386,0.204278,0.204220,0.204326
3.165,0.203899,0.204119,0.203390,0.204273,0.204215,0.204320
3.166,0.203893,0.204114,0.203385,0.204267,0.204200,0.204325
3.167,0.203888,0.204099,0.203389,0.204262,0.204195,0.204320
3.168,0.203883,0.204094,0.203384,0.204257,0.204190,0.204305
3.169,0.203878,0.204089,0.203389,0.204251,0.204184,0.204309
3.170,0.203872,0.204084,0.203393,0.204246,0.204179,0.204304
3.171,0.203877,0.204078,0.203397,0.204241,0.204184,0.204299
3.172,0.203881,0.204073,0.203412,0.204246,0.204179,0.204313
3.173,0.203876,0.204077,0.203416,0.204250,0.204183,0.204307
3.174,0.203890,0.204082,0.203430,0.204254,0.204187,0.204321
3.175,0.203894,0.204086,0.203444,0.204259,0.204201,0.204326
3.176,0.203908,0.204090,0.203458,0.204263,0.204205,0.204340
3.177,0.203913,0.204095,0.203462,0.204267,0.204210,0.204344
3.178,0.203907,0.204099,0.203466,0.204262,0.204205,0.204348
3.179,0.203912,0.204094,0.203471,0.204257,0.204199,0.204343
3.180,0.203907,0.204079,0.203465,0.204252,0.204194,0.204338
3.181,0.203892,0.204074,0.203460,0.204237,0.204179,0.204333
3.182,0.203887,0.204059,0.203455,0.204222,0.204174,0.204318
3.183,0.203881,0.204054,0.203469,0.204226,0.204169,0.204322
3.184,0.203886,0.204058,0.203473,0.204221,0.204164,0.204327
3.185,0.203890,0.204053,0.203478,0.204226,0.204168,0.204321
3.186,0.203885,0.204057,0.203492,0.204220,0.204172,0.204326
3.187,0.203899,0.204062,0.203506,0.204234,0.204177,0.204340
3.188,0.203903,0.204066,0.203520,0.204239,0.204191,0.204354
3.189,0.203917,0.204070,0.203524,0.204243,0.204185,0.204358
3.190,0.203912,0.204075,0.203538,0.204247,0.204190,0.204362
3.191,0.203916,0.204070,0.203542,0.204242,0.204194,0.204367
3.192,0.203921,0.204064,0.203537,0.204247,0.204189,0.204362
3.193,0.203906,0.204059,0.203541,0.204232,0.204174,0.204356
3.194,0.203901,0.204054,0.203536,0.204227,0.204169,0.204351
3.195,0.203905,0.204049,0.203541,0.204221,0.204164,0.204346
3.196,0.203890,0.204043,0.203545,0.204216,0.204159,0.204341
3.197,0.203885,0.204029,0.203549,0.204211,0.204153,0.204345
3.198,0.203889,0.204033,0.203554,0.204215,0.204158,0.204340
3.199,0.203894,0.204028,0.203558,0.204220,0.204152,0.204344
3.200,0.203898,0.204032,0.203572,0.204224,0.204157,0.204349
3.201,0.203902,0.204027,0.203586,0.204228,0.204161,0.204353
3.202,0.203907,0.204041,0.203600,0.204233,0.204175,0.204367
3.203,0.203911,0.204045,0.203604,0.204237,0.204170,0.204371
3.204,0.203916,0.204040,0.203609,0.204241,0.204165,0.204376
3.205,0.203910,0.204035,0.203613,0.204236,0.204160,0.204370
3.206,0.203905,0.204030,0.203608,0.204221,0.204154,0.204365
3.207,0.203890,0.204015,0.203603,0.204216,0.204140,0.204360
3.208,0.203885,0.204000,0.203597,0.204201,0.204134,0.204345
3.209,0.203870,0.203995,0.203602,0.204206,0.204129,0.204340
3.210,0.203874,0.203990,0.203606,0.204200,0.204133,0.204344
3.211,0.203879,0.203994,0.203620,0.204195,0.204128,0.204339
3.212,0.203883,0.203989,0.203624,0.204200,0.204133,0.204343
3.213,0.203888,0.203993,0.203638,0.204214,0.204146,0.204357
3.214,0.203901,0.204007,0.203662,0.204218,0.204151,0.204371
3.215,0.203906,0.204011,0.203666,0.204222,0.204155,0.204376
3.216,0.203910,0.204016,0.203680,0.204227,0.204160,0.204380
3.217,0.203915,0.204011,0.203685,0.204231,0.204164,0.204394
3.218,0.203909,0.204015,0.203689,0.204226,0.204159,0.204389
3.219,0.203914,0.204010,0.203693,0.204221,0.204153,0.204383
3.220,0.203909,0.204004,0.203688,0.204215,0.204148,0.204378
3.221,0.203903,0.203999,0.203692,0.204210,0.204153,0.204383
3.222,0.203898,0.203994,0.203697,0.204205,0.204138,0.204378
3.223,0.203893,0.203989,0.203701,0.204200,0.204142,0.204372
3.224,0.203897,0.203984,0.203715,0.204204,0.204146,0.204377
3.225,0.203902,0.203988,0.203720,0.204208,0.204151,0.204381
3.226,0.203906,0.203992,0.203733,0.204213,0.204155,0.204385
3.227,0.203910,0.203997,0.203747,0.204217,0.204160,0.204390
3.228,0.203924,0.204001,0.203761,0.204231,0.204164,0.204404
3.229,0.203929,0.204005,0.203775,0.204236,0.204178,0.204418
3.230,0.203933,0.204010,0.203770,0.204230,0.204173,0.204422
3.231,0.203928,0.204004,0.203775,0.204225,0.204168,0.204417
3.232,0.203923,0.203999,0.203779,0.204220,0.204162,0.204411
3.233,0.203917,0.203984,0.203773,0.204215,0.204147,0.204406
3.234,0.203902,0.203979,0.203768,0.204200,0.204133,0.204391
3.235,0.203897,0.203964,0.203773,0.204195,0.204127,0.204386
3.236,0.203902,0.203959,0.203777,0.204199,0.204132,0.204391
3.237,0.203897,0.203964,0.203781,0.204194,0.204127,0.204386
3.238,0.203891,0.203958,0.203786,0.204198,0.204131,0.204390
3.239,0.203896,0.203963,0.203809,0.204202,0.204145,0.204404
3.240,0.203910,0.203967,0.203814,0.204216,0.204149,0.204408
3.241,0.203914,0.203972,0.203828,0.204221,0.204154,0.204422
3.242,0.203909,0.203966,0.203832,0.204216,0.204158,0.204417
3.243,0.203913,0.203971,0.203846,0.204220,0.204153,0.204421
3.244,0.203917,0.203965,0.203850,0.204215,0.204147,0.204426
3.245,0.203912,0.203960,0.203845,0.204209,0.204142,0.204420
3.246,0.203907,0.203955,0.203849,0.204204,0.204137,0.204415
3.247,0.203902,0.203940,0.203854,0.204199,0.204142,0.204410
3.248,0.203897,0.203935,0.203849,0.204194,0.204136,0.204414
3.249,0.203891,0.203930,0.203853,0.204189,0.204131,0.204409
3.250,0.203896,0.203934,0.203867,0.204193,0.204135,0.204414
3.251,0.203900,0.203929,0.203871,0.204188,0.204140,0.204418
3.252,0.203905,0.203933,0.203885,0.204192,0.204144,0.204422
3.253,0.203909,0.203937,0.203899,0.204196,0.204149,0.204427
3.254,0.203913,0.203942,0.203913,0.204210,0.204162,0.204440
3.255,0.203927,0.203956,0.203927,0.204215,0.204167,0.204445
3.256,0.203931,0.203951,0.203932,0.204210,0.204162,0.204449
3.257,0.203926,0.203945,0.203936,0.204204,0.204166,0.204454
3.258,0.203931,0.203940,0.203931,0.204199,0.204161,0.204448
3.259,0.203925,0.203935,0.203935,0.204184,0.204146,0.204443
3.260,0.203911,0.203920,0.203930,0.204179,0.204141,0.204428
3.261,0.203905,0.203915,0.203925,0.204164,0.204135,0.204423
3.262,0.203900,0.203910,0.203939,0.204169,0.204140,0.204427
3.263,0.203905,0.203914,0.203943,0.204163,0.204135,0.204422
3.264,0.203899,0.203909,0.203947,0.204168,0.204139,0.204427
3.265,0.203904,0.203913,0.203961,0.204172,0.204143,0.204431
3.266,0.203918,0.203918,0.203975,0.204186,0.204157,0.204445
3.267,0.203922,0.203922,0.203989,0.204190,0.204162,0.204459
3.268,0.203926,0.203926,0.203993,0.204185,0.204156,0.204454
3.269,0.203931,0.203921,0.204007,0.204190,0.204161,0.204458
3.270,0.203926,0.203925,0.204012,0.204194,0.204156,0.204462
3.271,0.203920,0.203920,0.204007,0.204179,0.204150,0.204457
3.272,0.203915,0.203905,0.204011,0.204174,0.204145,0.204452
3.273,0.203910,0.203900,0.204015,0.204169,0.204140,0.204447
3.274,0.203905,0.203895,0.204010,0.204163,0.204135,0.204451
3.275,0.203899,0.203880,0.204015,0.204158,0.204130,0.204436
3.276,0.203894,0.203875,0.204019,0.204163,0.204134,0.204441
3.277,0.203899,0.203879,0.204033,0.204167,0.204138,0.204445
3.278,0.203893,0.203884,0.204037,0.204171,0.204133,0.204449
3.279,0.203898,0.203878,0.204041,0.204176,0.204137,0.204454
3.280,0.203912,0.203883,0.204065,0.204180,0.204151,0.204468
3.281,0.203916,0.203887,0.204069,0.204194,0.204156,0.204472
3.282,0.203920,0.203892,0.204083,0.204189,0.204151,0.204476
3.283,0.203915,0.203886,0.204088,0.204193,0.204155,0.204471
3.284,0.203910,0.203881,0.204083,0.204188,0.204150,0.204476
3.285,0.203905,0.203876,0.204087,0.204173,0.204144,0.204470
3.286,0.203890,0.203861,0.204082,0.204168,0.204130,0.204456
3.287,0.203885,0.203846,0.204076,0.204163,0.204124,0.204450
3.288,0.203889,0.203841,0.204090,0.204158,0.204129,0.204455
3.289,0.203884,0.203846,0.204085,0.204162,0.204123,0.204449
3.290,0.203888,0.203840,0.204099,0.204166,0.204128,0.204454
3.291,0.203892,0.203845,0.204113,0.204171,0.204142,0.204458
3.292,0.203897,0.203849,0.204127,0.204175,0.204146,0.204472
3.293,0.203911,0.203853,0.204141,0.204189,0.204160,0.204486
3.294,0.203915,0.203858,0.204155,0.204193,0.204164,0.204491
3.295,0.203920,0.203862,0.204159,0.204188,0.204169,0.204495
3.296,0.203914,0.203857,0.204164,0.204192,0.204164,0.204499
3.297,0.203909,0.203861,0.204168,0.204187,0.204159,0.204504
3.298,0.203914,0.203846,0.204172,0.204182,0.204153,0.204498
3.299,0.203899,0.203841,0.204177,0.204177,0.204158,0.204493
3.300,0.203903,0.203836,0.204181,0.204181,0.204152,0.204488
3.301,0.203898,0.203831,0.204176,0.204176,0.204147,0.204483
3.302,0.203893,0.203826,0.204180,0.204171,0.204142,0.204487
3.303,0.203897,0.203830,0.204194,0.204185,0.204156,0.204491
3.304,0.203901,0.203834,0.204199,0.204179,0.204151,0.204496
3.305,0.203906,0.203839,0.204212,0.204193,0.204155,0.204500
3.306,0.203910,0.203833,0.204227,0.204198,0.204169,0.204514
3.307,0.203924,0.203847,0.204240,0.204212,0.204173,0.204519
3.308,0.203928,0.203852,0.204254,0.204216,0.204178,0.204532
3.309,0.203923,0.203846,0.204249,0.204211,0.204172,0.204527
3.310,0.203918,0.203841,0.204254,0.204206,0.204167,0.204522
3.311,0.203913,0.203826,0.204258,0.204200,0.204162,0.204517
3.312,0.203898,0.203812,0.204253,0.204186,0.204147,0.204512
3.313,0.203883,0.203797,0.204247,0.204180,0.204142,0.204497
3.314,0.203878,0.203792,0.204252,0.204185,0.204137,0.204501
3.315,0.203882,0.203786,0.204247,0.204179,0.204132,0.204496
3.316,0.203877,0.203781,0.204260,0.204184,0.204136,0.204500
3.317,0.203872,0.203786,0.204265,0.204188,0.204140,0.204505
3.318,0.203886,0.203790,0.204279,0.204192,0.204145,0.204509
3.319,0.203890,0.203794,0.204293,0.204207,0.204159,0.204523
3.320,0.203895,0.203799,0.204297,0.204211,0.204153,0.204527
3.321,0.203889,0.203793,0.204302,0.204206,0.204158,0.204532
3.322,0.203894,0.203788,0.204315,0.204210,0.204152,0.204536
3.323,0.203888,0.203783,0.204320,0.204205,0.204157,0.204531
3.324,0.203883,0.203778,0.204315,0.204200,0.204152,0.204535
3.325,0.203878,0.203772,0.204309,0.204194,0.204137,0.204530
3.326,0.203873,0.203767,0.204314,0.204189,0.204141,0.204525
3.327,0.203868,0.203762,0.204318,0.204184,0.204136,0.204520
3.328,0.203872,0.203757,0.204323,0.204188,0.204131,0.204524
3.329,0.203867,0.203761,0.204327,0.204193,0.204145,0.204528
3.330,0.203871,0.203756,0.204341,0.204197,0.204140,0.204533
3.331,0.203885,0.203760,0.204355,0.204201,0.204153,0.204537
3.332,0.203889,0.203765,0.204359,0.204206,0.204158,0.204551
3.333,0.203894,0.203769,0.204373,0.204210,0.204172,0.204555
3.334,0.203908,0.203783,0.204387,0.204224,0.204176,0.204569
3.335,0.203902,0.203778,0.204391,0.204219,0.204171,0.204573
3.336,0.203907,0.203773,0.204396,0.204214,0.204166,0.204568
3.337,0.203892,0.203767,0.204400,0.204208,0.204160,0.204573
3.338,0.203887,0.203753,0.204395,0.204194,0.204146,0.204568
3.339,0.203882,0.203738,0.204390,0.204188,0.204140,0.204553
3.340,0.203876,0.203733,0.204394,0.204193,0.204145,0.204548
3.341,0.203871,0.203737,0.204408,0.204188,0.204140,0.204552
3.342,0.203876,0.203732,0.204403,0.204192,0.204134,0.204556
3.343,0.203870,0.203726,0.204417,0.204196,0.204139,0.204561
3.344,0.203884,0.203731,0.204431,0.204210,0.204153,0.204565
3.345,0.203889,0.203745,0.204445,0.204215,0.204157,0.204579
3.346,0.203902,0.203749,0.204459,0.204219,0.204161,0.204593
3.347,0.203897,0.203744,0.204463,0.204223,0.204156,0.204588
3.348,0.203902,0.203739,0.204467,0.204218,0.204161,0.204592
3.349,0.203896,0.203733,0.204472,0.204223,0.204155,0.204596
3.350,0.203891,0.203728,0.204476,0.204217,0.204141,0.204591
3.351,0.203886,0.203723,0.204471,0.204212,0.204135,0.204586
3.352,0.203881,0.203718,0.204475,0.204207,0.204130,0.204581
3.353,0.203866,0.203703,0.204470,0.204201,0.204125,0.204576
3.354,0.203861,0.203698,0.204474,0.204196,0.204120,0.204580
3.355,0.203865,0.203693,0.204479,0.204201,0.204124,0.204574
3.356,0.203869,0.203697,0.204493,0.204205,0.204119,0.204589
3.357,0.203874,0.203701,0.204497,0.204209,0.204123,0.204583
3.358,0.203878,0.203696,0.204501,0.204214,0.204137,0.204597
3.359,0.203882,0.203710,0.204525,0.204228,0.204141,0.204602
3.360,0.203887,0.203714,0.204539,0.204232,0.204146,0.204616
3.361,0.203891,0.203709,0.204543,0.204236,0.204141,0.204620
3.362,0.203886,0.203704,0.204548,0.204231,0.204135,0.204624
3.363,0.203881,0.203699,0.204542,0.204226,0.204130,0.204619
3.364,0.203876,0.203684,0.204537,0.204211,0.204125,0.204614
3.365,0.203870,0.203669,0.204542,0.204206,0.204110,0.204609
3.366,0.203865,0.203664,0.204536,0.204201,0.204114,0.204603
3.367,0.203860,0.203668,0.204541,0.204205,0.204109,0.204608
3.368,0.203864,0.203663,0.204555,0.204209,0.204114,0.204602
3.369,0.203869,0.203667,0.204559,0.204214,0.204118,0.204617
3.370,0.203873,0.203672,0.204573,0.204218,0.204122,0.204621
3.371,0.203887,0.203676,0.204587,0.204232,0.204136,0.204635
3.372,0.203901,0.203690,0.204601,0.204237,0.204141,0.204649
3.373,0.203896,0.203685,0.204615,0.204241,0.204145,0.204653
3.374,0.203900,0.203680,0.204619,0.204245,0.204140,0.204657
3.375,0.203905,0.203684,0.204623,0.204240,0.204144,0.204662
3.376,0.203899,0.203679,0.204628,0.204235,0.204139,0.204657
3.377,0.203894,0.203674,0.204632,0.204230,0.204124,0.204651
3.378,0.203889,0.203668,0.204637,0.204234,0.204129,0.204646
3.379,0.203883,0.203654,0.204641,0.204229,0.204114,0.204650
3.380,0.203878,0.203648,0.204636,0.204224,0.204118,0.204645
3.381,0.203883,0.203653,0.204640,0.204228,0.204122,0.204650
3.382,0.203887,0.203657,0.204654,0.204232,0.204117,0.204654
3.383,0.203891,0.203652,0.204668,0.204237,0.204122,0.204658
3.384,0.203896,0.203656,0.204672,0.204241,0.204126,0.204663
3.385,0.203910,0.203661,0.204696,0.204255,0.204140,0.204677
3.386,0.203914,0.203674,0.204710,0.204269,0.204144,0.204691
3.387,0.203918,0.203669,0.204714,0.204264,0.204139,0.204695
3.388,0.203913,0.203664,0.204719,0.204268,0.204134,0.204690
3.389,0.203908,0.203649,0.204723,0.204253,0.204129,0.204685
3.390,0.203903,0.203644,0.204718,0.204248,0.204114,0.204679
3.391,0.203888,0.203629,0.204713,0.204243,0.204108,0.204674
3.392,0.203883,0.203614,0.204707,0.204238,0.204103,0.204669
3.393,0.203878,0.203619,0.204712,0.204232,0.204098,0.204664
3.394,0.203882,0.203614,0.204716,0.204237,0.204093,0.204668
3.395,0.203877,0.203608,0.204720,0.204241,0.204097,0.204673
3.396,0.203881,0.203613,0.204734,0.204245,0.204102,0.204677
3.397,0.203895,0.203617,0.204748,0.204259,0.204116,0.204681
3.398,0.203899,0.203622,0.204762,0.204264,0.204120,0.204695
3.399,0.203904,0.203626,0.204767,0.204258,0.204115,0.204699
3.400,0.203908,0.203620,0.204781,0.204263,0.204119,0.204704
3.401,0.203903,0.203625,0.204785,0.204267,0.204114,0.204708
3.402,0.203898,0.203610,0.204789,0.204262,0.204109,0.204703
3.403,0.203902,0.203605,0.204794,0.204257,0.204103,0.204707
3.404,0.203897,0.203600,0.204788,0.204252,0.204108,0.204702
3.405,0.203892,0.203594,0.204793,0.204246,0.204103,0.204697
3.406,0.203886,0.203589,0.204797,0.204241,0.204097,0.204692
3.407,0.203891,0.203584,0.204792,0.204246,0.204102,0.204696
3.408,0.203895,0.203588,0.204806,0.204250,0.204096,0.204701
3.409,0.203899,0.203593,0.204820,0.204254,0.204111,0.204705
3.410,0.203904,0.203597,0.204824,0.204259,0.204105,0.204719
3.411,0.203918,0.203601,0.204838,0.204263,0.204119,0.204723
3.412,0.203932,0.203606,0.204852,0.204277,0.204133,0.204737
3.413,0.203936,0.203610,0.204866,0.204272,0.204128,0.204751
3.414,0.203931,0.203605,0.204870,0.204276,0.204123,0.204746
3.415,0.203926,0.203600,0.204875,0.204271,0.204117,0.204741
3.416,0.203920,0.203585,0.204879,0.204256,0.204103,0.204735
3.417,0.203915,0.203570,0.204874,0.204251,0.204097,0.204730
3.418,0.203900,0.203565,0.204869,0.204246,0.204092,0.204725
3.419,0.203905,0.203560,0.204873,0.204250,0.204087,0.204720
3.420,0.203900,0.203554,0.204877,0.204245,0.204091,0.204724
3.421,0.203904,0.203559,0.204882,0.204249,0.204086,0.204719
3.422,0.203908,0.203554,0.204896,0.204253,0.204090,0.204723
3.423,0.203913,0.203567,0.204910,0.204268,0.204104,0.204737
3.424,0.203926,0.203572,0.204924,0.204272,0.204109,0.204751
3.425,0.203921,0.203567,0.204938,0.204276,0.204103,0.204755
3.426,0.203926,0.203571,0.204942,0.204281,0.204108,0.204760
3.427,0.203930,0.203566,0.204946,0.204275,0.204103,0.204755
3.428,0.203925,0.203551,0.204951,0.204270,0.204088,0.204759
3.429,0.203920,0.203546,0.204946,0.204265,0.204082,0.204754
3.430,0.203905,0.203541,0.204950,0.204260,0.204077,0.204749
3.431,0.203909,0.203535,0.204954,0.204264,0.204072,0.204744
3.432,0.203894,0.203521,0.204949,0.204259,0.204067,0.204738
3.433,0.203899,0.203515,0.204953,0.204254,0.204062,0.204733
3.434,0.203903,0.203519,0.204958,0.204258,0.204066,0.204737
3.435,0.203898,0.203514,0.204962,0.204262,0.204061,0.204741
3.436,0.203912,0.203519,0.204976,0.204267,0.204065,0.204746
3.437,0.203916,0.203523,0.204990,0.204281,0.204079,0.204760
3.438,0.203930,0.203527,0.205004,0.204285,0.204084,0.204765
3.439,0.203934,0.203532,0.205018,0.204289,0.204088,0.204778
3.440,0.203929,0.203527,0.205022,0.204284,0.204083,0.204773
3.441,0.203934,0.203522,0.205027,0.204279,0.204077,0.204778
3.442,0.203919,0.203507,0.205021,0.204273,0.204072,0.204772
3.443,0.203914,0.203501,0.205016,0.204268,0.204058,0.204767
3.444,0.203908,0.203487,0.205021,0.204263,0.204052,0.204762
3.445,0.203913,0.203481,0.205016,0.204258,0.204057,0.204757
3.446,0.203908,0.203486,0.205020,0.204262,0.204052,0.204761
3.447,0.203912,0.203481,0.205024,0.204267,0.204056,0.204765
3.448,0.203916,0.203485,0.205038,0.204271,0.204060,0.204770
3.449,0.203930,0.203489,0.205052,0.204285,0.204065,0.204774
3.450,0.203934,0.203503,0.205066,0.204289,0.204079,0.204788
3.451,0.203949,0.203498,0.205080,0.204294,0.204073,0.204802
3.452,0.203943,0.203503,0.205084,0.204298,0.204078,0.204797
3.453,0.203948,0.203497,0.205098,0.204293,0.204082,0.204801
3.454,0.203952,0.203492,0.205103,0.204297,0.204067,0.204805
3.455,0.203947,0.203487,0.205107,0.204292,0.204062,0.204800
3.456,0.203942,0.203472,0.205112,0.204287,0.204057,0.204795
3.457,0.203937,0.203476,0.205106,0.204281,0.204052,0.204799
3.458,0.203931,0.203461,0.205110,0.204276,0.204047,0.204794
3.459,0.203936,0.203456,0.205115,0.204281,0.204051,0.204789
3.460,0.203931,0.203460,0.205119,0.204285,0.204055,0.204793
3.461,0.203935,0.203455,0.205133,0.204289,0.204050,0.204797
3.462,0.203939,0.203460,0.205138,0.204294,0.204054,0.204802
3.463,0.203944,0.203464,0.205152,0.204298,0.204058,0.204806
3.464,0.203958,0.203468,0.205165,0.204312,0.204073,0.204820
3.465,0.203962,0.203473,0.205179,0.204316,0.204067,0.204825
3.466,0.203957,0.203458,0.205184,0.204311,0.204062,0.204829
3.467,0.203951,0.203453,0.205179,0.204306,0.204057,0.204824
3.468,0.203946,0.203438,0.205183,0.204301,0.204042,0.204818
3.469,0.203941,0.203423,0.205178,0.204286,0.204027,0.204804
3.470,0.203926,0.203409,0.205173,0.204281,0.204022,0.204799
3.471,0.203921,0.203403,0.205167,0.204276,0.204017,0.204793
3.472,0.203925,0.203398,0.205171,0.204270,0.204021,0.204788
3.473,0.203920,0.203393,0.205176,0.204275,0.204016,0.204792
3.474,0.203924,0.203397,0.205180,0.204279,0.204020,0.204787
3.475,0.203929,0.203401,0.205184,0.204284,0.204025,0.204801
3.476,0.203943,0.203406,0.205208,0.204297,0.204039,0.204805
3.477,0.203947,0.203410,0.205222,0.204292,0.204033,0.204820
3.478,0.203952,0.203405,0.205227,0.204297,0.204038,0.204814
3.479,0.203956,0.203400,0.205231,0.204301,0.204042,0.204818
3.480,0.203950,0.203404,0.205235,0.204296,0.204037,0.204823
3.481,0.203955,0.203389,0.205240,0.204291,0.204032,0.204818
3.482,0.203950,0.203384,0.205244,0.204276,0.204026,0.204813
3.483,0.203944,0.203379,0.205239,0.204280,0.204021,0.204817
3.484,0.203949,0.203374,0.205243,0.204265,0.204016,0.204812
3.485,0.203944,0.203369,0.205248,0.204260,0.204011,0.204807
3.486,0.203948,0.203373,0.205252,0.204265,0.204025,0.204811
3.487,0.203952,0.203368,0.205256,0.204269,0.204020,0.204815
3.488,0.203957,0.203372,0.205270,0.204273,0.204033,0.204820
3.489,0.203961,0.203376,0.205284,0.204287,0.204038,0.204824
3.490,0.203975,0.203390,0.205298,0.204291,0.204042,0.204838
3.491,0.203989,0.203385,0.205312,0.204305,0.204047,0.204852
3.492,0.203984,0.203380,0.205326,0.204300,0.204041,0.204856
3.493,0.203988,0.203374,0.205321,0.204295,0.204046,0.204851
3.494,0.203983,0.203369,0.205325,0.204290,0.204031,0.204846
3.495,0.203978,0.203355,0.205330,0.204284,0.204025,0.204841
3.496,0.203963,0.203340,0.205324,0.204270,0.204011,0.204826
3.497,0.203958,0.203334,0.205319,0.204274,0.204015,0.204821
3.498,0.203962,0.203329,0.205323,0.204269,0.204010,0.204825
3.499,0.203957,0.203324,0.205328,0.204273,0.204005,0.204820
3.500,0.203961,0.203329,0.205332,0.204278,0.204009,0.204824
3.501,0.203966,0.203333,0.205346,0.204282,0.204023,0.204829
3.502,0.203979,0.203337,0.205360,0.204296,0.204028,0.204833
3.503,0.203984,0.203342,0.205374,0.204300,0.204032,0.204847
3.504,0.203979,0.203336,0.205379,0.204295,0.204027,0.204842
3.505,0.203983,0.203331,0.205383,0.204299,0.204031,0.204846
3.506,0.203987,0.203326,0.205397,0.204294,0.204026,0.204841
3.507,0.203982,0.203321,0.205392,0.204289,0.204020,0.204835
3.508,0.203977,0.203306,0.205396,0.204284,0.204006,0.204830
3.509,0.203972,0.203301,0.205391,0.204288,0.204001,0.204825
3.510,0.203966,0.203286,0.205395,0.204273,0.203995,0.204820
3.511,0.203961,0.203281,0.205400,0.204278,0.203990,0.204815
3.512,0.203966,0.203285,0.205404,0.204282,0.203994,0.204810
3.513,0.203970,0.203289,0.205408,0.204277,0.203999,0.204823
3.514,0.203974,0.203284,0.205413,0.204291,0.204003,0.204818
3.515,0.203979,0.203288,0.205427,0.204295,0.204017,0.204832
3.516,0.203983,0.203293,0.205440,0.204299,0.204022,0.204836
3.517,0.203997,0.203307,0.205454,0.204313,0.204035,0.204850
3.518,0.204001,0.203302,0.205468,0.204308,0.204030,0.204855
3.519,0.203996,0.203296,0.205472,0.204303,0.204025,0.204850
3.520,0.204000,0.203281,0.205477,0.204298,0.204020,0.204844
3.521,0.203995,0.203276,0.205472,0.204293,0.204014,0.204839
3.522,0.203981,0.203262,0.205467,0.204287,0.204000,0.204834
3.523,0.203975,0.203256,0.205471,0.204282,0.204004,0.204829
3.524,0.203980,0.203261,0.205466,0.204286,0.203999,0.204823
3.525,0.203984,0.203256,0.205480,0.204281,0.204003,0.204828
3.526,0.203989,0.203260,0.205484,0.204286,0.204008,0.204832
3.527,0.203993,0.203264,0.205488,0.204299,0.204022,0.204836
3.528,0.204007,0.203269,0.205502,0.204304,0.204026,0.204850
3.529,0.204021,0.203273,0.205516,0.204318,0.204030,0.204855
3.530,0.204016,0.203277,0.205540,0.204313,0.204035,0.204859
3.531,0.204020,0.203272,0.205544,0.204317,0.204039,0.204863
3.532,0.204024,0.203267,0.205549,0.204321,0.204034,0.204868
3.533,0.204019,0.203262,0.205553,0.204316,0.204028,0.204863
3.534,0.204014,0.203256,0.205557,0.204311,0.204023,0.204858
3.535,0.204008,0.203251,0.205552,0.204306,0.204028,0.204852
3.536,0.204013,0.203246,0.205557,0.204301,0.204013,0.204847
3.537,0.204008,0.203240,0.205561,0.204305,0.204017,0.204842
3.538,0.204002,0.203235,0.205565,0.204299,0.204022,0.204836
3.539,0.204007,0.203240,0.205570,0.204304,0.204016,0.204850
3.540,0.204011,0.203235,0.205584,0.204318,0.204021,0.204845
3.541,0.204016,0.203239,0.205588,0.204323,0.204025,0.204850
3.542,0.204029,0.203243,0.205602,0.204327,0.204039,0.204863
3.543,0.204034,0.203248,0.205616,0.204341,0.204053,0.204868
3.544,0.204038,0.203243,0.205630,0.204345,0.204048,0.204872
3.545,0.204033,0.203237,0.205634,0.204340,0.204043,0.204867
3.546,0.204028,0.203232,0.205638,0.204334,0.204038,0.204871
3.547,0.204023,0.203217,0.205633,0.204329,0.204022,0.204857
3.548,0.204017,0.203202,0.205638,0.204315,0.204017,0.204852
3.549,0.204002,0.203197,0.205623,0.204309,0.204012,0.204836
3.550,0.204007,0.203202,0.205627,0.204314,0.204016,0.204841
3.551,0.204011,0.203196,0.205632,0.204309,0.204011,0.204836
3.552,0.204006,0.203191,0.205636,0.204313,0.204016,0.204840
3.553,0.204010,0.203195,0.205640,0.204317,0.204030,0.204844
3.554,0.204024,0.203209,0.205654,0.204322,0.204034,0.204858
3.555,0.204038,0.203214,0.205668,0.204336,0.204048,0.204863
3.556,0.204043,0.203208,0.205682,0.204330,0.204043,0.204867
3.557,0.204047,0.203213,0.205686,0.204335,0.204047,0.204871
3.558,0.204051,0.203208,0.205700,0.204329,0.204051,0.204876
3.559,0.204046,0.203202,0.205705,0.204324,0.204046,0.204871
3.560,0.204041,0.203197,0.205699,0.204319,0.204041,0.204875
3.561,0.204036,0.203192,0.205704,0.204314,0.204035,0.204860
3.562,0.204040,0.203187,0.205699,0.204309,0.204030,0.204865
3.563,0.204035,0.203172,0.205703,0.204304,0.204035,0.204860
3.564,0.204039,0.203176,0.205707,0.204308,0.204030,0.204854
3.565,0.204044,0.203181,0.205712,0.204312,0.204034,0.204868
3.566,0.204048,0.203176,0.205716,0.204317,0.204038,0.204873
3.567,0.204053,0.203180,0.205730,0.204321,0.204043,0.204877
3.568,0.204057,0.203194,0.205734,0.204325,0.204057,0.204881
3.569,0.204071,0.203198,0.205748,0.204339,0.204061,0.204895
3.570,0.204075,0.203193,0.205763,0.204334,0.204065,0.204900
3.571,0.204070,0.203188,0.205776,0.204328,0.204060,0.204904
3.572,0.204064,0.203183,0.205771,0.204333,0.204055,0.204899
3.573,0.204059,0.203168,0.205776,0.204318,0.204040,0.204893
3.574,0.204054,0.203153,0.205770,0.204313,0.204035,0.204879
3.575,0.204039,0.203148,0.205765,0.204308,0.204030,0.204873
3.576,0.204044,0.203143,0.205769,0.204312,0.204024,0.204868
3.577,0.204039,0.203137,0.205774,0.204307,0.204029,0.204873
3.578,0.204043,0.203141,0.205778,0.204311,0.204024,0.204868
3.579,0.204047,0.203146,0.205782,0.204316,0.204038,0.204872
3.580,0.204052,0.203150,0.205787,0.204330,0.204042,0.204876
3.581,0.204066,0.203154,0.205811,0.204334,0.204046,0.204890
3.582,0.204060,0.203149,0.205824,0.204338,0.204041,0.204894
3.583,0.204065,0.203154,0.205829,0.204343,0.204046,0.204899
3.584,0.204069,0.203149,0.205833,0.204338,0.204050,0.204903
3.585,0.204064,0.203134,0.205838,0.204332,0.204035,0.204898
3.586,0.204058,0.203129,0.205842,0.204327,0.204030,0.204892
3.587,0.204053,0.203123,0.205846,0.204322,0.204024,0.204887
3.588,0.204048,0.203118,0.205841,0.204317,0.204019,0.204882
3.589,0.204043,0.203113,0.205845,0.204311,0.204024,0.204877
3.590,0.204047,0.203108,0.205840,0.204316,0.204019,0.204872
3.591,0.204052,0.203112,0.205845,0.204320,0.204023,0.204876
3.592,0.204056,0.203107,0.205859,0.204325,0.204027,0.204881
3.593,0.204061,0.203111,0.205863,0.204329,0.204032,0.204885
3.594,0.204065,0.203125,0.205877,0.204333,0.204046,0.204899
3.595,0.204079,0.203130,0.205881,0.204347,0.204059,0.204903
3.596,0.204083,0.203134,0.205905,0.204352,0.204054,0.204917
3.597,0.204087,0.203129,0.205918,0.204346,0.204059,0.204921
3.598,0.204082,0.203124,0.205913,0.204341,0.204053,0.204916
3.599,0.204077,0.203109,0.205918,0.204336,0.204048,0.204911
3.600,0.204072,0.203103,0.205912,0.204321,0.204033,0.204906
3.601,0.204066,0.203089,0.205917,0.204316,0.204028,0.204900
3.602,0.204061,0.203093,0.205912,0.204311,0.204032,0.204895
3.603,0.204066,0.203088,0.205916,0.204315,0.204027,0.204900
3.604,0.204061,0.203092,0.205920,0.204310,0.204032,0.204904
3.605,0.204065,0.203096,0.205925,0.204314,0.204036,0.204908
3.606,0.204079,0.203101,0.205929,0.204328,0.204050,0.204913
3.607,0.204083,0.203105,0.205943,0.204342,0.204054,0.204927
3.608,0.204097,0.203110,0.205966,0.204337,0.204059,0.204941
3.609,0.204092,0.203114,0.205971,0.204341,0.204063,0.204935
3.610,0.204096,0.203109,0.205985,0.204346,0.204058,0.204940
3.611,0.204101,0.203103,0.205989,0.204340,0.204053,0.204944
3.612,0.204095,0.203098,0.205994,0.204335,0.204048,0.204939
3.613,0.204090,0.203084,0.205998,0.204330,0.204042,0.204934
3.614,0.204085,0.203078,0.205993,0.204334,0.204037,0.204929
3.615,0.204080,0.203073,0.205997,0.204329,0.204032,0.204923
3.616,0.204074,0.203068,0.206001,0.204324,0.204027,0.204918
3.617,0.204079,0.203072,0.205996,0.204328,0.204031,0.204923
3.618,0.204083,0.203067,0.206010,0.204333,0.204035,0.204927
3.619,0.204078,0.203071,0.206015,0.204337,0.204030,0.204931
3.620,0.204082,0.203076,0.206019,0.204341,0.204044,0.204936
3.621,0.204096,0.203080,0.206033,0.204355,0.204048,0.204940
3.622,0.204101,0.203084,0.206047,0.204360,0.204053,0.204954
3.623,0.204095,0.203079,0.206061,0.204354,0.204048,0.204958
3.624,0.204090,0.203064,0.206065,0.204349,0.204042,0.204953
3.625,0.204085,0.203059,0.206060,0.204344,0.204027,0.204948
3.626,0.204080,0.203044,0.206064,0.204329,0.204013,0.204943
3.627,0.204065,0.203030,0.206059,0.204314,0.204008,0.204928
3.628,0.204060,0.203034,0.206054,0.204319,0.204012,0.204923
3.629,0.204064,0.203028,0.206049,0.204314,0.204007,0.204927
3.630,0.204068,0.203023,0.206063,0.204318,0.204011,0.204931
3.631,0.204063,0.203028,0.206057,0.204312,0.204015,0.204926
3.632,0.204077,0.203042,0.206072,0.204327,0.204029,0.204940
3.633,0.204091,0.203046,0.206076,0.204331,0.204034,0.204954
3.634,0.204095,0.203050,0.206099,0.204335,0.204038,0.204958
3.635,0.204100,0.203055,0.206113,0.204340,0.204042,0.204963
3.636,0.204104,0.203050,0.206118,0.204334,0.204037,0.204967
3.637,0.204099,0.203044,0.206122,0.204329,0.204042,0.204972
3.638,0.204103,0.203039,0.206126,0.204324,0.204036,0.204966
3.639,0.204098,0.203034,0.206131,0.204319,0.204021,0.204961
3.640,0.204093,0.203029,0.206126,0.204314,0.204026,0.204966
3.641,0.204087,0.203023,0.206130,0.204308,0.204021,0.204960
3.642,0.204092,0.203018,0.206134,0.204303,0.204015,0.204955
3.643,0.204087,0.203023,0.206139,0.204317,0.204020,0.204959
3.644,0.204101,0.203027,0.206143,0.204312,0.204024,0.204973
3.645,0.204105,0.203031,0.206147,0.204316,0.204029,0.204977
3.646,0.204109,0.203036,0.206161,0.204320,0.204033,0.204982
3.647,0.204114,0.203050,0.206166,0.204335,0.204047,0.204986
3.648,0.204128,0.203044,0.206189,0.204348,0.204051,0.205001
3.649,0.204122,0.203039,0.206203,0.204343,0.204046,0.205005
3.650,0.204127,0.203034,0.206208,0.204338,0.204041,0.205009
3.651,0.204122,0.203029,0.206212,0.204333,0.204026,0.205004
3.652,0.204107,0.203014,0.206206,0.204318,0.204011,0.204998
3.653,0.204102,0.202999,0.206211,0.204313,0.204006,0.204984
3.654,0.204087,0.202994,0.206206,0.204308,0.204001,0.204979
3.655,0.204091,0.202998,0.206200,0.204312,0.203995,0.204983
3.656,0.204086,0.202993,0.206205,0.204306,0.204000,0.204978
3.657,0.204090,0.202988,0.206209,0.204311,0.203994,0.204982
3.658,0.204095,0.203002,0.206214,0.204315,0.204008,0.204987
3.659,0.204099,0.203006,0.206218,0.204329,0.204013,0.204991
3.660,0.204113,0.203011,0.206241,0.204334,0.204008,0.205005
3.661,0.204108,0.203005,0.206256,0.204328,0.204012,0.205009
3.662,0.204112,0.203000,0.206260,0.204333,0.204007,0.205004
3.663,0.204107,0.202995,0.206264,0.204327,0.204011,0.205008
3.664,0.204102,0.202990,0.206269,0.204322,0.203996,0.205003
3.665,0.204106,0.202985,0.206273,0.204317,0.203991,0.204998
3.666,0.204092,0.202979,0.206268,0.204312,0.203986,0.204993
3.667,0.204096,0.202974,0.206272,0.204307,0.203981,0.204997
3.668,0.204090,0.202969,0.206276,0.204301,0.203985,0.204992
3.669,0.204085,0.202973,0.206271,0.204306,0.203989,0.204987
3.670,0.204099,0.202977,0.206275,0.204310,0.203984,0.205001
3.671,0.204103,0.202982,0.206289,0.204314,0.203998,0.205005
3.672,0.204108,0.202986,0.206294,0.204319,0.204002,0.205009
3.673,0.204112,0.203000,0.206308,0.204323,0.204016,0.205023
3.674,0.204126,0.203005,0.206322,0.204337,0.204021,0.205037
3.675,0.204131,0.202999,0.206336,0.204332,0.204015,0.205041
3.676,0.204135,0.202994,0.206350,0.204327,0.204010,0.205046
3.677,0.204130,0.202989,0.206354,0.204322,0.204005,0.205041
3.678,0.204124,0.202974,0.206358,0.204316,0.204000,0.205035
3.679,0.204119,0.202969,0.206353,0.204302,0.203985,0.205030
3.680,0.204105,0.202964,0.206348,0.204296,0.203989,0.205025
3.681,0.204109,0.202968,0.206343,0.204300,0.203984,0.205020
3.682,0.204113,0.202963,0.206357,0.204295,0.203989,0.205024
3.683,0.204108,0.202967,0.206361,0.204300,0.203983,0.205028
3.684,0.204113,0.202971,0.206366,0.204304,0.203997,0.205033
3.685,0.204127,0.202985,0.206370,0.204318,0.204002,0.205047
3.686,0.204140,0.202990,0.206384,0.204322,0.204006,0.205051
3.687,0.204135,0.202985,0.206407,0.204327,0.204010,0.205065
3.688,0.204140,0.202989,0.206411,0.204322,0.204005,0.205070
3.689,0.204144,0.202984,0.206416,0.204326,0.204010,0.205064
3.690,0.204139,0.202979,0.206420,0.204321,0.204004,0.205069
3.691,0.204133,0.202964,0.206425,0.204316,0.203990,0.205063
3.692,0.204128,0.202968,0.206429,0.204310,0.203984,0.205058
3.693,0.204123,0.202953,0.206424,0.204305,0.203979,0.205053
3.694,0.204118,0.202948,0.206428,0.204300,0.203974,0.205048
3.695,0.204113,0.202952,0.206433,0.204304,0.203978,0.205052
3.696,0.204117,0.202957,0.206437,0.204308,0.203983,0.205056
3.697,0.204121,0.202961,0.206441,0.204313,0.203987,0.205061
3.698,0.204126,0.202956,0.206446,0.204317,0.203991,0.205065
3.699,0.204130,0.202970,0.206459,0.204322,0.203996,0.205070
3.700,0.204144,0.202974,0.206474,0.204326,0.204000,0.205074
3.701,0.204148,0.202969,0.206488,0.204330,0.204004,0.205088
3.702,0.204143,0.202964,0.206502,0.204325,0.203999,0.205083
3.703,0.204138,0.202958,0.206496,0.204320,0.203994,0.205087
3.704,0.204132,0.202953,0.206501,0.204315,0.203979,0.205082
3.705,0.204118,0.202939,0.206505,0.204300,0.203974,0.205067
3.706,0.204113,0.202933,0.206500,0.204285,0.203969,0.205062
3.707,0.204108,0.202938,0.206494,0.204289,0.203973,0.205056
3.708,0.204112,0.202933,0.206489,0.204284,0.203968,0.205061
3.709,0.204116,0.202937,0.206503,0.204289,0.203972,0.205065
3.710,0.204121,0.202941,0.206508,0.204293,0.203986,0.205070
3.711,0.204125,0.202955,0.206512,0.204297,0.204000,0.205074
3.712,0.204139,0.202960,0.206526,0.204311,0.204004,0.205088
3.713,0.204143,0.202964,0.206540,0.204306,0.203999,0.205102
3.714,0.204148,0.202959,0.206554,0.204310,0.204004,0.205097
3.715,0.204152,0.202963,0.206558,0.204305,0.204008,0.205101
3.716,0.204147,0.202958,0.206572,0.204300,0.204003,0.205105
3.717,0.204151,0.202952,0.206577,0.204295,0.203998,0.205100
3.718,0.204136,0.202947,0.206571,0.204289,0.203993,0.205095
3.719,0.204140,0.202942,0.206576,0.204284,0.203987,0.205099
3.720,0.204135,0.202937,0.206580,0.204279,0.203982,0.205094
3.721,0.204130,0.202932,0.206575,0.204274,0.203986,0.205089
3.722,0.204134,0.202936,0.206579,0.204278,0.203991,0.205093
3.723,0.204139,0.202941,0.206584,0.204283,0.203995,0.205098
3.724,0.204143,0.202945,0.206588,0.204287,0.203990,0.205102
3.725,0.204148,0.202949,0.206602,0.204292,0.204004,0.205116
3.726,0.204161,0.202963,0.206606,0.204305,0.204008,0.205120
3.727,0.204166,0.202958,0.206630,0.204310,0.204012,0.205134
3.728,0.204161,0.202952,0.206644,0.204305,0.204007,0.205129
3.729,0.204156,0.202947,0.206648,0.204299,0.203993,0.205133
3.730,0.204150,0.202933,0.206643,0.204284,0.203987,0.205128
3.731,0.204145,0.202928,0.206647,0.204279,0.203972,0.205123
3.732,0.204130,0.202912,0.206642,0.204274,0.203967,0.205108
3.733,0.204125,0.202917,0.206637,0.204269,0.203972,0.205103
3.734,0.204129,0.202912,0.206632,0.204273,0.203966,0.205107
3.735,0.204124,0.202907,0.206646,0.204268,0.203961,0.205102
3.736,0.204129,0.202911,0.206640,0.204273,0.203975,0.205107
3.737,0.204133,0.202925,0.206654,0.204286,0.203980,0.205111
3.738,0.204137,0.202929,0.206659,0.204291,0.203984,0.205125
3.739,0.204151,0.202924,0.206673,0.204295,0.203988,0.205129
3.740,0.204146,0.202928,0.206686,0.204299,0.203983,0.205133
3.741,0.204150,0.202923,0.206691,0.204294,0.203988,0.205138
3.742,0.204145,0.202918,0.206705,0.204289,0.203982,0.205133
3.743,0.204140,0.202913,0.206710,0.204284,0.203977,0.205128
3.744,0.204134,0.202907,0.206714,0.204278,0.203972,0.205122
3.745,0.204139,0.202902,0.206708,0.204283,0.203966,0.205126
3.746,0.204134,0.202897,0.206713,0.204268,0.203961,0.205121
3.747,0.204129,0.202901,0.206717,0.204273,0.203966,0.205116
3.748,0.204133,0.202906,0.206712,0.204277,0.203980,0.205120
3.749,0.204137,0.202910,0.206716,0.204281,0.203984,0.205134
3.750,0.204151,0.202915,0.206730,0.204286,0.203988,0.205139
3.751,0.204156,0.202919,0.206734,0.204290,0.203993,0.205143
3.752,0.204169,0.202933,0.206749,0.204304,0.204007,0.205157
3.753,0.204174,0.202937,0.206763,0.204308,0.204011,0.205171
3.754,0.204178,0.202932,0.206777,0.204303,0.204006,0.205176
3.755,0.204173,0.202927,0.206790,0.204298,0.204001,0.205170
3.756,0.204168,0.202922,0.206785,0.204292,0.203995,0.205174
3.757,0.204163,0.202907,0.206790,0.204287,0.203980,0.205169
3.758,0.204158,0.202901,0.206794,0.204273,0.203975,0.205155
3.759,0.204152,0.202906,0.206789,0.204277,0.203980,0.205149
3.760,0.204157,0.202901,0.206784,0.204281,0.203974,0.205154
3.761,0.204151,0.202896,0.206788,0.204276,0.203979,0.205158
3.762,0.204156,0.202900,0.206792,0.204280,0.203983,0.205163
3.763,0.204160,0.202914,0.206797,0.204294,0.203997,0.205167
3.764,0.204174,0.202918,0.206811,0.204308,0.204001,0.205181
3.765,0.204188,0.202922,0.206825,0.204313,0.203996,0.205195
3.766,0.204183,0.202917,0.206838,0.204307,0.204001,0.205189
3.767,0.204187,0.202922,0.206852,0.204312,0.203995,0.205194
3.768,0.204192,0.202917,0.206857,0.204307,0.203990,0.205198
3.769,0.204177,0.202901,0.206861,0.204302,0.203985,0.205193
3.770,0.204171,0.202896,0.206865,0.204296,0.203980,0.205188
3.771,0.204166,0.202891,0.206860,0.204300,0.203974,0.205182
3.772,0.204161,0.202886,0.206855,0.204286,0.203969,0.205177
3.773,0.204156,0.202881,0.206869,0.204290,0.203964,0.205172
3.774,0.204160,0.202885,0.206864,0.204294,0.203969,0.205167
3.775,0.204165,0.202890,0.206859,0.204289,0.203973,0.205181
3.776,0.204169,0.202884,0.206873,0.204303,0.203977,0.205185
3.777,0.204173,0.202888,0.206877,0.204307,0.203982,0.205189
3.778,0.204178,0.202903,0.206891,0.204312,0.203986,0.205194
3.779,0.204192,0.202907,0.206895,0.204326,0.203990,0.205208
3.780,0.204187,0.202901,0.206909,0.204321,0.203985,0.205212
3.781,0.204191,0.202896,0.206923,0.204315,0.203980,0.205207
3.782,0.204185,0.202891,0.206928,0.204310,0.203974,0.205202
3.783,0.204180,0.202877,0.206932,0.204295,0.203969,0.205197
3.784,0.204175,0.202871,0.206926,0.204290,0.203964,0.205192
3.785,0.204160,0.202866,0.206921,0.204285,0.203959,0.205186
3.786,0.204174,0.202870,0.206916,0.204289,0.203963,0.205190
3.787,0.204169,0.202865,0.206921,0.204284,0.203968,0.205185
3.788,0.204173,0.202869,0.206925,0.204288,0.203972,0.205189
3.789,0.204187,0.202883,0.206939,0.204293,0.203986,0.205194
3.790,0.204192,0.202898,0.206943,0.204307,0.203990,0.205208
3.791,0.204206,0.202892,0.206957,0.204311,0.203995,0.205222
3.792,0.204210,0.202896,0.206971,0.204306,0.203999,0.205226
3.793,0.204214,0.202901,0.206985,0.204310,0.204003,0.205231
3.794,0.204219,0.202896,0.206990,0.204305,0.203998,0.205225
3.795,0.204223,0.202890,0.206994,0.204309,0.203993,0.205230
3.796,0.204218,0.202885,0.206998,0.204294,0.203988,0.205224
3.797,0.204213,0.202880,0.207003,0.204299,0.203982,0.205219
3.798,0.204217,0.202875,0.206998,0.204294,0.203977,0.205224
3.799,0.204212,0.202869,0.207002,0.204288,0.203972,0.205218
3.800,0.204206,0.202874,0.207006,0.204293,0.203976,0.205213
3.801,0.204211,0.202878,0.207011,0.204297,0.203981,0.205218
3.802,0.204215,0.202882,0.207015,0.204302,0.203985,0.205222
3.803,0.204229,0.202887,0.207019,0.204315,0.203990,0.205236
3.804,0.204234,0.202891,0.207033,0.204320,0.203994,0.205240
3.805,0.204238,0.202896,0.207038,0.204334,0.204008,0.205245
3.806,0.204252,0.202890,0.207051,0.204328,0.203993,0.205259
3.807,0.204247,0.202885,0.207065,0.204323,0.203988,0.205253
3.808,0.204241,0.202880,0.207070,0.204318,0.203982,0.205248
3.809,0.204236,0.202865,0.207074,0.204313,0.203968,0.205243
3.810,0.204222,0.202850,0.207069,0.204308,0.203963,0.205237
3.811,0.204216,0.202855,0.207064,0.204302,0.203957,0.205223
3.812,0.204211,0.202850,0.207059,0.204307,0.203952,0.205218
3.813,0.204216,0.202844,0.207063,0.204302,0.203957,0.205222
3.814,0.204220,0.202849,0.207067,0.204306,0.203951,0.205217
3.815,0.204224,0.202853,0.207072,0.204310,0.203965,0.205221
3.816,0.204229,0.202867,0.207076,0.204324,0.203979,0.205226
3.817,0.204243,0.202871,0.207090,0.204338,0.203984,0.205240
3.818,0.204247,0.202866,0.207104,0.204333,0.203979,0.205244
3.819,0.204251,0.202871,0.207118,0.204337,0.203983,0.205248
3.820,0.204256,0.202865,0.207122,0.204342,0.203977,0.205253
3.821,0.204251,0.202860,0.207126,0.204336,0.203972,0.205247
3.822,0.204255,0.202855,0.207131,0.204331,0.203967,0.205242
3.823,0.204249,0.202859,0.207135,0.204326,0.203971,0.205237
3.824,0.204254,0.202844,0.207130,0.204321,0.203966,0.205241
3.825,0.204248,0.202849,0.207134,0.204325,0.203961,0.205236
3.826,0.204253,0.202853,0.207139,0.204330,0.203975,0.205231
3.827,0.204257,0.202858,0.207143,0.204334,0.203979,0.205235
3.828,0.204262,0.202862,0.207147,0.204338,0.203984,0.205240
3.829,0.204275,0.202866,0.207161,0.204343,0.203988,0.205253
3.830,0.204280,0.202880,0.207166,0.204357,0.204002,0.205258
3.831,0.204294,0.202894,0.207180,0.204371,0.204016,0.205272
3.832,0.204308,0.202889,0.207194,0.204365,0.204011,0.205276
3.833,0.204312,0.202884,0.207208,0.204370,0.204006,0.205280
3.834,0.204307,0.202879,0.207222,0.204365,0.204000,0.205275
3.835,0.204302,0.202873,0.207217,0.204360,0.203995,0.205270
3.836,0.204296,0.202858,0.207221,0.204354,0.203980,0.205265
3.837,0.204291,0.202853,0.207225,0.204349,0.203975,0.205260
3.838,0.204296,0.202858,0.207220,0.204353,0.203979,0.205245
3.839,0.204300,0.202852,0.207214,0.204348,0.203984,0.205259
3.840,0.204295,0.202857,0.207219,0.204352,0.203979,0.205253
3.841,0.204299,0.202861,0.207223,0.204357,0.203983,0.205258
3.842,0.204313,0.202875,0.207238,0.204371,0.203997,0.205262
3.843,0.204327,0.202879,0.207242,0.204384,0.204001,0.205276
3.844,0.204331,0.202884,0.207256,0.204389,0.204006,0.205281
3.845,0.204336,0.202888,0.207279,0.204393,0.204000,0.205285
3.846,0.204340,0.202883,0.207284,0.204388,0.204005,0.205280
3.847,0.204335,0.202878,0.207288,0.204392,0.204000,0.205284
3.848,0.204330,0.202863,0.207292,0.204387,0.203984,0.205279
3.849,0.204325,0.202867,0.207297,0.204382,0.203989,0.205274
3.850,0.204329,0.202852,0.207291,0.204377,0.203974,0.205269
3.851,0.204324,0.202857,0.207296,0.204372,0.203979,0.205263
3.852,0.204318,0.202852,0.207300,0.204376,0.203973,0.205258
3.853,0.204323,0.202856,0.207295,0.204381,0.203978,0.205263
3.854,0.204327,0.202860,0.207299,0.204394,0.203982,0.205267
3.855,0.204331,0.202865,0.207313,0.204399,0.203987,0.205271
3.856,0.204346,0.202879,0.207318,0.204403,0.204000,0.205276
3.857,0.204360,0.202892,0.207332,0.204417,0.204014,0.205280
3.858,0.204364,0.202887,0.207345,0.204421,0.204009,0.205294
3.859,0.204368,0.202882,0.207360,0.204416,0.204004,0.205289
3.860,0.204373,0.202877,0.207364,0.204421,0.204008,0.205293
3.861,0.204368,0.202872,0.207368,0.204416,0.204003,0.205288
3.862,0.204362,0.202866,0.207373,0.204400,0.203988,0.205273
3.863,0.204357,0.202861,0.207367,0.204395,0.203983,0.205268
3.864,0.204352,0.202865,0.207372,0.204400,0.203987,0.205263
3.865,0.204366,0.202870,0.207366,0.204404,0.203992,0.205267
3.866,0.204370,0.202874,0.207371,0.204408,0.203996,0.205262
3.867,0.204374,0.202879,0.207375,0.204413,0.204000,0.205266
3.868,0.204388,0.202893,0.207389,0.204417,0.204014,0.205280
3.869,0.204402,0.202907,0.207393,0.204431,0.204029,0.205284
3.870,0.204416,0.202901,0.207417,0.204435,0.204023,0.205298
3.871,0.204411,0.202906,0.207431,0.204440,0.204027,0.205303
3.872,0.204425,0.202910,0.207435,0.204444,0.204032,0.205307
3.873,0.204429,0.202905,0.207449,0.204439,0.204027,0.205302
3.874,0.204424,0.202900,0.207454,0.204434,0.204021,0.205297
3.875,0.204419,0.202904,0.207458,0.204429,0.204016,0.205291
3.876,0.204423,0.202899,0.207462,0.204433,0.204011,0.205286
3.877,0.204418,0.202894,0.207457,0.204428,0.204006,0.205290
3.878,0.204413,0.202898,0.207462,0.204422,0.204010,0.205285
3.879,0.204417,0.202902,0.207457,0.204437,0.204015,0.205290
3.880,0.204421,0.202907,0.207461,0.204441,0.204019,0.205294
3.881,0.204426,0.202911,0.207475,0.204445,0.204013,0.205298
3.882,0.204430,0.202916,0.207479,0.204450,0.204028,0.205303
3.883,0.204444,0.202929,0.207493,0.204464,0.204032,0.205307
3.884,0.204458,0.202924,0.207497,0.204477,0.204037,0.205321
3.885,0.204453,0.202919,0.207521,0.204472,0.204031,0.205325
3.886,0.204457,0.202914,0.207535,0.204467,0.204016,0.205320
3.887,0.204452,0.202908,0.207529,0.204461,0.204011,0.205315
3.888,0.204447,0.202903,0.207534,0.204456,0.204006,0.205310
3.889,0.204432,0.202889,0.207529,0.204442,0.203991,0.205295
3.890,0.204427,0.202893,0.207524,0.204446,0.203995,0.205280
3.891,0.204431,0.202897,0.207518,0.204450,0.203990,0.205284
3.892,0.204435,0.202892,0.207523,0.204455,0.203994,0.205289
3.893,0.204440,0.202906,0.207537,0.204450,0.203999,0.205293
3.894,0.204444,0.202920,0.207541,0.204464,0.204013,0.205288
3.895,0.204458,0.202934,0.207545,0.204477,0.204027,0.205302
3.896,0.204472,0.202929,0.207559,0.204482,0.204031,0.205316
3.897,0.204477,0.202933,0.207573,0.204486,0.204036,0.205320
3.898,0.204481,0.202937,0.207587,0.204490,0.204040,0.205325
3.899,0.204495,0.202932,0.207592,0.204485,0.204035,0.205329
3.900,0.204490,0.202937,0.207606,0.204480,0.204029,0.205324
3.901,0.204485,0.202931,0.207610,0.204475,0.204024,0.205319
3.902,0.204489,0.202936,0.207614,0.204479,0.204029,0.205313
3.903,0.204493,0.202930,0.207609,0.204474,0.204023,0.205318
3.904,0.204488,0.202935,0.207623,0.204478,0.204028,0.205313
3.905,0.204492,0.202939,0.207618,0.204483,0.204032,0.205317
3.906,0.204506,0.202953,0.207622,0.204487,0.204037,0.205321
3.907,0.204511,0.202958,0.207636,0.204491,0.204041,0.205335
3.908,0.204525,0.202972,0.207641,0.204506,0.204055,0.205340
3.909,0.204529,0.202985,0.207654,0.204519,0.204069,0.205344
3.910,0.204552,0.202990,0.207668,0.204524,0.204073,0.205358
3.911,0.204557,0.202985,0.207682,0.204528,0.204068,0.205372
3.912,0.204552,0.202989,0.207706,0.204523,0.204063,0.205367
3.913,0.204556,0.202984,0.207710,0.204517,0.204058,0.205361
3.914,0.204551,0.202979,0.207715,0.204512,0.204052,0.205356
3.915,0.204546,0.202964,0.207710,0.204507,0.204037,0.205351
3.916,0.204540,0.202977,0.207714,0.204502,0.204042,0.205346
3.917,0.204545,0.202972,0.207708,0.204506,0.204037,0.205350
3.918,0.204549,0.202977,0.207703,0.204511,0.204041,0.205345
3.919,0.204553,0.202981,0.207717,0.204515,0.204045,0.205349
3.920,0.204558,0.202995,0.207721,0.204519,0.204050,0.205354
3.921,0.204562,0.203009,0.207726,0.204533,0.204064,0.205367
3.922,0.204576,0.203004,0.207740,0.204538,0.204058,0.205381
3.923,0.204581,0.203008,0.207754,0.204542,0.204063,0.205376
3.924,0.204585,0.203012,0.207777,0.204546,0.204067,0.205380
3.925,0.204589,0.203007,0.207772,0.204541,0.204062,0.205385
3.926,0.204584,0.203002,0.207786,0.204536,0.204057,0.205380
3.927,0.204579,0.202997,0.207790,0.204531,0.204042,0.205375
3.928,0.204573,0.203001,0.207785,0.204525,0.204046,0.205369
3.929,0.204578,0.202996,0.207790,0.204530,0.204041,0.205374
3.930,0.204573,0.202991,0.207785,0.204525,0.204036,0.205359
3.931,0.204568,0.203005,0.207789,0.204529,0.204040,0.205363
3.932,0.204572,0.203009,0.207793,0.204524,0.204045,0.205367
3.933,0.204586,0.203014,0.207798,0.204528,0.204049,0.205372
3.934,0.204590,0.203027,0.207802,0.204542,0.204063,0.205376
3.935,0.204604,0.203041,0.207816,0.204546,0.204077,0.205380
3.936,0.204618,0.203046,0.207820,0.204560,0.204081,0.205395
3.937,0.204622,0.203050,0.207844,0.204555,0.204076,0.205409
3.938,0.204627,0.203045,0.207858,0.204560,0.204080,0.205404
3.939,0.204631,0.203049,0.207872,0.204554,0.204075,0.205398
3.940,0.204626,0.203044,0.207867,0.204540,0.204070,0.205393
3.941,0.204621,0.203039,0.207871,0.204535,0.204065,0.205388
3.942,0.204616,0.203043,0.207875,0.204529,0.204059,0.205383
3.943,0.204620,0.203048,0.207870,0.204533,0.204064,0.205377
3.944,0.204624,0.203052,0.207865,0.204528,0.204068,0.205382
3.945,0.204638,0.203056,0.207879,0.204533,0.204072,0.205386
3.946,0.204643,0.203070,0.207883,0.204546,0.204087,0.205390
3.947,0.204656,0.203084,0.207887,0.204561,0.204101,0.205395
3.948,0.204670,0.203098,0.207902,0.204565,0.204105,0.205418
3.949,0.204685,0.203102,0.207915,0.204570,0.204109,0.205423
3.950,0.204689,0.203107,0.207939,0.204574,0.204104,0.205427
3.951,0.204693,0.203111,0.207943,0.204578,0.204108,0.205431
3.952,0.204698,0.203106,0.207957,0.204573,0.204103,0.205426
3.953,0.204692,0.203101,0.207961,0.204567,0.204098,0.205421
3.954,0.204687,0.203105,0.207966,0.204562,0.204093,0.205416
3.955,0.204691,0.203100,0.207970,0.204567,0.204087,0.205420
3.956,0.204686,0.203094,0.207965,0.204562,0.204082,0.205415
3.957,0.204681,0.203109,0.207969,0.204566,0.204087,0.205409
3.958,0.204695,0.203113,0.207974,0.204570,0.204091,0.205414
3.959,0.204699,0.203118,0.207978,0.204575,0.204095,0.205418
3.960,0.204704,0.203122,0.207983,0.204579,0.204100,0.205423
3.961,0.204708,0.203136,0.207996,0.204583,0.204114,0.205427
3.962,0.204722,0.203150,0.208001,0.204597,0.204118,0.205441
3.963,0.204726,0.203145,0.208015,0.204602,0.204122,0.205455
3.964,0.204731,0.203139,0.208029,0.204596,0.204117,0.205450
3.965,0.204725,0.203134,0.208043,0.204591,0.204102,0.205444
3.966,0.204720,0.203129,0.208047,0.204586,0.204097,0.205439
3.967,0.204715,0.203123,0.208042,0.204571,0.204092,0.205434
3.968,0.204710,0.203118,0.208046,0.204566,0.204087,0.205419
3.969,0.204704,0.203132,0.208041,0.204570,0.204091,0.205414
3.970,0.204709,0.203127,0.208036,0.204575,0.204095,0.205418
3.971,0.204713,0.203131,0.208040,0.204570,0.204100,0.205423
3.972,0.204717,0.203145,0.208044,0.204574,0.204104,0.205417
3.973,0.204732,0.203159,0.208049,0.204588,0.204118,0.205431
3.974,0.204746,0.203173,0.208063,0.204602,0.204132,0.205446
3.975,0.204760,0.203177,0.208077,0.204597,0.204136,0.205450
3.976,0.204764,0.203182,0.208091,0.204601,0.204141,0.205454
3.977,0.204768,0.203186,0.208105,0.204605,0.204145,0.205459
3.978,0.204773,0.203190,0.208119,0.204600,0.204140,0.205463
3.979,0.204777,0.203185,0.208123,0.204595,0.204135,0.205457
3.980,0.204772,0.203190,0.208127,0.204590,0.204139,0.205452
3.981,0.204776,0.203185,0.208132,0.204594,0.204134,0.205447
3.982,0.204781,0.203189,0.208127,0.204589,0.204138,0.205452
3.983,0.204775,0.203193,0.208140,0.204593,0.204143,0.205446
3.984,0.204789,0.203198,0.208135,0.204597,0.204147,0.205451
3.985,0.204794,0.203212,0.208149,0.204602,0.204151,0.205455
3.986,0.204808,0.203216,0.208153,0.204606,0.204165,0.205460
3.987,0.204812,0.203230,0.208167,0.204610,0.204170,0.205464
3.988,0.204826,0.203244,0.208172,0.204625,0.204183,0.205478
3.989,0.204840,0.203248,0.208186,0.204629,0.204188,0.205492
3.990,0.204844,0.203253,0.208209,0.204623,0.204183,0.205496
3.991,0.204848,0.203247,0.208223,0.204618,0.204178,0.205491
3.992,0.204843,0.203242,0.208228,0.204613,0.204172,0.205486
3.993,0.204838,0.203237,0.208232,0.204608,0.204157,0.205481
3.994,0.204833,0.203232,0.208227,0.204603,0.204152,0.205465
3.995,0.204828,0.203236,0.208231,0.204607,0.204156,0.205460
3.996,0.204832,0.203241,0.208226,0.204602,0.204161,0.205465
3.997,0.204837,0.203245,0.208221,0.204607,0.204156,0.205469
3.998,0.204841,0.203249,0.208235,0.204611,0.204170,0.205464
3.999,0.204845,0.203263,0.208239,0.204625,0.204183,0.205468
4.000,0.204859,0.203277,0.208244,0.204639,0.204188,0.205482
4.001,0.204873,0.203281,0.208257,0.204633,0.204192,0.205496
4.002,0.204877,0.203286,0.208281,0.204638,0.204187,0.205491
4.003,0.204882,0.203281,0.208295,0.204642,0.204191,0.205495
4.004,0.204886,0.203285,0.208299,0.204637,0.204186,0.205500
4.005,0.204881,0.203280,0.208303,0.204622,0.204181,0.205494
4.006,0.204876,0.203275,0.208308,0.204617,0.204185,0.205489
4.007,0.204880,0.203279,0.208312,0.204621,0.204180,0.205484
4.008,0.204885,0.203274,0.208307,0.204616,0.204175,0.205479
4.009,0.204879,0.203278,0.208311,0.204611,0.204179,0.205473
4.010,0.204884,0.203283,0.208316,0.204615,0.204184,0.205478
4.011,0.204888,0.203287,0.208311,0.204620,0.204198,0.205482
4.012,0.204902,0.203301,0.208324,0.204624,0.204202,0.205487
4.013,0.204906,0.203305,0.208329,0.204628,0.204207,0.205491
4.014,0.204920,0.203329,0.208343,0.204642,0.204220,0.205495
4.015,0.204934,0.203333,0.208347,0.204647,0.204234,0.205510
4.016,0.204948,0.203337,0.208371,0.204641,0.204229,0.205514
4.017,0.204952,0.203332,0.208385,0.204636,0.204224,0.205518
4.018,0.204947,0.203327,0.208399,0.204631,0.204228,0.205513
4.019,0.204952,0.203322,0.208393,0.204616,0.204213,0.205508
4.020,0.204946,0.203316,0.208398,0.204611,0.204208,0.205493
4.021,0.204941,0.203331,0.208402,0.204606,0.204212,0.205488
4.022,0.204946,0.203335,0.208397,0.204610,0.204217,0.205492
4.023,0.204950,0.203339,0.208392,0.204614,0.204221,0.205497
4.024,0.204964,0.203344,0.208406,0.204609,0.204226,0.205501
4.025,0.204968,0.203358,0.208410,0.204623,0.204239,0.205505
4.026,0.204982,0.203371,0.208424,0.204637,0.204254,0.205519
4.027,0.204996,0.203376,0.208428,0.204632,0.204258,0.205533
4.028,0.205000,0.203380,0.208452,0.204636,0.204262,0.205528
4.029,0.205005,0.203385,0.208466,0.204641,0.204257,0.205532
4.030,0.205019,0.203389,0.208470,0.204636,0.204261,0.205537
4.031,0.205013,0.203384,0.208484,0.204630,0.204247,0.205531
4.032,0.205008,0.203379,0.208489,0.204625,0.204241,0.205526
4.033,0.205003,0.203383,0.208493,0.204620,0.204246,0.205521
4.034,0.205008,0.203378,0.208488,0.204614,0.204241,0.205525
4.035,0.205002,0.203372,0.208492,0.204619,0.204235,0.205510
4.036,0.205007,0.203387,0.208497,0.204623,0.204240,0.205515
4.037,0.205011,0.203391,0.208491,0.204628,0.204244,0.205519
4.038,0.205025,0.203395,0.208495,0.204632,0.204249,0.205523
4.039,0.205029,0.203400,0.208510,0.204627,0.204253,0.205528
4.040,0.205034,0.203414,0.208514,0.204641,0.204267,0.205532
4.041,0.205048,0.203427,0.208528,0.204655,0.204271,0.205546
4.042,0.205061,0.203422,0.208532,0.204649,0.204266,0.205550
4.043,0.205056,0.203417,0.208556,0.204644,0.204260,0.205545
4.044,0.205051,0.203412,0.208560,0.204639,0.204255,0.205540
4.045,0.205046,0.203406,0.208564,0.204633,0.204241,0.205535
4.046,0.205041,0.203392,0.208559,0.204619,0.204236,0.205520
4.047,0.205035,0.203396,0.208564,0.204614,0.204240,0.205515
4.048,0.205040,0.203400,0.208559,0.204618,0.204244,0.205519
4.049,0.205044,0.203405,0.208553,0.204613,0.204249,0.205514
4.050,0.205048,0.203409,0.208558,0.204617,0.204243,0.205518
4.051,0.205053,0.203423,0.208572,0.204622,0.204267,0.205523
4.052,0.205077,0.203446,0.208576,0.204636,0.204281,0.205537
4.053,0.205090,0.203451,0.208580,0.204640,0.204276,0.205550
4.054,0.205095,0.203455,0.208604,0.204644,0.204289,0.205555
4.055,0.205099,0.203460,0.208618,0.204649,0.204294,0.205559
4.056,0.205113,0.203464,0.208622,0.204643,0.204289,0.205564
4.057,0.205117,0.203459,0.208636,0.204638,0.204284,0.205568
4.058,0.205112,0.203454,0.208650,0.204633,0.204278,0.205563
4.059,0.205107,0.203458,0.208655,0.204628,0.204283,0.205548
4.060,0.205121,0.203462,0.208649,0.204622,0.204277,0.205552
4.061,0.205116,0.203457,0.208654,0.204627,0.204281,0.205547
4.062,0.205120,0.203471,0.208658,0.204622,0.204286,0.205552
4.063,0.205125,0.203475,0.208662,0.204626,0.204290,0.205556
4.064,0.205138,0.203489,0.208667,0.204640,0.204295,0.205560
4.065,0.205143,0.203494,0.208671,0.204635,0.204299,0.205574
4.066,0.205147,0.203508,0.208685,0.204649,0.204313,0.205579
4.067,0.205161,0.203522,0.208699,0.204662,0.204327,0.205593
4.068,0.205175,0.203516,0.208703,0.204657,0.204322,0.205597
4.069,0.205179,0.203511,0.208727,0.204652,0.204316,0.205601
4.070,0.205174,0.203506,0.208741,0.204647,0.204311,0.205596
4.071,0.205169,0.203501,0.208745,0.204642,0.204297,0.205591
4.072,0.205173,0.203496,0.208740,0.204636,0.204292,0.205576
4.073,0.205159,0.203491,0.208744,0.204631,0.204286,0.205571
4.074,0.205153,0.203495,0.208739,0.204636,0.204291,0.205566
4.075,0.205167,0.203499,0.208734,0.204630,0.204285,0.205570
4.076,0.205162,0.203494,0.208738,0.204625,0.204280,0.205574
4.077,0.205167,0.203508,0.208743,0.204639,0.204294,0.205569
4.078,0.205171,0.203522,0.208747,0.204653,0.204308,0.205583
4.079,0.205194,0.203526,0.208751,0.204657,0.204303,0.205597
4.080,0.205199,0.203531,0.208765,0.204652,0.204307,0.205601
4.081,0.205194,0.203535,0.208779,0.204657,0.204302,0.205596
4.082,0.205198,0.203530,0.208793,0.204651,0.204306,0.205600
4.083,0.205202,0.203524,0.208797,0.204646,0.204292,0.205605
4.084,0.205197,0.203519,0.208802,0.204641,0.204286,0.205600
4.085,0.205192,0.203523,0.208806,0.204636,0.204291,0.205585
4.086,0.205196,0.203518,0.208801,0.204630,0.204276,0.205589
4.087,0.205191,0.203523,0.208796,0.204625,0.204280,0.205584
4.088,0.205195,0.203527,0.208800,0.204630,0.204284,0.205588
4.089,0.205200,0.203531,0.208804,0.204634,0.204289,0.205583
4.090,0.205204,0.203536,0.208809,0.204638,0.204293,0.205597
4.091,0.205218,0.203540,0.208813,0.204643,0.204297,0.205601
4.092,0.205222,0.203554,0.208818,0.204647,0.204312,0.205606
4.093,0.205237,0.203568,0.208831,0.204661,0.204326,0.205620
4.094,0.205250,0.203572,0.208836,0.204656,0.204320,0.205634
4.095,0.205255,0.203577,0.208860,0.204651,0.204315,0.205629
4.096,0.205259,0.203571,0.208874,0.204646,0.204310,0.205623
4.097,0.205254,0.203566,0.208878,0.204640,0.204305,0.205618
4.098,0.205258,0.203561,0.208882,0.204625,0.204299,0.205622
4.099,0.205253,0.203556,0.208877,0.204620,0.204294,0.205608
4.100,0.205248,0.203560,0.208881,0.204625,0.204299,0.205603
4.101,0.205252,0.203565,0.208876,0.204619,0.204303,0.205616
4.102,0.205256,0.203569,0.208871,0.204624,0.204297,0.205611
4.103,0.205261,0.203573,0.208885,0.204628,0.204302,0.205616
4.104,0.205265,0.203597,0.208889,0.204642,0.204326,0.205629
4.105,0.205289,0.203611,0.208894,0.204656,0.204330,0.205643
4.106,0.205303,0.203606,0.208898,0.204651,0.204325,0.205657
4.107,0.205298,0.203610,0.208922,0.204655,0.204329,0.205652
4.108,0.205302,0.203614,0.208935,0.204659,0.204324,0.205656
4.109,0.205306,0.203609,0.208940,0.204654,0.204318,0.205661
4.110,0.205301,0.203604,0.208944,0.204649,0.204304,0.205656
4.111,0.205296,0.203599,0.208958,0.204644,0.204308,0.205651
4.112,0.205290,0.203603,0.208953,0.204638,0.204294,0.205645
4.113,0.205295,0.203598,0.208948,0.204633,0.204288,0.205650
4.114,0.205290,0.203592,0.208952,0.204638,0.204292,0.205635
4.115,0.205285,0.203597,0.208956,0.204642,0.204287,0.205639
4.116,0.205298,0.203611,0.208951,0.204646,0.204292,0.205643
4.117,0.205303,0.203606,0.208956,0.204641,0.204296,0.205648
4.118,0.205307,0.203619,0.208960,0.204655,0.204300,0.205652
4.119,0.205311,0.203624,0.208974,0.204669,0.204314,0.205656
4.120,0.205325,0.203628,0.208978,0.204673,0.204309,0.205670
4.121,0.205330,0.203623,0.208983,0.204659,0.204304,0.205675
4.122,0.205325,0.203618,0.209006,0.204654,0.204289,0.205670
4.123,0.205319,0.203622,0.209010,0.204648,0.204284,0.205664
4.124,0.205324,0.203608,0.209005,0.204643,0.204269,0.205659
4.125,0.205309,0.203603,0.209010,0.204628,0.204264,0.205654
4.126,0.205304,0.203607,0.209004,0.204642,0.204268,0.205639
4.127,0.205308,0.203611,0.208999,0.204637,0.204273,0.205653
4.128,0.205312,0.203616,0.208994,0.204641,0.204267,0.205648
4.129,0.205317,0.203620,0.208999,0.204636,0.204281,0.205652
4.130,0.205321,0.203634,0.209012,0.204650,0.204295,0.205656
4.131,0.205335,0.203648,0.209017,0.204664,0.204309,0.205671
4.132,0.205359,0.203652,0.209021,0.204668,0.204304,0.205694
4.133,0.205363,0.203656,0.209035,0.204673,0.204308,0.205689
4.134,0.205367,0.203661,0.209058,0.204667,0.204313,0.205693
4.135,0.205372,0.203665,0.209063,0.204672,0.204307,0.205698
4.136,0.205376,0.203660,0.209067,0.204657,0.204293,0.205693
4.137,0.205371,0.203655,0.209081,0.204652,0.204297,0.205687
4.138,0.205365,0.203659,0.209085,0.204656,0.204292,0.205691
4.139,0.205370,0.203654,0.209080,0.204651,0.204286,0.205686
4.140,0.205365,0.203658,0.209075,0.204646,0.204281,0.205691
4.141,0.205369,0.203662,0.209079,0.204650,0.204286,0.205685
4.142,0.205373,0.203667,0.209084,0.204664,0.204299,0.205690
4.143,0.205387,0.203671,0.209079,0.204668,0.204294,0.205704
4.144,0.205392,0.203676,0.209092,0.204673,0.204308,0.205708
4.145,0.205396,0.203690,0.209106,0.204687,0.204313,0.205712
4.146,0.205410,0.203704,0.209111,0.204691,0.204317,0.205726
4.147,0.205415,0.203699,0.209115,0.204686,0.204302,0.205731
4.148,0.205409,0.203693,0.209129,0.204680,0.204297,0.205726
4.149,0.205404,0.203688,0.209143,0.204675,0.204292,0.205720
4.150,0.205408,0.203673,0.209148,0.204670,0.204277,0.205725
4.151,0.205394,0.203668,0.209142,0.204656,0.204262,0.205710
4.152,0.205388,0.203672,0.209146,0.204660,0.204267,0.205705
4.153,0.205383,0.203667,0.209141,0.204664,0.204261,0.205709
4.154,0.205388,0.203672,0.209127,0.204659,0.204266,0.205704
4.155,0.205392,0.203666,0.209131,0.204663,0.204261,0.205708
4.156,0.205396,0.203680,0.209135,0.204677,0.204275,0.205712
4.157,0.205401,0.203694,0.209140,0.204691,0.204288,0.205727
4.158,0.205415,0.203699,0.209144,0.204686,0.204283,0.205741
4.159,0.205419,0.203703,0.209158,0.204690,0.204278,0.205736
4.160,0.205423,0.203698,0.209172,0.204695,0.204283,0.205740
4.161,0.205428,0.203702,0.209176,0.204689,0.204277,0.205744
4.162,0.205432,0.203697,0.209181,0.204684,0.204262,0.205739
4.163,0.205427,0.203682,0.209185,0.204679,0.204257,0.205733
4.164,0.205412,0.203686,0.209189,0.204674,0.204261,0.205728
4.165,0.205416,0.203681,0.209194,0.204669,0.204247,0.205723
4.166,0.205411,0.203685,0.209179,0.204664,0.204251,0.205718
4.167,0.205415,0.203690,0.209183,0.204668,0.204256,0.205722
4.168,0.205420,0.203694,0.209188,0.204682,0.204260,0.205727
4.169,0.205434,0.203699,0.209183,0.204686,0.204264,0.205731
4.170,0.205438,0.203712,0.209196,0.204681,0.204269,0.205745
4.171,0.205442,0.203717,0.209201,0.204695,0.204283,0.205749
4.172,0.205456,0.203731,0.209215,0.204699,0.204287,0.205754
4.173,0.205471,0.203725,0.209219,0.204704,0.204282,0.205768
4.174,0.205475,0.203720,0.209233,0.204688,0.204267,0.205762
4.175,0.205469,0.203725,0.209247,0.204683,0.204271,0.205757
4.176,0.205464,0.203710,0.209252,0.204678,0.204256,0.205752
4.177,0.205459,0.203704,0.209246,0.204664,0.204242,0.205747
4.178,0.205454,0.203709,0.209241,0.204668,0.204246,0.205741
4.179,0.205449,0.203704,0.209236,0.204672,0.204250,0.205736
4.180,0.205453,0.203708,0.209231,0.204667,0.204245,0.205741
4.181,0.205458,0.203712,0.209225,0.204671,0.204250,0.205745
4.182,0.205462,0.203717,0.209239,0.204676,0.204254,0.205749
4.183,0.205466,0.203731,0.209234,0.204690,0.204268,0.205754
4.184,0.205480,0.203735,0.209239,0.204694,0.204263,0.205777
4.185,0.205494,0.203739,0.209252,0.204698,0.204267,0.205772
4.186,0.205489,0.203744,0.209266,0.204693,0.204261,0.205776
4.187,0.205493,0.203739,0.209280,0.204698,0.204256,0.205771
4.188,0.205498,0.203733,0.209275,0.204692,0.204242,0.205776
4.189,0.205492,0.203719,0.209279,0.204677,0.204237,0.205770
4.190,0.205477,0.203723,0.209284,0.204682,0.204231,0.205756
4.191,0.205482,0.203718,0.209279,0.204677,0.204226,0.205760
4.192,0.205477,0.203712,0.209273,0.204671,0.204221,0.205755
4.193,0.205471,0.203717,0.209278,0.204676,0.204216,0.205749
4.194,0.205466,0.203721,0.209273,0.204680,0.204220,0.205754
4.195,0.205471,0.203725,0.209267,0.204685,0.204224,0.205758
4.196,0.205485,0.203720,0.209271,0.204679,0.204229,0.205762
4.197,0.205479,0.203734,0.209276,0.204693,0.204233,0.205757
4.198,0.205493,0.203739,0.209290,0.204707,0.204237,0.205771
4.199,0.205507,0.203743,0.209284,0.204702,0.204232,0.205776
4.200,0.205502,0.203738,0.209299,0.204697,0.204217,0.205780
4.201,0.205497,0.203733,0.209313,0.204691,0.204212,0.205765
4.202,0.205492,0.203718,0.209317,0.204677,0.204207,0.205760
4.203,0.205487,0.203713,0.209312,0.204671,0.204192,0.205755
4.204,0.205481,0.203707,0.209306,0.204666,0.204197,0.205749
4.205,0.205476,0.203712,0.209301,0.204671,0.204201,0.205744
4.206,0.205480,0.203716,0.209296,0.204666,0.204196,0.205749
4.207,0.205485,0.203720,0.209291,0.204670,0.204200,0.205753
4.208,0.205489,0.203725,0.209295,0.204674,0.204214,0.205748
4.209,0.205493,0.203739,0.209300,0.204688,0.204228,0.205762
4.210,0.205517,0.203753,0.209304,0.204702,0.204223,0.205776
4.211,0.205531,0.203748,0.209308,0.204697,0.204227,0.205790
4.212,0.205526,0.203752,0.209322,0.204701,0.204231,0.205784
4.213,0.205530,0.203757,0.209346,0.204706,0.204226,0.205789
4.214,0.205535,0.203751,0.209340,0.204700,0.204221,0.205793
4.215,0.205539,0.203746,0.209345,0.204685,0.204206,0.205788
4.216,0.205524,0.203741,0.209349,0.204690,0.204210,0.205773
4.217,0.205528,0.203745,0.209354,0.204685,0.204205,0.205778
4.218,0.205523,0.203740,0.209348,0.204679,0.204200,0.205772
4.219,0.205518,0.203735,0.209343,0.204684,0.204205,0.205767
4.220,0.205522,0.203739,0.209338,0.204688,0.204209,0.205772
4.221,0.205527,0.203753,0.209343,0.204693,0.204213,0.205776
4.222,0.205531,0.203748,0.209337,0.204687,0.204208,0.205780
4.223,0.205535,0.203762,0.209351,0.204701,0.204222,0.205785
4.224,0.205540,0.203766,0.209356,0.204715,0.204226,0.205789
4.225,0.205554,0.203770,0.209360,0.204710,0.204221,0.205803
4.226,0.205558,0.203765,0.209364,0.204705,0.204206,0.205798
4.227,0.205553,0.203750,0.209378,0.204700,0.204201,0.205792
4.228,0.205538,0.203745,0.209383,0.204694,0.204186,0.205778
4.229,0.205533,0.203730,0.209377,0.204679,0.204171,0.205772
4.230,0.205527,0.203725,0.209372,0.204674,0.204166,0.205758
4.231,0.205513,0.203730,0.209367,0.204679,0.204170,0.205752
4.232,0.205517,0.203724,0.209362,0.204674,0.204165,0.205757
4.233,0.205512,0.203719,0.209347,0.204668,0.204160,0.205751
4.234,0.205516,0.203723,0.209351,0.204673,0.204164,0.205756
4.235,0.205521,0.203738,0.209356,0.204687,0.204178,0.205760
4.236,0.205535,0.203751,0.209350,0.204701,0.204183,0.205774
4.237,0.205539,0.203746,0.209355,0.204695,0.204178,0.205778
4.238,0.205543,0.203741,0.209369,0.204690,0.204182,0.205773
4.239,0.205538,0.203745,0.209383,0.204695,0.204177,0.205768
4.240,0.205543,0.203740,0.209377,0.204689,0.204172,0.205772
4.241,0.205547,0.203725,0.209382,0.204674,0.204157,0.205767
4.242,0.205532,0.203730,0.209386,0.204669,0.204161,0.205762
4.243,0.205527,0.203724,0.209381,0.204674,0.204156,0.205757
4.244,0.205531,0.203719,0.209376,0.204659,0.204151,0.205751
4.245,0.205526,0.203714,0.209370,0.204663,0.204155,0.205746
4.246,0.205530,0.203728,0.209375,0.204667,0.204159,0.205751
4.247,0.205535,0.203732,0.209369,0.204672,0.204164,0.205755
4.248,0.205548,0.203737,0.209364,0.204666,0.204159,0.205759
4.249,0.205543,0.203741,0.209369,0.204671,0.204172,0.205764
4.250,0.205557,0.203755,0.209383,0.204685,0.204186,0.205768
4.251,0.205571,0.203759,0.209387,0.204689,0.204181,0.205782
4.252,0.205575,0.203754,0.209391,0.204684,0.204167,0.205786
4.253,0.205570,0.203749,0.209405,0.204679,0.204161,0.205772
4.254,0.205565,0.203743,0.209410,0.204674,0.204156,0.205767
4.255,0.205560,0.203729,0.209404,0.204659,0.204141,0.205761
4.256,0.205555,0.203724,0.209399,0.204653,0.204136,0.205746
4.257,0.205540,0.203728,0.209404,0.204658,0.204140,0.205741
4.258,0.205544,0.203723,0.209389,0.204653,0.204135,0.205746
4.259,0.205548,0.203727,0.209384,0.204657,0.204139,0.205740
4.260,0.205543,0.203722,0.209388,0.204661,0.204143,0.205745
4.261,0.205548,0.203736,0.209383,0.204675,0.204158,0.205749
4.262,0.205562,0.203750,0.209387,0.204680,0.204162,0.205763
4.263,0.205576,0.203745,0.209391,0.204684,0.204157,0.205767
4.264,0.205570,0.203739,0.209406,0.204679,0.204151,0.205762
4.265,0.205565,0.203743,0.209420,0.204683,0.204146,0.205767
4.266,0.205569,0.203738,0.209414,0.204678,0.204141,0.205761
4.267,0.205564,0.203724,0.209419,0.204673,0.204126,0.205756
4.268,0.205559,0.203719,0.209413,0.204668,0.204131,0.205741
4.269,0.205545,0.203713,0.209417,0.204663,0.204116,0.205736
4.270,0.205549,0.203708,0.209412,0.204657,0.204111,0.205731
4.271,0.205543,0.203703,0.209398,0.204652,0.204105,0.205726
4.272,0.205538,0.203707,0.209402,0.204656,0.204110,0.205721
4.273,0.205533,0.203711,0.209397,0.204660,0.204114,0.205725
4.274,0.205547,0.203706,0.209392,0.204665,0.204109,0.205729
4.275,0.205542,0.203711,0.209396,0.204669,0.204123,0.205724
4.276,0.205546,0.203724,0.209401,0.204683,0.204127,0.205728
4.277,0.205560,0.203729,0.209405,0.204687,0.204132,0.205742
4.278,0.205564,0.203724,0.209409,0.204682,0.204117,0.205747
4.279,0.205559,0.203719,0.209414,0.204668,0.204111,0.205741
4.280,0.205554,0.203713,0.209427,0.204663,0.204106,0.205727
4.281,0.205549,0.203698,0.209422,0.204657,0.204101,0.205731
4.282,0.205544,0.203693,0.209417,0.204652,0.204086,0.205716
4.283,0.205538,0.203688,0.209412,0.204647,0.204091,0.205701
4.284,0.205533,0.203692,0.209406,0.204651,0.204095,0.205706
4.285,0.205537,0.203697,0.209392,0.204655,0.204100,0.205710
4.286,0.205542,0.203692,0.209396,0.204650,0.204104,0.205714
4.287,0.205546,0.203705,0.209401,0.204664,0.204118,0.205709
4.288,0.205550,0.203729,0.209395,0.204678,0.204132,0.205723
4.289,0.205574,0.203724,0.209400,0.204682,0.204126,0.205737
4.290,0.205579,0.203728,0.209404,0.204687,0.204121,0.205742
4.291,0.205573,0.203723,0.209427,0.204682,0.204126,0.205736
4.292,0.205577,0.203727,0.209432,0.204686,0.204121,0.205740
4.293,0.205582,0.203713,0.209427,0.204681,0.204115,0.205735
4.294,0.205577,0.203707,0.209431,0.204666,0.204110,0.205730
4.295,0.205562,0.203711,0.209435,0.204670,0.204105,0.205716
4.296,0.205566,0.203697,0.209430,0.204665,0.204100,0.205720
4.297,0.205561,0.203701,0.209415,0.204660,0.204094,0.205715
4.298,0.205556,0.203705,0.209420,0.204664,0.204099,0.205709
4.299,0.205560,0.203710,0.209414,0.204678,0.204113,0.205713
4.300,0.205565,0.203705,0.209409,0.204673,0.204107,0.205718
4.301,0.205569,0.203709,0.209414,0.204677,0.204112,0.205722
4.302,0.205564,0.203723,0.209418,0.204692,0.204126,0.205727
4.303,0.205578,0.203727,0.209422,0.204705,0.204121,0.205731
4.304,0.205582,0.203722,0.209427,0.204700,0.204115,0.205745
4.305,0.205587,0.203717,0.209441,0.204695,0.204100,0.205730
4.306,0.205572,0.203702,0.209445,0.204689,0.204095,0.205725
4.307,0.205566,0.203697,0.209449,0.204675,0.204090,0.205720
4.308,0.205561,0.203682,0.209435,0.204670,0.204075,0.205705
4.309,0.205547,0.203686,0.209430,0.204674,0.204080,0.205700
4.310,0.205541,0.203681,0.209424,0.204669,0.204074,0.205694
4.311,0.205545,0.203676,0.209409,0.204673,0.204078,0.205699
4.312,0.205540,0.203681,0.209404,0.204668,0.204083,0.205694
4.313,0.205535,0.203685,0.209408,0.204682,0.204097,0.205698
4.314,0.205549,0.203699,0.209413,0.204696,0.204111,0.205702
4.315,0.205563,0.203703,0.209408,0.204700,0.204106,0.205716
4.316,0.205567,0.203698,0.209412,0.204695,0.204100,0.205721
4.317,0.205562,0.203702,0.209426,0.204689,0.204105,0.205716
4.318,0.205566,0.203707,0.209440,0.204694,0.204109,0.205720
4.319,0.205571,0.203701,0.209435,0.204689,0.204094,0.205715
4.320,0.205566,0.203686,0.209430,0.204684,0.204089,0.205710
4.321,0.205551,0.203691,0.209434,0.204678,0.204094,0.205704
4.322,0.205555,0.203686,0.209429,0.204673,0.204089,0.205709
4.323,0.205550,0.203681,0.209423,0.204668,0.204083,0.205694
4.324,0.205545,0.203685,0.209418,0.204673,0.204097,0.205689
4.325,0.205549,0.203689,0.209422,0.204677,0.204102,0.205693
4.326,0.205563,0.203694,0.209408,0.204681,0.204106,0.205707
4.327,0.205568,0.203698,0.209412,0.204686,0.204110,0.205711
4.328,0.205562,0.203712,0.209416,0.204690,0.204124,0.205706
4.329,0.205576,0.203716,0.209430,0.204704,0.204129,0.205720
4.330,0.205590,0.203711,0.209425,0.204699,0.204123,0.205724
4.331,0.205595,0.203706,0.209430,0.204693,0.204118,0.205729
4.332,0.205580,0.203700,0.209443,0.204688,0.204113,0.205714
4.333,0.205574,0.203695,0.209448,0.204683,0.204098,0.205709
4.334,0.205569,0.203681,0.209433,0.204668,0.204093,0.205704
4.335,0.205555,0.203675,0.209428,0.204663,0.204097,0.205689
4.336,0.205549,0.203680,0.209422,0.204667,0.204092,0.205693
4.337,0.205554,0.203684,0.209417,0.204672,0.204096,0.205688
4.338,0.205548,0.203679,0.209403,0.204666,0.204091,0.205692
4.339,0.205553,0.203683,0.209407,0.204680,0.204105,0.205687
4.340,0.205557,0.203697,0.209411,0.204694,0.204119,0.205701
4.341,0.205571,0.203702,0.209406,0.204699,0.204114,0.205715
4.342,0.205576,0.203696,0.209411,0.204694,0.204118,0.205719
4.343,0.205570,0.203701,0.209424,0.204698,0.204113,0.205714
4.344,0.205565,0.203695,0.209438,0.204702,0.204118,0.205709
4.345,0.205569,0.203690,0.209433,0.204697,0.204102,0.205713
4.346,0.205564,0.203675,0.209428,0.204682,0.204097,0.205698
4.347,0.205549,0.203680,0.209432,0.204686,0.204102,0.205693
4.348,0.205544,0.203665,0.209427,0.204681,0.204087,0.205688
4.349,0.205539,0.203660,0.209422,0.204676,0.204082,0.205683
4.350,0.205534,0.203664,0.209416,0.204671,0.204086,0.205678
4.351,0.205538,0.203668,0.209411,0.204675,0.204100,0.205672
4.352,0.205533,0.203673,0.209406,0.204689,0.204095,0.205686
4.353,0.205547,0.203677,0.209401,0.204684,0.204109,0.205691
4.354,0.205542,0.203681,0.209405,0.204698,0.204123,0.205685
4.355,0.205555,0.203696,0.209410,0.204702,0.204127,0.205690
4.356,0.205560,0.203690,0.209414,0.204707,0.204122,0.205704
4.357,0.205564,0.203685,0.209419,0.204702,0.204117,0.205699
4.358,0.205559,0.203680,0.209432,0.204696,0.204111,0.205693
4.359,0.205554,0.203675,0.209437,0.204691,0.204106,0.205688
4.360,0.205549,0.203670,0.209422,0.204676,0.204101,0.205683
4.361,0.205534,0.203664,0.209416,0.204671,0.204105,0.205668
4.362,0.205528,0.203669,0.209411,0.204675,0.204110,0.205663
4.363,0.205533,0.203663,0.209406,0.204680,0.204114,0.205667
4.364,0.205537,0.203667,0.209392,0.204684,0.204109,0.205672
4.365,0.205532,0.203672,0.209396,0.204679,0.204123,0.205676
4.366,0.205536,0.203696,0.209400,0.204702,0.204146,0.205680
4.367,0.205550,0.203700,0.209395,0.204707,0.204150,0.205694
4.368,0.205564,0.203704,0.209399,0.204711,0.204145,0.205699
4.369,0.205559,0.203699,0.209413,0.204706,0.204150,0.205703
4.370,0.205563,0.203704,0.209427,0.204710,0.204154,0.205698
4.371,0.205568,0.203698,0.209422,0.204705,0.204149,0.205702
4.372,0.205563,0.203693,0.209426,0.204700,0.204134,0.205697
4.373,0.205557,0.203688,0.209431,0.204694,0.204139,0.205682
4.374,0.205552,0.203683,0.209425,0.204699,0.204133,0.205686
4.375,0.205547,0.203678,0.209420,0.204694,0.204128,0.205681
4.376,0.205542,0.203682,0.209415,0.204688,0.204132,0.205676
4.377,0.205536,0.203686,0.209410,0.204693,0.204146,0.205671
4.378,0.205541,0.203691,0.209405,0.204707,0.204151,0.205675
4.379,0.205545,0.203685,0.209400,0.204702,0.204155,0.205680
4.380,0.205540,0.203699,0.209404,0.204706,0.204159,0.205684
4.381,0.205544,0.203704,0.209408,0.204720,0.204173,0.205688
4.382,0.205558,0.203708,0.209413,0.204724,0.204168,0.205693
4.383,0.205563,0.203693,0.209417,0.204719,0.204163,0.205697
4.384,0.205548,0.203688,0.209421,0.204704,0.204158,0.205682
4.385,0.205543,0.203683,0.209435,0.204709,0.204143,0.205677
4.386,0.205537,0.203668,0.209420,0.204694,0.204138,0.205672
4.387,0.205523,0.203662,0.209415,0.204679,0.204132,0.205657
4.388,0.205508,0.203667,0.209410,0.204683,0.204137,0.205642
4.389,0.205512,0.203662,0.209395,0.204688,0.204141,0.205646
4.390,0.205507,0.203656,0.209380,0.204683,0.204136,0.205641
4.391,0.205501,0.203661,0.209384,0.204687,0.204150,0.205645
4.392,0.205506,0.203685,0.209379,0.204701,0.204164,0.205650
4.393,0.205520,0.203689,0.209374,0.204715,0.204178,0.205664
4.394,0.205534,0.203683,0.209369,0.204710,0.204173,0.205678
4.395,0.205529,0.203688,0.209383,0.204714,0.204177,0.205663
4.396,0.205523,0.203692,0.209397,0.204718,0.204181,0.205667
4.397,0.205528,0.203687,0.209401,0.204713,0.204176,0.205672
4.398,0.205532,0.203682,0.209396,0.204698,0.204171,0.205667
4.399,0.205517,0.203677,0.209400,0.204693,0.204175,0.205652
4.400,0.205512,0.203681,0.209395,0.204697,0.204170,0.205646
4.401,0.205517,0.203676,0.209390,0.204683,0.204174,0.205651
4.402,0.205511,0.203680,0.209375,0.204687,0.204179,0.205636
4.403,0.205506,0.203685,0.209379,0.204691,0.204183,0.205640
4.404,0.205511,0.203689,0.209374,0.204696,0.204197,0.205645
4.405,0.205525,0.203693,0.209369,0.204691,0.204201,0.205649
4.406,0.205519,0.203707,0.209373,0.204704,0.204206,0.205653
4.407,0.205524,0.203712,0.209378,0.204718,0.204220,0.205658
4.408,0.205538,0.203716,0.209382,0.204723,0.204224,0.205672
4.409,0.205542,0.203711,0.209386,0.204717,0.204219,0.205676
4.410,0.205537,0.203706,0.209391,0.204712,0.204214,0.205661
4.411,0.205531,0.203700,0.209405,0.204707,0.204208,0.205656
4.412,0.205526,0.203695,0.209400,0.204692,0.204203,0.205651
4.413,0.205511,0.203680,0.209385,0.204687,0.204198,0.205636
4.414,0.205506,0.203685,0.209380,0.204691,0.204202,0.205631
4.415,0.205501,0.203689,0.209374,0.204696,0.204197,0.205635
4.416,0.205506,0.203684,0.209359,0.204691,0.204202,0.205630
4.417,0.205500,0.203688,0.209354,0.204695,0.204206,0.205634
4.418,0.205495,0.203702,0.209359,0.204709,0.204220,0.205629
4.419,0.205509,0.203716,0.209354,0.204723,0.204234,0.205643
4.420,0.205523,0.203711,0.209348,0.204717,0.204229,0.205657
4.421,0.205517,0.203715,0.209362,0.204722,0.204233,0.205652
4.422,0.205512,0.203710,0.209376,0.204726,0.204228,0.205647
4.423,0.205517,0.203714,0.209371,0.204721,0.204232,0.205651
4.424,0.205511,0.203699,0.209375,0.204716,0.204217,0.205646
4.425,0.205506,0.203694,0.209370,0.204701,0.204221,0.205631
4.426,0.205492,0.203699,0.209375,0.204705,0.204216,0.205626
4.427,0.205496,0.203684,0.209359,0.204700,0.204211,0.205621
4.428,0.205481,0.203679,0.209345,0.204695,0.204216,0.205615
4.429,0.205476,0.203693,0.209349,0.204699,0.204220,0.205610
4.430,0.205480,0.203697,0.209344,0.204713,0.204234,0.205614
4.431,0.205485,0.203701,0.209339,0.204708,0.204229,0.205619
4.432,0.205489,0.203706,0.209333,0.204712,0.204243,0.205623
4.433,0.205493,0.203720,0.209338,0.204726,0.204256,0.205628
4.434,0.205507,0.203733,0.209342,0.204740,0.204261,0.205632
4.435,0.205512,0.203728,0.209346,0.204735,0.204256,0.205646
4.436,0.205506,0.203714,0.209351,0.204720,0.204250,0.205641
4.437,0.205501,0.203718,0.209365,0.204715,0.204245,0.205626
4.438,0.205496,0.203712,0.209359,0.204710,0.204240,0.205621
4.439,0.205491,0.203698,0.209354,0.204704,0.204235,0.205615
4.440,0.205476,0.203702,0.209349,0.204709,0.204249,0.205601
4.441,0.205480,0.203707,0.209335,0.204704,0.204243,0.205605
4.442,0.205485,0.203711,0.209329,0.204708,0.204248,0.205609
4.443,0.205479,0.203706,0.209324,0.204703,0.204252,0.205604
4.444,0.205474,0.203729,0.209328,0.204717,0.204276,0.205608
4.445,0.205488,0.203743,0.209323,0.204740,0.204280,0.205622
4.446,0.205502,0.203748,0.209327,0.204735,0.204285,0.205636
4.447,0.205506,0.203752,0.209332,0.204739,0.204280,0.205631
4.448,0.205511,0.203747,0.209346,0.204734,0.204284,0.205636
4.449,0.205506,0.203751,0.209350,0.204739,0.204288,0.205630
4.450,0.205510,0.203746,0.209354,0.204733,0.204273,0.205625
4.451,0.205505,0.203741,0.209349,0.204728,0.204277,0.205620
4.452,0.205490,0.203745,0.209354,0.204733,0.204272,0.205615
4.453,0.205494,0.203730,0.209348,0.204717,0.204267,0.205610
4.454,0.205479,0.203735,0.209334,0.204722,0.204272,0.205604
4.455,0.205474,0.203739,0.209328,0.204726,0.204276,0.205599
4.456,0.205479,0.203743,0.209323,0.204731,0.204280,0.205603
4.457,0.205483,0.203748,0.209318,0.204735,0.204285,0.205607
4.458,0.205487,0.203752,0.209322,0.204739,0.204289,0.205612
4.459,0.205482,0.203766,0.209327,0.204754,0.204303,0.205616
4.460,0.205496,0.203770,0.209331,0.204758,0.204307,0.205621
4.461,0.205500,0.203765,0.209326,0.204762,0.204302,0.205625
4.462,0.205505,0.203760,0.209340,0.204747,0.204297,0.205620
4.463,0.205490,0.203755,0.209344,0.204742,0.204292,0.205615
4.464,0.205485,0.203749,0.209348,0.204737,0.204286,0.205610
4.465,0.205479,0.203735,0.209334,0.204722,0.204272,0.205594
4.466,0.205465,0.203739,0.209329,0.204727,0.204285,0.205580
4.467,0.205460,0.203743,0.209314,0.204731,0.204280,0.205584
4.468,0.205464,0.203748,0.209308,0.204725,0.204285,0.205588
4.469,0.205459,0.203743,0.209294,0.204730,0.204289,0.205583
4.470,0.205463,0.203757,0.209298,0.204734,0.204303,0.205578
4.471,0.205468,0.203770,0.209303,0.204749,0.204317,0.205592
4.472,0.205481,0.203775,0.209297,0.204753,0.204321,0.205606
4.473,0.205486,0.203779,0.209302,0.204757,0.204325,0.205610
4.474,0.205490,0.203784,0.209316,0.204752,0.204330,0.205605
4.475,0.205485,0.203788,0.209329,0.204756,0.204325,0.205610
4.476,0.205489,0.203783,0.209324,0.204751,0.204320,0.205604
4.477,0.205484,0.203778,0.209319,0.204746,0.204314,0.205599
4.478,0.205479,0.203782,0.209324,0.204741,0.204319,0.205594
4.479,0.205483,0.203776,0.209318,0.204735,0.204314,0.205598
4.480,0.205478,0.203771,0.209303,0.204730,0.204308,0.205583
4.481,0.205473,0.203776,0.209308,0.204735,0.204313,0.205578
4.482,0.205477,0.203790,0.209303,0.204739,0.204327,0.205583
4.483,0.205481,0.203794,0.209297,0.204753,0.204331,0.205596
4.484,0.205486,0.203799,0.209292,0.204748,0.204335,0.205591
4.485,0.205481,0.203813,0.209297,0.204762,0.204349,0.205596
4.486,0.205495,0.203817,0.209310,0.204766,0.204354,0.205610
4.487,0.205508,0.203821,0.209305,0.204770,0.204349,0.205614
4.488,0.205503,0.203816,0.209310,0.204755,0.204343,0.205609
4.489,0.205498,0.203810,0.209324,0.204750,0.204338,0.205604
4.490,0.205483,0.203805,0.209318,0.204745,0.204333,0.205598
4.491,0.205478,0.203791,0.209313,0.204740,0.204318,0.205583
4.492,0.205473,0.203786,0.209308,0.204735,0.204322,0.205569
4.493,0.205458,0.203790,0.209303,0.204739,0.204317,0.205573
4.494,0.205462,0.203794,0.209288,0.204743,0.204322,0.205577
4.495,0.205467,0.203799,0.209273,0.204738,0.204316,0.205572
4.496,0.205462,0.203803,0.209277,0.204743,0.204330,0.205567
4.497,0.205466,0.203817,0.209272,0.204766,0.204344,0.205581
4.498,0.205480,0.203831,0.209276,0.204770,0.204349,0.205595
4.499,0.205494,0.203826,0.209271,0.204765,0.204343,0.205590
4.500,0.205479,0.203821,0.209295,0.204770,0.204338,0.205594
4.501,0.205484,0.203825,0.209299,0.204774,0.204343,0.205589
4.502,0.205488,0.203829,0.209294,0.204769,0.204337,0.205593
4.503,0.205482,0.203814,0.209289,0.204754,0.204322,0.205578
4.504,0.205468,0.203818,0.209293,0.204758,0.204327,0.205573
4.505,0.205462,0.203813,0.209288,0.204753,0.204322,0.205568
4.506,0.205467,0.203808,0.209283,0.204748,0.204316,0.205563
4.507,0.205452,0.203813,0.209277,0.204752,0.204321,0.205558
4.508,0.205457,0.203817,0.209272,0.204757,0.204335,0.205562
4.509,0.205461,0.203831,0.209267,0.204761,0.204339,0.205566
4.510,0.205475,0.203835,0.209262,0.204765,0.204334,0.205580
4.511,0.205470,0.203840,0.209266,0.204770,0.204348,0.205575
4.512,0.205484,0.203853,0.209280,0.204783,0.204362,0.205580
4.513,0.205497,0.203868,0.209275,0.204788,0.204357,0.205593
4.514,0.205502,0.203862,0.209279,0.204783,0.204351,0.205598
4.515,0.205487,0.203857,0.209293,0.204768,0.204346,0.205583
4.516,0.205481,0.203852,0.209297,0.204772,0.204341,0.205577
4.517,0.205486,0.203847,0.209292,0.204757,0.204326,0.205572
4.518,0.205471,0.203842,0.209278,0.204752,0.204330,0.205567
4.519,0.205466,0.203846,0.209282,0.204757,0.204335,0.205562
4.520,0.205470,0.203850,0.209267,0.204761,0.204339,0.205566
4.521,0.205475,0.203855,0.209252,0.204756,0.204334,0.205561
4.522,0.205470,0.203859,0.209257,0.204760,0.204338,0.205565
4.523,0.205474,0.203873,0.209261,0.204783,0.204362,0.205570
4.524,0.205488,0.203887,0.209265,0.204788,0.204366,0.205584
4.525,0.205502,0.203891,0.209260,0.204792,0.204361,0.205598
4.526,0.205497,0.203886,0.209274,0.204787,0.204356,0.205593
4.527,0.205501,0.203900,0.209288,0.204791,0.204360,0.205587
4.528,0.205505,0.203895,0.209283,0.204796,0.204355,0.205592
4.529,0.205500,0.203890,0.209278,0.204781,0.204350,0.205586
4.530,0.205495,0.203884,0.209282,0.204776,0.204344,0.205572
4.531,0.205489,0.203889,0.209277,0.204780,0.204339,0.205576
4.532,0.205484,0.203874,0.209271,0.204775,0.204334,0.205571
4.533,0.205479,0.203878,0.209266,0.204770,0.204338,0.205566
4.534,0.205474,0.203882,0.209261,0.204774,0.204343,0.205560
4.535,0.205478,0.203896,0.209256,0.204788,0.204347,0.205564
4.536,0.205492,0.203891,0.209251,0.204783,0.204342,0.205579
4.537,0.205487,0.203905,0.209255,0.204787,0.204356,0.205573
4.538,0.205491,0.203919,0.209259,0.204801,0.204360,0.205578
4.539,0.205505,0.203924,0.209254,0.204805,0.204364,0.205592
4.540,0.205510,0.203918,0.209259,0.204800,0.204350,0.205587
4.541,0.205495,0.203903,0.209272,0.204795,0.204344,0.205581
4.542,0.205490,0.203908,0.209277,0.204790,0.204339,0.205566
4.543,0.205484,0.203893,0.209262,0.204775,0.204324,0.205561
4.544,0.205470,0.203888,0.209257,0.204770,0.204319,0.205546
4.545,0.205465,0.203892,0.209251,0.204774,0.204324,0.205541
4.546,0.205469,0.203897,0.209237,0.204769,0.204328,0.205545
4.547,0.205473,0.203901,0.209222,0.204773,0.204323,0.205550
4.548,0.205468,0.203905,0.209226,0.204768,0.204327,0.205545
4.549,0.205472,0.203919,0.209230,0.204782,0.204351,0.205549
4.550,0.205486,0.203943,0.209225,0.204796,0.204355,0.205573
4.551,0.205500,0.203938,0.209220,0.204791,0.204350,0.205577
4.552,0.205505,0.203942,0.209234,0.204795,0.204354,0.205572
4.553,0.205509,0.203946,0.209248,0.204790,0.204359,0.205576
4.554,0.205513,0.203951,0.209252,0.204794,0.204353,0.205571
4.555,0.205508,0.203946,0.209247,0.204780,0.204338,0.205566
4.556,0.205503,0.203940,0.209251,0.204774,0.204343,0.205561
4.557,0.205498,0.203945,0.209246,0.204779,0.204338,0.205555
4.558,0.205502,0.203939,0.209241,0.204764,0.204332,0.205560
4.559,0.205497,0.203943,0.209236,0.204768,0.204337,0.205554
4.560,0.205492,0.203948,0.209231,0.204772,0.204341,0.205549
4.561,0.205496,0.203962,0.209225,0.204777,0.204345,0.205553
4.562,0.205510,0.203967,0.209220,0.204781,0.204350,0.205567
4.563,0.205514,0.203971,0.209224,0.204786,0.204354,0.205562
4.564,0.205518,0.203985,0.209238,0.204799,0.204359,0.205566
4.565,0.205533,0.203999,0.209233,0.204814,0.204363,0.205580
4.566,0.205537,0.203994,0.209238,0.204799,0.204358,0.205585
4.567,0.205532,0.203988,0.209242,0.204793,0.204343,0.205580
4.568,0.205526,0.203983,0.209256,0.204788,0.204347,0.205565
4.569,0.205521,0.203978,0.209251,0.204783,0.204332,0.205560
4.570,0.205507,0.203972,0.209236,0.204768,0.204318,0.205545
4.571,0.205501,0.203977,0.209231,0.204772,0.204322,0.205539
4.572,0.205496,0.203972,0.209226,0.204777,0.204327,0.205544
4.573,0.205500,0.203976,0.209211,0.204781,0.204321,0.205539
4.574,0.205505,0.203980,0.209205,0.204776,0.204326,0.205543
4.575,0.205499,0.203994,0.209210,0.204790,0.204340,0.205538
4.576,0.205513,0.204008,0.209205,0.204804,0.204344,0.205552
4.577,0.205528,0.204013,0.209200,0.204799,0.204339,0.205566
4.578,0.205522,0.204007,0.209213,0.204793,0.204343,0.205561
4.579,0.205526,0.204012,0.209227,0.204798,0.204338,0.205555
4.580,0.205521,0.204016,0.209222,0.204802,0.204342,0.205560
4.581,0.205526,0.204011,0.209217,0.204788,0.204327,0.205555
4.582,0.205521,0.204006,0.209221,0.204782,0.204322,0.205539
4.583,0.205506,0.204010,0.209216,0.204787,0.204327,0.205534
4.584,0.205520,0.204005,0.209211,0.204772,0.204312,0.205539
4.585,0.205505,0.204009,0.209196,0.204767,0.204316,0.205524
4.586,0.205509,0.204014,0.209200,0.204771,0.204321,0.205528
4.587,0.205514,0.204028,0.209195,0.204785,0.204334,0.205533
4.588,0.205518,0.204032,0.209190,0.204780,0.204329,0.205537
4.589,0.205532,0.204036,0.209194,0.204784,0.204334,0.205532
4.590,0.205527,0.204050,0.209199,0.204798,0.204348,0.205536
4.591,0.205541,0.204064,0.209203,0.204802,0.204361,0.205550
4.592,0.205555,0.204068,0.209198,0.204807,0.204356,0.205564
4.593,0.205559,0.204063,0.209212,0.204792,0.204341,0.205549
4.594,0.205554,0.204058,0.209226,0.204787,0.204346,0.205544
4.595,0.205549,0.204053,0.209221,0.204782,0.204331,0.205539
4.596,0.205543,0.204047,0.209206,0.204776,0.204316,0.205534
4.597,0.205528,0.204052,0.209200,0.204771,0.204330,0.205519
4.598,0.205533,0.204056,0.209195,0.204775,0.204325,0.205523
4.599,0.205537,0.204061,0.209181,0.204780,0.204329,0.205528
4.600,0.205542,0.204065,0.209185,0.204775,0.204324,0.205532
4.601,0.205536,0.204069,0.209179,0.204788,0.204348,0.205527
4.602,0.205550,0.204093,0.209184,0.204802,0.204361,0.205541
4.603,0.205564,0.204097,0.209179,0.204807,0.204356,0.205555
4.604,0.205578,0.204102,0.209183,0.204801,0.204351,0.205549
4.605,0.205573,0.204106,0.209197,0.204806,0.204356,0.205544
4.606,0.205577,0.204111,0.209201,0.204810,0.204350,0.205549
4.607,0.205582,0.204105,0.209206,0.204796,0.204345,0.205544
4.608,0.205576,0.204100,0.209200,0.204790,0.204340,0.205538
4.609,0.205562,0.204104,0.209205,0.204795,0.204344,0.205523
4.610,0.205566,0.204099,0.209190,0.204790,0.204329,0.205528
4.611,0.205561,0.204094,0.209185,0.204784,0.204334,0.205513
4.612,0.205555,0.204098,0.209180,0.204788,0.204338,0.205517
4.613,0.205560,0.204112,0.209174,0.204793,0.204342,0.205512
4.614,0.205574,0.204116,0.209169,0.204797,0.204347,0.205526
4.615,0.205579,0.204121,0.209173,0.204792,0.204351,0.205521
4.616,0.205573,0.204135,0.209178,0.204806,0.204356,0.205525
4.617,0.205587,0.204149,0.209182,0.204811,0.204369,0.205530
4.618,0.205601,0.204143,0.209177,0.204815,0.204364,0.205544
4.619,0.205596,0.204138,0.209181,0.204800,0.204350,0.205528
4.620,0.205590,0.204133,0.209195,0.204795,0.204354,0.205523
4.621,0.205585,0.204138,0.209190,0.204790,0.204339,0.205518
4.622,0.205580,0.204123,0.209185,0.204775,0.204334,0.205504
4.623,0.205575,0.204127,0.209170,0.204779,0.204338,0.205498
4.624,0.205570,0.204132,0.209165,0.204783,0.204342,0.205503
4.625,0.205584,0.204136,0.209150,0.204778,0.204337,0.205497
4.626,0.205579,0.204140,0.209145,0.204773,0.204342,0.205502
4.627,0.205583,0.204145,0.209149,0.204777,0.204356,0.205496
4.628,0.205587,0.204168,0.209154,0.204801,0.204379,0.205510
4.629,0.205611,0.204182,0.209149,0.204805,0.204374,0.205525
4.630,0.205624,0.204177,0.209153,0.204800,0.204378,0.205519
4.631,0.205619,0.204181,0.209167,0.204795,0.204373,0.205523
4.632,0.205624,0.204186,0.209181,0.204799,0.204377,0.205518
4.633,0.205628,0.204190,0.209175,0.204794,0.204372,0.205523
4.634,0.205632,0.204185,0.209170,0.204779,0.204367,0.205508
4.635,0.205618,0.204180,0.209175,0.204784,0.204371,0.205503
4.636,0.205622,0.204184,0.209170,0.204778,0.204356,0.205507
4.637,0.205617,0.204179,0.209154,0.204773,0.204361,0.205492
4.638,0.205611,0.204183,0.209159,0.204768,0.204365,0.205487
4.639,0.205616,0.204188,0.209154,0.204772,0.204369,0.205491
4.640,0.205620,0.204201,0.209139,0.204786,0.204374,0.205496
4.641,0.205634,0.204196,0.209143,0.204781,0.204378,0.205500
4.642,0.205629,0.204210,0.209148,0.204785,0.204382,0.205495
4.643,0.205643,0.204224,0.209152,0.204799,0.204397,0.205509
4.644,0.205657,0.204228,0.209147,0.204804,0.204391,0.205513
4.645,0.205661,0.204223,0.209151,0.204789,0.204386,0.205508
4.646,0.205656,0.204218,0.209165,0.204784,0.204381,0.205503
4.647,0.205641,0.204223,0.209160,0.204779,0.204376,0.205488
4.648,0.205646,0.204207,0.209154,0.204773,0.204361,0.205483
4.649,0.205631,0.204202,0.209140,0.204768,0.204366,0.205468
4.650,0.205626,0.204207,0.209135,0.204772,0.204360,0.205463
4.651,0.205630,0.204211,0.209130,0.204767,0.204364,0.205467
4.652,0.205634,0.204215,0.209114,0.204762,0.204359,0.205462
4.653,0.205629,0.204210,0.209119,0.204766,0.204373,0.205466
4.654,0.205634,0.204234,0.209114,0.204790,0.204387,0.205471
4.655,0.205657,0.204248,0.209118,0.204794,0.204392,0.205485
4.656,0.205671,0.204242,0.209113,0.204789,0.204396,0.205489
4.657,0.205666,0.204247,0.209127,0.204784,0.204390,0.205484
4.658,0.205661,0.204251,0.209141,0.204788,0.204395,0.205478
4.659,0.205665,0.204255,0.209135,0.204792,0.204399,0.205483
4.660,0.205669,0.204250,0.209130,0.204778,0.204385,0.205477
4.661,0.205664,0.204245,0.209135,0.204772,0.204389,0.205463
4.662,0.205659,0.204249,0.209130,0.204777,0.204384,0.205467
4.663,0.205663,0.204244,0.209115,0.204771,0.204388,0.205462
4.664,0.205658,0.204249,0.209109,0.204766,0.204392,0.205457
4.665,0.205662,0.204253,0.209114,0.204771,0.204397,0.205461
4.666,0.205667,0.204267,0.209099,0.204785,0.204411,0.205466
4.667,0.205680,0.204271,0.209103,0.204779,0.204406,0.205470
4.668,0.205685,0.204285,0.209108,0.204793,0.204419,0.205464
4.669,0.205689,0.204299,0.209122,0.204798,0.204433,0.205479
4.670,0.205704,0.204313,0.209116,0.204802,0.204438,0.205483
4.671,0.205717,0.204308,0.209121,0.204797,0.204433,0.205487
4.672,0.205712,0.204303,0.209125,0.204792,0.204427,0.205472
4.673,0.205707,0.204297,0.209130,0.204787,0.204422,0.205467
4.674,0.205701,0.204292,0.209124,0.204781,0.204407,0.205462
4.675,0.205696,0.204278,0.209110,0.204766,0.204411,0.205447
4.676,0.205682,0.204292,0.209114,0.204780,0.204416,0.205442
4.677,0.205696,0.204296,0.209099,0.204775,0.204411,0.205446
4.678,0.205690,0.204300,0.209084,0.204779,0.204415,0.205441
4.679,0.205695,0.204295,0.209089,0.204774,0.204419,0.205436
4.680,0.205690,0.204309,0.209093,0.204798,0.204443,0.205440
4.681,0.205713,0.204332,0.209088,0.204812,0.204448,0.205464
4.682,0.205727,0.204337,0.209082,0.204806,0.204442,0.205468
4.683,0.205731,0.204332,0.209106,0.204801,0.204446,0.205463
4.684,0.205726,0.204336,0.209111,0.204806,0.204451,0.205458
4.685,0.205731,0.204340,0.209105,0.204800,0.204446,0.205462
4.686,0.205725,0.204335,0.209100,0.204795,0.204431,0.205447
4.687,0.205720,0.204320,0.209104,0.204790,0.204435,0.205442
4.688,0.205715,0.204324,0.209099,0.204785,0.204430,0.205437
4.689,0.205719,0.204319,0.209084,0.204779,0.204425,0.205431
4.690,0.205704,0.204314,0.209079,0.204774,0.204429,0.205426
4.691,0.205709,0.204328,0.209084,0.204779,0.204434,0.205421
4.692,0.205713,0.204332,0.209068,0.204792,0.204448,0.205426
4.693,0.205727,0.204337,0.209063,0.204787,0.204443,0.205430
4.694,0.205722,0.204341,0.209068,0.204792,0.204447,0.205425
4.695,0.205726,0.204355,0.209072,0.204796,0.204461,0.205429
4.696,0.205740,0.204369,0.209067,0.204810,0.204465,0.205443
4.697,0.205754,0.204364,0.209071,0.204795,0.204460,0.205438
4.698,0.205749,0.204359,0.209085,0.204790,0.204454,0.205433
4.699,0.205744,0.204363,0.209080,0.204785,0.204449,0.205418
4.700,0.205738,0.204358,0.209075,0.204780,0.204444,0.205412
4.701,0.205733,0.204343,0.209070,0.204765,0.204439,0.205407
4.702,0.205718,0.204348,0.209065,0.204769,0.204443,0.205392
4.703,0.205723,0.204352,0.209049,0.204773,0.204448,0.205397
4.704,0.205727,0.204356,0.209035,0.204768,0.204452,0.205401
4.705,0.205731,0.204361,0.209039,0.204763,0.204447,0.205396
4.706,0.205736,0.204374,0.209034,0.204787,0.204470,0.205400
4.707,0.205750,0.204398,0.209038,0.204791,0.204484,0.205414
4.708,0.205764,0.204402,0.209033,0.204795,0.204479,0.205428
4.709,0.205768,0.204407,0.209047,0.204790,0.204483,0.205423
4.710,0.205773,0.204401,0.209061,0.204795,0.204488,0.205418
4.711,0.205767,0.204415,0.209056,0.204789,0.204492,0.205422
4.712,0.205781,0.204410,0.209051,0.204784,0.204477,0.205417
4.713,0.205776,0.204405,0.209055,0.204779,0.204472,0.205402
4.714,0.205761,0.204409,0.209049,0.204783,0.204477,0.205397
4.715,0.205765,0.204404,0.209044,0.204768,0.204471,0.205401
4.716,0.205760,0.204399,0.209030,0.204773,0.204466,0.205386
4.717,0.205765,0.204403,0.209034,0.204777,0.204480,0.205381
4.718,0.205769,0.204417,0.209029,0.204781,0.204494,0.205385
4.719,0.205773,0.204431,0.209024,0.204786,0.204489,0.205399
4.720,0.205778,0.204426,0.209018,0.204790,0.204493,0.205394
4.721,0.205782,0.204440,0.209033,0.204795,0.204507,0.205399
4.722,0.205786,0.204454,0.209027,0.204808,0.204512,0.205403
4.723,0.205800,0.204449,0.209022,0.204803,0.204496,0.205407
4.724,0.205805,0.204444,0.209036,0.204798,0.204491,0.205393
4.725,0.205790,0.204438,0.209040,0.204793,0.204486,0.205388
4.726,0.205785,0.204433,0.209035,0.204788,0.204481,0.205382
4.727,0.205780,0.204428,0.209020,0.204773,0.204466,0.205367
4.728,0.205765,0.204422,0.209015,0.204777,0.204470,0.205353
4.729,0.205769,0.204427,0.209010,0.204772,0.204475,0.205357
4.730,0.205773,0.204431,0.208985,0.204776,0.204479,0.205352
4.731,0.205778,0.204436,0.208990,0.204771,0.204474,0.205356
4.732,0.205773,0.204440,0.208985,0.204785,0.204488,0.205351
4.733,0.205777,0.204463,0.208989,0.204799,0.204502,0.205365
4.734,0.205800,0.204478,0.208984,0.204803,0.204506,0.205379
4.735,0.205805,0.204472,0.208988,0.204798,0.204501,0.205374
4.736,0.205809,0.204476,0.209002,0.204793,0.204505,0.205368
4.737,0.205804,0.204481,0.209006,0.204797,0.204510,0.205372
4.738,0.205818,0.204476,0.209001,0.204792,0.204495,0.205367
4.739,0.205813,0.204470,0.208996,0.204787,0.204499,0.205362
4.740,0.205798,0.204475,0.209000,0.204791,0.204504,0.205357
4.741,0.205812,0.204479,0.208985,0.204776,0.204489,0.205352
4.742,0.205807,0.204474,0.208980,0.204771,0.204493,0.205347
4.743,0.205802,0.204478,0.208985,0.204776,0.204498,0.205341
4.744,0.205806,0.204483,0.208970,0.204789,0.204512,0.205345
4.745,0.205820,0.204506,0.208964,0.204794,0.204516,0.205360
4.746,0.205824,0.204501,0.208969,0.204789,0.204520,0.205354
4.747,0.205829,0.204515,0.208973,0.204803,0.204534,0.205359
4.748,0.205833,0.204529,0.208977,0.204817,0.204548,0.205373
4.749,0.205847,0.204533,0.208972,0.204811,0.204543,0.205377
4.750,0.205851,0.204528,0.208986,0.204806,0.204528,0.205372
4.751,0.205846,0.204523,0.208990,0.204801,0.204533,0.205357
4.752,0.205841,0.204527,0.208985,0.204796,0.204518,0.205352
4.753,0.205836,0.204513,0.208971,0.204781,0.204512,0.205347
4.754,0.205830,0.204507,0.208966,0.204785,0.204517,0.205332
4.755,0.205825,0.204521,0.208960,0.204780,0.204512,0.205336
4.756,0.205829,0.204516,0.208945,0.204784,0.204516,0.205331
4.757,0.205834,0.204521,0.208940,0.204779,0.204511,0.205335
4.758,0.205829,0.204525,0.208944,0.204793,0.204534,0.205330
4.759,0.205833,0.204548,0.208939,0.204807,0.204548,0.205344
4.760,0.205856,0.204562,0.208934,0.204811,0.204543,0.205358
4.761,0.205871,0.204557,0.208939,0.204806,0.204547,0.205353
4.762,0.205865,0.204561,0.208952,0.204810,0.204542,0.205348
4.763,0.205860,0.204566,0.208957,0.204815,0.204547,0.205342
4.764,0.205864,0.204561,0.208952,0.204810,0.204541,0.205347
4.765,0.205869,0.204555,0.208947,0.204795,0.204536,0.205332
4.766,0.205854,0.204550,0.208951,0.204799,0.204541,0.205326
4.767,0.205858,0.204554,0.208936,0.204794,0.204525,0.205331
4.768,0.205853,0.204549,0.208921,0.204789,0.204530,0.205316
4.769,0.205848,0.204553,0.208925,0.204793,0.204534,0.205311
4.770,0.205852,0.204558,0.208911,0.204797,0.204539,0.205315
4.771,0.205857,0.204572,0.208905,0.204802,0.204543,0.205329
4.772,0.205871,0.204576,0.208910,0.204797,0.204547,0.205324
4.773,0.205866,0.204580,0.208914,0.204811,0.204562,0.205329
4.774,0.205879,0.204595,0.208918,0.204815,0.204566,0.205342
4.775,0.205893,0.204609,0.208913,0.204819,0.204570,0.205347
4.776,0.205898,0.204603,0.208918,0.204814,0.204565,0.205342
4.777,0.205892,0.204598,0.208922,0.204799,0.204560,0.205327
4.778,0.205887,0.204593,0.208926,0.204794,0.204554,0.205321
4.779,0.205882,0.204588,0.208912,0.204789,0.204540,0.205316
4.780,0.205877,0.204582,0.208897,0.204784,0.204544,0.205302
4.781,0.205871,0.204596,0.208891,0.204788,0.204549,0.205306
4.782,0.205876,0.204591,0.208877,0.204783,0.204553,0.205310
4.783,0.205880,0.204605,0.208872,0.204778,0.204548,0.205305
4.784,0.205885,0.204600,0.208876,0.204782,0.204562,0.205310
4.785,0.205879,0.204623,0.208871,0.204805,0.204576,0.205323
4.786,0.205903,0.204637,0.208865,0.204810,0.204580,0.205337
4.787,0.205917,0.204642,0.208870,0.204805,0.204584,0.205332
4.788,0.205911,0.204636,0.208884,0.204799,0.204579,0.205327
4.789,0.205916,0.204641,0.208888,0.204804,0.204583,0.205321
4.790,0.205920,0.204645,0.208883,0.204799,0.204578,0.205326
4.791,0.205915,0.204640,0.208877,0.204794,0.204563,0.205321
4.792,0.205910,0.204635,0.208882,0.204788,0.204568,0.205306
4.793,0.205905,0.204639,0.208877,0.204783,0.204562,0.205310
4.794,0.205909,0.204634,0.208853,0.204778,0.204557,0.205296
4.795,0.205894,0.204629,0.208857,0.204782,0.204562,0.205290
4.796,0.205898,0.204633,0.208842,0.204786,0.204566,0.205294
4.797,0.205903,0.204647,0.208837,0.204800,0.204580,0.205309
4.798,0.205917,0.204651,0.208832,0.204795,0.204575,0.205303
4.799,0.205911,0.204656,0.208836,0.204799,0.204579,0.205307
4.800,0.205916,0.204670,0.208840,0.204813,0.204593,0.205312
4.801,0.205930,0.204674,0.208835,0.204818,0.204588,0.205316
4.802,0.205944,0.204669,0.208839,0.204803,0.204583,0.205311
4.803,0.205939,0.204664,0.208853,0.204798,0.204578,0.205306
4.804,0.205924,0.204658,0.208848,0.204793,0.204572,0.205301
4.805,0.205919,0.204653,0.208833,0.204788,0.204557,0.205286
4.806,0.205914,0.204648,0.208818,0.204772,0.204552,0.205271
4.807,0.205899,0.204652,0.208813,0.204777,0.204557,0.205275
4.808,0.205913,0.204657,0.208799,0.204781,0.204561,0.205280
4.809,0.205908,0.204651,0.208784,0.204776,0.204556,0.205275
4.810,0.205912,0.204656,0.208788,0.204771,0.204560,0.205269
4.811,0.205906,0.204670,0.208783,0.204794,0.204583,0.205283
4.812,0.205930,0.204693,0.208778,0.204808,0.204597,0.205297
4.813,0.205944,0.204698,0.208782,0.204803,0.204592,0.205302
4.814,0.205948,0.204692,0.208796,0.204798,0.204587,0.205296
4.815,0.205943,0.204697,0.208800,0.204802,0.204591,0.205301
4.816,0.205948,0.204701,0.208795,0.204797,0.204596,0.205305
4.817,0.205952,0.204696,0.208790,0.204782,0.204581,0.205300
4.818,0.205947,0.204691,0.208794,0.204787,0.204585,0.205285
4.819,0.205941,0.204695,0.208789,0.204781,0.204580,0.205290
4.820,0.205946,0.204699,0.208774,0.204776,0.204575,0.205284
4.821,0.205941,0.204694,0.208769,0.204771,0.204579,0.205279
4.822,0.205935,0.204699,0.208764,0.204785,0.204593,0.205283
4.823,0.205940,0.204713,0.208749,0.204789,0.204597,0.205288
4.824,0.205954,0.204717,0.208753,0.204784,0.204592,0.205302
4.825,0.205958,0.204721,0.208758,0.204798,0.204606,0.205296
4.826,0.205962,0.204735,0.208762,0.204802,0.204620,0.205301
4.827,0.205976,0.204749,0.208757,0.204816,0.204615,0.205315
4.828,0.205981,0.204744,0.208761,0.204801,0.204610,0.205310
4.829,0.205975,0.204739,0.208765,0.204796,0.204605,0.205304
4.830,0.205970,0.204734,0.208760,0.204791,0.204599,0.205290
4.831,0.205965,0.204728,0.208755,0.204786,0.204584,0.205285
4.832,0.205960,0.204723,0.208740,0.204771,0.204579,0.205279
4.833,0.205945,0.204718,0.208735,0.204785,0.204584,0.205274
4.834,0.205949,0.204732,0.208720,0.204780,0.204588,0.205278
4.835,0.205954,0.204726,0.208706,0.204784,0.204583,0.205273
4.836,0.205958,0.204731,0.208710,0.204779,0.204587,0.205277
4.837,0.205953,0.204735,0.208705,0.204793,0.204601,0.205272
4.838,0.205957,0.204759,0.208699,0.204807,0.204615,0.205296
4.839,0.205981,0.204763,0.208694,0.204801,0.204600,0.205300
4.840,0.205985,0.204758,0.208718,0.204796,0.204605,0.205295
4.841,0.205980,0.204763,0.208722,0.204801,0.204599,0.205290
4.842,0.205975,0.204767,0.208707,0.204796,0.204604,0.205294
4.843,0.205979,0.204761,0.208702,0.204790,0.204589,0.205289
4.844,0.205974,0.204747,0.208697,0.204775,0.204584,0.205274
4.845,0.205959,0.204751,0.208692,0.204780,0.204588,0.205278
4.846,0.205964,0.204755,0.208677,0.204765,0.204573,0.205273
4.847,0.205958,0.204750,0.208671,0.204760,0.204578,0.205268
4.848,0.205953,0.204755,0.208666,0.204764,0.204582,0.205263
4.849,0.205957,0.204759,0.208652,0.204778,0.204596,0.205277
4.850,0.205972,0.204773,0.208646,0.204773,0.204591,0.205281
4.851,0.205976,0.204768,0.208651,0.204777,0.204605,0.205276
4.852,0.205980,0.204782,0.208655,0.204782,0.204609,0.205290
4.853,0.205985,0.204795,0.208650,0.204796,0.204623,0.205294
4.854,0.205999,0.204800,0.208654,0.204790,0.204618,0.205298
4.855,0.206003,0.204795,0.208658,0.204776,0.204603,0.205293
4.856,0.205998,0.204790,0.208663,0.204770,0.204607,0.205279
4.857,0.205983,0.204794,0.208648,0.204765,0.204593,0.205283
4.858,0.205987,0.204779,0.208633,0.204750,0.204587,0.205268
4.859,0.205972,0.204774,0.208628,0.204755,0.204591,0.205263
4.860,0.205977,0.204788,0.208613,0.204750,0.204596,0.205267
4.861,0.205981,0.204792,0.208608,0.204744,0.204591,0.205262
4.862,0.205976,0.204787,0.208603,0.204739,0.204595,0.205266
4.863,0.205980,0.204791,0.208598,0.204753,0.204609,0.205261
4.864,0.205985,0.204815,0.208602,0.204777,0.204623,0.205285
4.865,0.205999,0.204829,0.208587,0.204771,0.204618,0.205298
4.866,0.206012,0.204824,0.208611,0.204766,0.204613,0.205284
4.867,0.206007,0.204828,0.208615,0.204761,0.204617,0.205288
4.868,0.206002,0.204832,0.208610,0.204765,0.204612,0.205283
4.869,0.206006,0.204827,0.208595,0.204760,0.204607,0.205287
4.870,0.206001,0.204822,0.208599,0.204745,0.204601,0.205272
4.871,0.205986,0.204817,0.208594,0.204750,0.204606,0.205267
4.872,0.205991,0.204821,0.208579,0.204745,0.204591,0.205272
4.873,0.205985,0.204816,0.208574,0.204739,0.204586,0.205257
4.874,0.205980,0.204811,0.208569,0.204743,0.204590,0.205252
4.875,0.205985,0.204825,0.208554,0.204748,0.204604,0.205266
4.876,0.205989,0.204838,0.208549,0.204752,0.204599,0.205270
4.877,0.205993,0.204833,0.208553,0.204747,0.204603,0.205265
4.878,0.205988,0.204838,0.208558,0.204761,0.204607,0.205269
4.879,0.206002,0.204851,0.208543,0.204765,0.204621,0.205283
4.880,0.206006,0.204856,0.208547,0.204760,0.204616,0.205287
4.881,0.206011,0.204851,0.208551,0.204755,0.204601,0.205272
4.882,0.206006,0.204846,0.208556,0.204750,0.204596,0.205267
4.883,0.205991,0.204840,0.208541,0.204735,0.204591,0.205262
4.884,0.205995,0.204835,0.208526,0.204720,0.204576,0.205247
4.885,0.205980,0.204830,0.208521,0.204724,0.204580,0.205232
4.886,0.205975,0.204834,0.208506,0.204729,0.204585,0.205247
4.887,0.205980,0.204838,0.208491,0.204723,0.204589,0.205241
4.888,0.205984,0.204843,0.208496,0.204718,0.204584,0.205245
4.889,0.205979,0.204838,0.208491,0.204732,0.204598,0.205240
4.890,0.205983,0.204861,0.208485,0.204746,0.204622,0.205264
4.891,0.206006,0.204885,0.208480,0.204750,0.204616,0.205278
4.892,0.206020,0.204880,0.208494,0.204745,0.204611,0.205273
4.893,0.206015,0.204884,0.208508,0.204740,0.204615,0.205267
4.894,0.206010,0.204888,0.208493,0.204745,0.204620,0.205272
4.895,0.206014,0.204893,0.208488,0.204739,0.204615,0.205266
4.896,0.206019,0.204888,0.208492,0.204734,0.204600,0.205261
4.897,0.206004,0.204882,0.208487,0.204739,0.204614,0.205256
4.898,0.206009,0.204886,0.208472,0.204723,0.204599,0.205261
4.899,0.206003,0.204881,0.208467,0.204718,0.204594,0.205246
4.900,0.205998,0.204876,0.208462,0.204723,0.204598,0.205250
4.901,0.206002,0.204890,0.208447,0.204737,0.204612,0.205255
4.902,0.206006,0.204904,0.208442,0.204741,0.204617,0.205259
4.903,0.206020,0.204899,0.208446,0.204736,0.204611,0.205253
4.904,0.206006,0.204903,0.208451,0.204750,0.204625,0.205258
4.905,0.206020,0.204917,0.208445,0.204754,0.204630,0.205272
4.906,0.206024,0.204931,0.208440,0.204758,0.204624,0.205276
4.907,0.206028,0.204926,0.208454,0.204744,0.204609,0.205261
4.908,0.206023,0.204911,0.208459,0.204739,0.204604,0.205256
4.909,0.206009,0.204915,0.208443,0.204733,0.204599,0.205251
4.910,0.206013,0.204901,0.208429,0.204718,0.204584,0.205236
4.911,0.205998,0.204896,0.208424,0.204723,0.204588,0.205221
4.912,0.205983,0.204900,0.208409,0.204727,0.204583,0.205235
4.913,0.205997,0.204894,0.208384,0.204722,0.204588,0.205230
4.914,0.205992,0.204899,0.208389,0.204717,0.204582,0.205225
4.915,0.205996,0.204903,0.208384,0.204721,0.204596,0.205220
4.916,0.205991,0.204917,0.208378,0.204745,0.204610,0.205243
4.917,0.206005,0.204931,0.208373,0.204749,0.204615,0.205257
4.918,0.206019,0.204936,0.208377,0.204744,0.204609,0.205252
4.919,0.206014,0.204931,0.208392,0.204739,0.204604,0.205247
4.920,0.206009,0.204935,0.208386,0.204743,0.204609,0.205242
4.921,0.206013,0.204939,0.208381,0.204738,0.204604,0.205246
4.922,0.206017,0.204934,0.208376,0.204723,0.204589,0.205231
4.923,0.206003,0.204928,0.208371,0.204727,0.204593,0.205226
4.924,0.205997,0.204933,0.208356,0.204722,0.204588,0.205230
4.925,0.206001,0.204928,0.208341,0.204717,0.204582,0.205215
4.926,0.205996,0.204923,0.208345,0.204712,0.204587,0.205220
4.927,0.205991,0.204936,0.208330,0.204716,0.204601,0.205224
4.928,0.205995,0.204941,0.208325,0.204730,0.204605,0.205228
4.929,0.206009,0.204955,0.208320,0.204715,0.204600,0.205233
4.930,0.206014,0.204950,0.208324,0.204729,0.204614,0.205228
4.931,0.206018,0.204973,0.208319,0.204743,0.204628,0.205242
4.932,0.206032,0.204977,0.208323,0.204738,0.204623,0.205255
4.933,0.206036,0.204982,0.208328,0.204733,0.204617,0.205241
4.934,0.206031,0.204976,0.208332,0.204718,0.204612,0.205236
4.935,0.206026,0.204971,0.208327,0.204722,0.204607,0.205230
4.936,0.206021,0.204966,0.208303,0.204707,0.204592,0.205215
4.937,0.206006,0.204961,0.208297,0.204702,0.204587,0.205201
4.938,0.206001,0.204956,0.208282,0.204707,0.204591,0.205205
4.939,0.206005,0.204960,0.208268,0.204701,0.204596,0.205209
4.940,0.206000,0.204965,0.208272,0.204706,0.204590,0.205204
4.941,0.206004,0.204969,0.208267,0.204700,0.204585,0.205199
4.942,0.205999,0.204973,0.208261,0.204724,0.204609,0.205213
4.943,0.206013,0.204997,0.208247,0.204728,0.204613,0.205227
4.944,0.206027,0.205001,0.208261,0.204723,0.204608,0.205222
4.945,0.206022,0.204996,0.208265,0.204718,0.204603,0.205217
4.946,0.206017,0.204991,0.208260,0.204722,0.204607,0.205211
4.947,0.206021,0.204995,0.208255,0.204717,0.204593,0.205215
4.948,0.206016,0.204990,0.208250,0.204712,0.204577,0.205201
4.949,0.206001,0.204984,0.208244,0.204707,0.204582,0.205196
4.950,0.205995,0.204989,0.208229,0.204711,0.204577,0.205190
4.951,0.206000,0.204974,0.208215,0.204696,0.204571,0.205185
4.952,0.205985,0.204979,0.208210,0.204701,0.204566,0.205180
4.953,0.205980,0.204973,0.208194,0.204705,0.204571,0.205175
4.954,0.205984,0.204987,0.208189,0.204709,0.204585,0.205188
4.955,0.205989,0.205001,0.208184,0.204704,0.204579,0.205183
4.956,0.205993,0.204996,0.208189,0.204708,0.204584,0.205178
4.957,0.205988,0.205000,0.208183,0.204722,0.204598,0.205192
4.958,0.206002,0.205014,0.208178,0.204727,0.204593,0.205196
4.959,0.206016,0.205019,0.208183,0.204721,0.204587,0.205191
4.960,0.206011,0.205013,0.208187,0.204707,0.204572,0.205186
4.961,0.205995,0.204999,0.208172,0.204701,0.204577,0.205171
4.962,0.205990,0.205003,0.208157,0.204696,0.204562,0.205166
4.963,0.205985,0.204988,0.208152,0.204681,0.204557,0.205151
4.964,0.205971,0.204992,0.208137,0.204685,0.204561,0.205156
4.965,0.205975,0.204997,0.208113,0.204690,0.204566,0.205150
4.966,0.205979,0.205001,0.208117,0.204685,0.204560,0.205155
4.967,0.205974,0.205005,0.208112,0.204680,0.204565,0.205150
4.968,0.205969,0.205010,0.208107,0.204703,0.204588,0.205163
4.969,0.205983,0.205034,0.208101,0.204717,0.204593,0.205177
4.970,0.206006,0.205048,0.208106,0.204712,0.204597,0.205182
4.971,0.206011,0.205042,0.208120,0.204707,0.204592,0.205177
4.972,0.206005,0.205037,0.208114,0.204711,0.204596,0.205171
4.973,0.206000,0.205051,0.208109,0.204706,0.204591,0.205176
4.974,0.206005,0.205046,0.208104,0.204701,0.204576,0.205170
4.975,0.205999,0.205040,0.208099,0.204696,0.204580,0.205156
4.976,0.205984,0.205035,0.208084,0.204690,0.204575,0.205160
4.977,0.205989,0.205040,0.208069,0.204685,0.204570,0.205145
4.978,0.205974,0.205034,0.208074,0.204689,0.204565,0.205140
4.979,0.205969,0.205039,0.208059,0.204693,0.204569,0.205144
4.980,0.205973,0.205043,0.208044,0.204698,0.204583,0.205149
4.981,0.205978,0.205057,0.208049,0.204693,0.204568,0.205153
4.982,0.205982,0.205042,0.208043,0.204697,0.204582,0.205138
4.983,0.205976,0.205056,0.208047,0.204711,0.204596,0.205152
4.984,0.205991,0.205070,0.208033,0.204725,0.204591,0.205156
4.985,0.205995,0.205075,0.208037,0.204710,0.204586,0.205151
4.986,0.205990,0.205060,0.208041,0.204705,0.204571,0.205137
4.987,0.205975,0.205055,0.208036,0.204700,0.204566,0.205131
4.988,0.205970,0.205049,0.208022,0.204695,0.204551,0.205116
4.989,0.205965,0.205044,0.208007,0.204680,0.204546,0.205102
4.990,0.205950,0.205029,0.207992,0.204684,0.204550,0.205096
4.991,0.205944,0.205043,0.207967,0.204679,0.204545,0.205101
4.992,0.205949,0.205038,0.207962,0.204683,0.204549,0.205096
4.993,0.205944,0.205042,0.207957,0.204678,0.204544,0.205091
4.994,0.205938,0.205037,0.207952,0.204692,0.204568,0.205095
4.995,0.205943,0.205061,0.207947,0.204706,0.204572,0.205109
4.996,0.205957,0.205075,0.207941,0.204701,0.204566,0.205113
4.997,0.205961,0.205069,0.207955,0.204696,0.204561,0.205108
4.998,0.205956,0.205064,0.207950,0.204700,0.204575,0.205102
4.999,0.205951,0.205069,0.207945,0.204695,0.204570,0.205107
5.000,0.205955,0.205073,0.207930,0.204680,0.204555,0.205102
5.001,0.205950,0.205068,0.207934,0.204674,0.204560,0.205087
5.002,0.205944,0.205063,0.207920,0.204679,0.204564,0.205082
5.003,0.205939,0.205067,0.207905,0.204664,0.204549,0.205077
5.004,0.205934,0.205061,0.207900,0.204659,0.204554,0.205071
5.005,0.205938,0.205066,0.207885,0.204663,0.204558,0.205075
5.006,0.205933,0.205070,0.207880,0.204677,0.204572,0.205080
5.007,0.205947,0.205085,0.207874,0.204672,0.204567,0.205084
5.008,0.205952,0.205079,0.207878,0.204677,0.204571,0.205079
5.009,0.205946,0.205093,0.207883,0.204681,0.204585,0.205083
5.010,0.205960,0.205107,0.207868,0.204695,0.204599,0.205097
5.011,0.205965,0.205112,0.207873,0.204690,0.204584,0.205092
5.012,0.205969,0.205106,0.207886,0.204675,0.204579,0.205078
5.013,0.205954,0.205101,0.207872,0.204669,0.204574,0.205072
5.014,0.205949,0.205096,0.207857,0.204664,0.204568,0.205067
5.015,0.205944,0.205090,0.207842,0.204650,0.204554,0.205052
5.016,0.205929,0.205076,0.207827,0.204654,0.204558,0.205037
5.017,0.205924,0.205080,0.207812,0.204649,0.204553,0.205042
5.018,0.205928,0.205085,0.207807,0.204653,0.204557,0.205037
5.019,0.205923,0.205079,0.207802,0.204648,0.204552,0.205031
5.020,0.205918,0.205074,0.207797,0.204662,0.204566,0.205026
5.021,0.205912,0.205098,0.207782,0.204676,0.204580,0.205050
5.022,0.205936,0.205112,0.207787,0.204671,0.204575,0.205054
5.023,0.205941,0.205106,0.207791,0.204665,0.204569,0.205039
5.024,0.205925,0.205101,0.207785,0.204670,0.204564,0.205034
5.025,0.205920,0.205106,0.207780,0.204674,0.204568,0.205038
5.026,0.205925,0.205100,0.207766,0.204659,0.204554,0.205024
5.027,0.205919,0.205095,0.207770,0.204654,0.204549,0.205008
5.028,0.205905,0.205090,0.207755,0.204658,0.204553,0.205003
5.029,0.205899,0.205094,0.207731,0.204644,0.204538,0.204998
5.030,0.205894,0.205079,0.207725,0.204638,0.204533,0.204984
5.031,0.205889,0.205074,0.207711,0.204643,0.204537,0.204988
5.032,0.205884,0.205079,0.207705,0.204647,0.204551,0.204992
5.033,0.205888,0.205093,0.207700,0.204652,0.204546,0.204997
5.034,0.205902,0.205097,0.207695,0.204646,0.204550,0.204982
5.035,0.205897,0.205092,0.207699,0.204660,0.204564,0.204996
5.036,0.205901,0.205106,0.207685,0.204664,0.204578,0.205000
5.037,0.205915,0.205119,0.207689,0.204659,0.204563,0.205005
5.038,0.205910,0.205114,0.207693,0.204654,0.204558,0.204989
5.039,0.205905,0.205109,0.207688,0.204649,0.204553,0.204975
5.040,0.205900,0.205104,0.207673,0.204644,0.204548,0.204970
5.041,0.205894,0.205098,0.207658,0.204629,0.204543,0.204965
5.042,0.205879,0.205093,0.207643,0.204633,0.204547,0.204949
5.043,0.205874,0.205098,0.207629,0.204628,0.204551,0.204954
5.044,0.205879,0.205102,0.207624,0.204632,0.204556,0.204958
5.045,0.205883,0.205106,0.207618,0.204627,0.204550,0.204953
5.046,0.205887,0.205101,0.207613,0.204641,0.204565,0.204948
5.047,0.205882,0.205115,0.207608,0.204655,0.204578,0.204971
5.048,0.205906,0.205138,0.207603,0.204659,0.204583,0.204985
5.049,0.205910,0.205133,0.207616,0.204654,0.204578,0.204970
5.050,0.205905,0.205138,0.207621,0.204649,0.204582,0.204965
5.051,0.205900,0.205133,0.207606,0.204653,0.204586,0.204970
5.052,0.205904,0.205137,0.207601,0.204648,0.204571,0.204965
5.053,0.205899,0.205132,0.207596,0.204643,0.204566,0.204949
5.054,0.205884,0.205117,0.207591,0.204647,0.204570,0.204944
5.055,0.205879,0.205122,0.207566,0.204632,0.204556,0.204939
5.056,0.205883,0.205116,0.207561,0.204627,0.204551,0.204925
5.057,0.205868,0.205111,0.207546,0.204631,0.204555,0.204919
5.058,0.205863,0.205115,0.207541,0.204645,0.204559,0.204923
5.059,0.205868,0.205119,0.207536,0.204650,0.204564,0.204928
5.060,0.205882,0.205124,0.207530,0.204644,0.204558,0.204922
5.061,0.205866,0.205119,0.207535,0.204649,0.204572,0.204917
5.062,0.205871,0.205133,0.207520,0.204663,0.204577,0.204922
5.063,0.205875,0.205137,0.207515,0.204658,0.204571,0.204926
5.064,0.205879,0.205132,0.207519,0.204652,0.204557,0.204911
5.065,0.205865,0.205127,0.207514,0.204647,0.204551,0.204896
5.066,0.205860,0.205122,0.207499,0.204642,0.204546,0.204891
5.067,0.205855,0.205116,0.207484,0.204627,0.204531,0.204877
5.068,0.205839,0.205101,0.207469,0.204631,0.204536,0.204862
5.069,0.205825,0.205106,0.207445,0.204626,0.204540,0.204876
5.070,0.205829,0.205100,0.207440,0.204631,0.204544,0.204871
5.071,0.205834,0.205105,0.207434,0.204625,0.204539,0.204865
5.072,0.205828,0.205100,0.207429,0.204630,0.204553,0.204860
5.073,0.205833,0.205114,0.207415,0.204644,0.204567,0.204874
5.074,0.205847,0.205137,0.207419,0.204648,0.204572,0.204888
5.075,0.205860,0.205141,0.207433,0.204643,0.204566,0.204882
5.076,0.205855,0.205136,0.207428,0.204638,0.204570,0.204877
5.077,0.205850,0.205131,0.207423,0.204652,0.204575,0.204872
5.078,0.205855,0.205145,0.207407,0.204637,0.204570,0.204877
5.079,0.205859,0.205140,0.207412,0.204622,0.204565,0.204862
5.080,0.205844,0.205125,0.207397,0.204626,0.204569,0.204857
5.081,0.205839,0.205129,0.207373,0.204621,0.204564,0.204851
5.082,0.205843,0.205134,0.207377,0.204616,0.204559,0.204846
5.083,0.205828,0.205129,0.207362,0.204620,0.204563,0.204841
5.084,0.205833,0.205133,0.207348,0.204625,0.204577,0.204845
5.085,0.205837,0.205137,0.207343,0.204629,0.204581,0.204859
5.086,0.205851,0.205151,0.207347,0.204624,0.204576,0.204844
5.087,0.205846,0.205146,0.207351,0.204638,0.204590,0.204849
5.088,0.205850,0.205160,0.207336,0.204652,0.204594,0.204853
5.089,0.205855,0.205164,0.207340,0.204646,0.204599,0.204858
5.090,0.205859,0.205169,0.207345,0.204641,0.204584,0.204852
5.091,0.205854,0.205154,0.207340,0.204627,0.204578,0.204837
5.092,0.205839,0.205148,0.207316,0.204621,0.204573,0.204832
5.093,0.205834,0.205143,0.207300,0.204616,0.204559,0.204817
5.094,0.205819,0.205129,0.207295,0.204611,0.204554,0.204802
5.095,0.205804,0.205124,0.207271,0.204615,0.204558,0.204797
5.096,0.205809,0.205128,0.207256,0.204610,0.204552,0.204792
5.097,0.205803,0.205122,0.207251,0.204605,0.204547,0.204796
5.098,0.205798,0.205117,0.207246,0.204609,0.204551,0.204782
5.099,0.205793,0.205122,0.207231,0.204633,0.204565,0.204796
5.100,0.205807,0.205145,0.207225,0.204637,0.204570,0.204810
5.101,0.205820,0.205150,0.207240,0.204632,0.204565,0.204795
5.102,0.205806,0.205144,0.207234,0.204627,0.204559,0.204790
5.103,0.205801,0.205139,0.207220,0.204631,0.204564,0.204784
5.104,0.205796,0.205143,0.207214,0.204626,0.204559,0.204779
5.105,0.205800,0.205138,0.207209,0.204620,0.204544,0.204774
5.106,0.205785,0.205124,0.207194,0.204615,0.204548,0.204759
5.107,0.205780,0.205128,0.207170,0.204610,0.204543,0.204764
5.108,0.205774,0.205123,0.207165,0.204605,0.204538,0.204748
5.109,0.205760,0.205108,0.207150,0.204600,0.204542,0.204743
5.110,0.205764,0.205112,0.207135,0.204604,0.204546,0.204748
5.111,0.205769,0.205116,0.207130,0.204618,0.204560,0.204752
5.112,0.205773,0.205130,0.207134,0.204613,0.204555,0.204747
5.113,0.205777,0.205125,0.207139,0.204617,0.204559,0.204751
5.114,0.205772,0.205139,0.207124,0.204631,0.204573,0.204756
5.115,0.205786,0.205153,0.207118,0.204635,0.204578,0.204760
5.116,0.205790,0.205158,0.207123,0.204621,0.204573,0.204755
5.117,0.205785,0.205152,0.207118,0.204615,0.204567,0.204740
5.118,0.205770,0.205137,0.207103,0.204610,0.204562,0.204735
5.119,0.205774,0.205142,0.207088,0.204605,0.204557,0.204729
5.120,0.205760,0.205127,0.207083,0.204590,0.204552,0.204715
5.121,0.205745,0.205122,0.207059,0.204595,0.204556,0.204719
5.122,0.205750,0.205136,0.207053,0.204599,0.204551,0.204714
5.123,0.205754,0.205131,0.207048,0.204594,0.204555,0.204718
5.124,0.205748,0.205135,0.207043,0.204598,0.204550,0.204713
5.125,0.205743,0.205130,0.207028,0.204612,0.204574,0.204718
5.126,0.205757,0.205153,0.207023,0.204626,0.204588,0.204732
5.127,0.205771,0.205167,0.207037,0.204621,0.204583,0.204736
5.128,0.205766,0.205162,0.207041,0.204616,0.204577,0.204721
5.129,0.205761,0.205157,0.207026,0.204620,0.204581,0.204716
5.130,0.205755,0.205161,0.207021,0.204624,0.204576,0.204720
5.131,0.205760,0.205156,0.207016,0.204609,0.204561,0.204705
5.132,0.205745,0.205141,0.207001,0.204604,0.204556,0.204691
5.133,0.205730,0.205136,0.206986,0.204609,0.204561,0.204695
5.134,0.205734,0.205140,0.206971,0.204594,0.204546,0.204680
5.135,0.205710,0.205125,0.206957,0.204598,0.204540,0.204675
5.136,0.205705,0.205120,0.206942,0.204603,0.204545,0.204679
5.137,0.205710,0.205134,0.206936,0.204616,0.204559,0.204684
5.138,0.205714,0.205138,0.206931,0.204611,0.204554,0.204678
5.139,0.205709,0.205133,0.206936,0.204616,0.204558,0.204673
5.140,0.205703,0.205137,0.206921,0.204620,0.204572,0.204687
5.141,0.205717,0.205151,0.206916,0.204634,0.204567,0.204691
5.142,0.205721,0.205156,0.206920,0.204619,0.204561,0.204677
5.143,0.205716,0.205141,0.206915,0.204614,0.204556,0.204671
5.144,0.205702,0.205136,0.206890,0.204609,0.204551,0.204657
5.145,0.205687,0.205131,0.206876,0.204594,0.204536,0.204651
5.146,0.205681,0.205116,0.206861,0.204589,0.204531,0.204636
5.147,0.205667,0.205111,0.206846,0.204593,0.204535,0.204641
5.148,0.205662,0.205115,0.206831,0.204588,0.204540,0.204636
5.149,0.205666,0.205119,0.206826,0.204582,0.204535,0.204630
5.150,0.205661,0.205114,0.206821,0.204577,0.204539,0.204625
5.151,0.205656,0.205118,0.206806,0.204591,0.204553,0.204639
5.152,0.205669,0.205132,0.206801,0.204605,0.204567,0.204653
5.153,0.205683,0.205146,0.206815,0.204600,0.204571,0.204648
5.154,0.205678,0.205151,0.206810,0.204595,0.204566,0.204643
5.155,0.205673,0.205145,0.206804,0.204599,0.204570,0.204647
5.156,0.205667,0.205150,0.206789,0.204603,0.204575,0.204651
5.157,0.205672,0.205154,0.206784,0.204589,0.204560,0.204637
5.158,0.205667,0.205140,0.206779,0.204584,0.204555,0.204631
5.159,0.205652,0.205134,0.206754,0.204588,0.204569,0.204636
5.160,0.205656,0.205139,0.206749,0.204573,0.204554,0.204621
5.161,0.205651,0.205134,0.206744,0.204568,0.204558,0.204616
5.162,0.205636,0.205128,0.206720,0.204572,0.204563,0.204620
5.163,0.205640,0.205132,0.206714,0.204586,0.204567,0.204624
5.164,0.205655,0.205147,0.206719,0.204581,0.204561,0.204629
5.165,0.205649,0.205141,0.206723,0.204585,0.204566,0.204624
5.166,0.205644,0.205145,0.206699,0.204590,0.204580,0.204628
5.167,0.205648,0.205160,0.206703,0.204603,0.204585,0.204632
5.168,0.205662,0.205164,0.206708,0.204598,0.204579,0.204627
5.169,0.205648,0.205159,0.206702,0.204584,0.204564,0.204612
5.170,0.205633,0.205144,0.206678,0.204578,0.204559,0.204607
5.171,0.205628,0.205139,0.206663,0.204573,0.204554,0.204602
5.172,0.205613,0.205134,0.206648,0.204558,0.204539,0.204577
5.173,0.205598,0.205118,0.206624,0.204563,0.204543,0.204582
5.174,0.205593,0.205123,0.206609,0.204557,0.204538,0.204576
5.175,0.205597,0.205118,0.206613,0.204562,0.204542,0.204571
5.176,0.205592,0.205113,0.206599,0.204557,0.204528,0.204566
5.177,0.205577,0.205107,0.206584,0.204571,0.204551,0.204571
5.178,0.205581,0.205121,0.206579,0.204584,0.204565,0.204584
5.179,0.205595,0.205145,0.206593,0.204579,0.204560,0.204589
5.180,0.205600,0.205140,0.206588,0.204574,0.204555,0.204584
5.181,0.205585,0.205134,0.206572,0.204578,0.204550,0.204579
5.182,0.205580,0.205129,0.206558,0.204573,0.204554,0.204583
5.183,0.205584,0.205134,0.206553,0.204568,0.204549,0.204568
5.184,0.205579,0.205128,0.206547,0.204553,0.204534,0.204563
5.185,0.205564,0.205113,0.206523,0.204557,0.204548,0.204557
5.186,0.205559,0.205128,0.206518,0.204552,0.204533,0.204552
5.187,0.205554,0.205113,0.206503,0.204547,0.204528,0.204547
5.188,0.205549,0.205107,0.206488,0.204552,0.204532,0.204552
5.189,0.205553,0.205121,0.206483,0.204556,0.204546,0.204556
5.190,0.205557,0.205126,0.206478,0.204560,0.204550,0.204560
5.191,0.205562,0.205130,0.206482,0.204555,0.204555,0.204555
5.192,0.205557,0.205134,0.206467,0.204569,0.204569,0.204569
5.193,0.205561,0.205148,0.206471,0.204583,0.204573,0.204573
5.194,0.205575,0.205153,0.206476,0.204578,0.204568,0.204578
5.195,0.205570,0.205147,0.206461,0.204563,0.204563,0.204563
5.196,0.205555,0.205142,0.206446,0.204557,0.204558,0.204557
5.197,0.205549,0.205137,0.206431,0.204552,0.204553,0.204552
5.198,0.205544,0.205132,0.206426,0.204547,0.204537,0.204538
5.199,0.205530,0.205117,0.206402,0.204542,0.204542,0.204532
5.200,0.205524,0.205121,0.206387,0.204546,0.204546,0.204536
5.201,0.205528,0.205126,0.206391,0.204551,0.204541,0.204541
5.202,0.205523,0.205130,0.206377,0.204546,0.204536,0.204536
5.203,0.205518,0.205125,0.206371,0.204550,0.204550,0.204531
5.204,0.205513,0.205129,0.206356,0.204573,0.204564,0.204554
5.205,0.205536,0.205153,0.206371,0.204568,0.204568,0.204558
5.206,0.205531,0.205147,0.206375,0.204573,0.204563,0.204553
5.207,0.205526,0.205142,0.206360,0.204567,0.204558,0.204538
5.208,0.205521,0.205137,0.206345,0.204572,0.204562,0.204543
5.209,0.205516,0.205142,0.206340,0.204566,0.204547,0.204538
5.210,0.205510,0.205136,0.206325,0.204552,0.204542,0.204523
5.211,0.205495,0.205122,0.206310,0.204556,0.204546,0.204517
5.212,0.205490,0.205126,0.206296,0.204551,0.204531,0.204512
5.213,0.205476,0.205111,0.206281,0.204546,0.204526,0.204507
5.214,0.205470,0.205106,0.206266,0.204550,0.204531,0.204502
5.215,0.205465,0.205110,0.206261,0.204554,0.204535,0.204506
5.216,0.205469,0.205115,0.206256,0.204559,0.204539,0.204511
5.217,0.205474,0.205119,0.206251,0.204554,0.204534,0.204506
5.218,0.205459,0.205114,0.206235,0.204567,0.204548,0.204510
5.219,0.205473,0.205128,0.206240,0.204581,0.204562,0.204524
5.220,0.205477,0.205142,0.206235,0.204576,0.204557,0.204519
5.221,0.205482,0.205136,0.206230,0.204561,0.204542,0.204513
5.222,0.205467,0.205122,0.206215,0.204556,0.204547,0.204498
5.223,0.205452,0.205117,0.206200,0.204551,0.204541,0.204493
5.224,0.205447,0.205111,0.206185,0.204546,0.204526,0.204488
5.225,0.205432,0.205106,0.206170,0.204541,0.204531,0.204483
5.226,0.205427,0.205101,0.206146,0.204545,0.204535,0.204487
5.227,0.205431,0.205105,0.206150,0.204540,0.204530,0.204482
5.228,0.205426,0.205109,0.206136,0.204534,0.204525,0.204477
5.229,0.205421,0.205104,0.206130,0.204538,0.204539,0.204481
5.230,0.205425,0.205109,0.206125,0.204562,0.204562,0.204505
5.231,0.205439,0.205132,0.206139,0.204567,0.204566,0.204509
5.232,0.205453,0.205136,0.206143,0.204562,0.204561,0.204504
5.233,0.205438,0.205131,0.206128,0.204556,0.204556,0.204498
5.234,0.205433,0.205136,0.206114,0.204570,0.204560,0.204503
5.235,0.205437,0.205140,0.206109,0.204555,0.204555,0.204498
5.236,0.205432,0.205135,0.206103,0.204550,0.204550,0.204493
5.237,0.205417,0.205120,0.206079,0.204554,0.204555,0.204487
5.238,0.205422,0.205125,0.206074,0.204540,0.204549,0.204482
5.239,0.205416,0.205119,0.206069,0.204534,0.204544,0.204477
5.240,0.205402,0.205114,0.206044,0.204539,0.204539,0.204471
5.241,0.205396,0.205109,0.206039,0.204543,0.204553,0.204476
5.242,0.205401,0.205123,0.206034,0.204547,0.204557,0.204490
5.243,0.205415,0.205127,0.206038,0.204542,0.204552,0.204475
5.244,0.205400,0.205122,0.206023,0.204556,0.204556,0.204479
5.245,0.205404,0.205126,0.206018,0.204561,0.204570,0.204493
5.246,0.205409,0.205140,0.206022,0.204565,0.204565,0.204488
5.247,0.205404,0.205135,0.206017,0.204550,0.204550,0.204483
5.248,0.205398,0.205120,0.205992,0.204545,0.204545,0.204468
5.249,0.205383,0.205115,0.205978,0.204540,0.204539,0.204463
5.250,0.205369,0.205110,0.205963,0.204525,0.204525,0.204448
5.251,0.205354,0.205095,0.205938,0.204519,0.204520,0.204443
5.252,0.205339,0.205090,0.205924,0.204524,0.204524,0.204447
5.253,0.205343,0.205094,0.205919,0.204528,0.204528,0.204442
5.254,0.205338,0.205089,0.205904,0.204523,0.204523,0.204437
5.255,0.205333,0.205083,0.205898,0.204518,0.204528,0.204431
5.256,0.205328,0.205088,0.205884,0.204541,0.204541,0.204455
5.257,0.205351,0.205102,0.205898,0.204546,0.204555,0.204460
5.258,0.205356,0.205116,0.205892,0.204541,0.204550,0.204454
5.259,0.205341,0.205111,0.205878,0.204535,0.204545,0.204449
5.260,0.205335,0.205105,0.205872,0.204540,0.204549,0.204453
5.261,0.205340,0.205110,0.205867,0.204535,0.204544,0.204448
5.262,0.205335,0.205104,0.205852,0.204519,0.204529,0.204443
5.263,0.205320,0.205090,0.205828,0.204524,0.204534,0.204428
5.264,0.205315,0.205094,0.205823,0.204519,0.204528,0.204433
5.265,0.205309,0.205089,0.205818,0.204514,0.204523,0.204418
5.266,0.205294,0.205084,0.205793,0.204508,0.204528,0.204422
5.267,0.205299,0.205078,0.205788,0.204513,0.204532,0.204426
5.268,0.205303,0.205093,0.205783,0.204517,0.204536,0.204431
5.269,0.205308,0.205097,0.205787,0.204512,0.204531,0.204426
5.270,0.205302,0.205091,0.205772,0.204526,0.204545,0.204430
5.271,0.205307,0.205096,0.205767,0.204530,0.204559,0.204444
5.272,0.205311,0.205110,0.205772,0.204535,0.204554,0.204448
5.273,0.205316,0.205114,0.205766,0.204529,0.204549,0.204443
5.274,0.205310,0.205109,0.205751,0.204524,0.204544,0.204428
5.275,0.205295,0.205094,0.205737,0.204519,0.204538,0.204423
5.276,0.205290,0.205089,0.205722,0.204504,0.204523,0.204418
5.277,0.205275,0.205084,0.205707,0.204499,0.204518,0.204403
5.278,0.205261,0.205069,0.205692,0.204503,0.204522,0.204407
5.279,0.205265,0.205073,0.205687,0.204498,0.204527,0.204412
5.280,0.205260,0.205077,0.205672,0.204503,0.204522,0.204407
5.281,0.205254,0.205072,0.205667,0.204497,0.204517,0.204401
5.282,0.205249,0.205067,0.205652,0.204521,0.204540,0.204415
5.283,0.205263,0.205091,0.205666,0.204525,0.204554,0.204429
5.284,0.205277,0.205105,0.205670,0.204520,0.204549,0.204424
5.285,0.205262,0.205090,0.205655,0.204515,0.204544,0.204419
5.286,0.205257,0.205085,0.205641,0.204519,0.204548,0.204414
5.287,0.205252,0.205089,0.205636,0.204514,0.204543,0.204418
5.288,0.205256,0.205084,0.205621,0.204508,0.204528,0.204403
5.289,0.205241,0.205069,0.205596,0.204503,0.204532,0.204398
5.290,0.205227,0.205064,0.205591,0.204498,0.204527,0.204402
5.291,0.205231,0.205068,0.205576,0.204493,0.204522,0.204388
5.292,0.205216,0.205053,0.205561,0.204488,0.204517,0.204382
5.293,0.205211,0.205058,0.205547,0.204492,0.204521,0.204387
5.294,0.205206,0.205062,0.205551,0.204497,0.204535,0.204391
5.295,0.205220,0.205066,0.205546,0.204491,0.204520,0.204386
5.296,0.205205,0.205061,0.205531,0.204495,0.204534,0.204390
5.297,0.205209,0.205066,0.205526,0.204510,0.204538,0.204394
5.298,0.205214,0.205079,0.205530,0.204514,0.204543,0.204409
5.299,0.205218,0.205084,0.205525,0.204499,0.204538,0.204393
5.300,0.205213,0.205069,0.205510,0.204494,0.204532,0.204379
5.301,0.205198,0.205064,0.205486,0.204489,0.204527,0.204374
5.302,0.205193,0.205058,0.205480,0.204474,0.204512,0.204369
5.303,0.205178,0.205044,0.205456,0.204459,0.204507,0.204353
5.304,0.205163,0.205029,0.205441,0.204473,0.204511,0.204358
5.305,0.205168,0.205034,0.205436,0.204468,0.204506,0.204353
5.306,0.205163,0.205038,0.205421,0.204462,0.204510,0.204348
5.307,0.205157,0.205033,0.205416,0.204457,0.204505,0.204342
5.308,0.205142,0.205027,0.205401,0.204471,0.204519,0.204356
5.309,0.205156,0.205051,0.205415,0.204485,0.204533,0.204370
5.310,0.205170,0.205065,0.205419,0.204480,0.204528,0.204365
5.311,0.205165,0.205060,0.205405,0.204475,0.204522,0.204360
5.312,0.205160,0.205055,0.205390,0.204479,0.204527,0.204364
5.313,0.205155,0.205049,0.205384,0.204474,0.204531,0.204359
5.314,0.205159,0.205053,0.205370,0.204469,0.204517,0.204353
5.315,0.205144,0.205039,0.205355,0.204454,0.204511,0.204339
5.316,0.205129,0.205034,0.205340,0.204458,0.204516,0.204343
5.317,0.205134,0.205038,0.205335,0.204443,0.204511,0.204329
5.318,0.205119,0.205023,0.205311,0.204438,0.204505,0.204323
5.319,0.205114,0.205018,0.205305,0.204443,0.204509,0.204327
5.320,0.205118,0.205022,0.205300,0.204447,0.204524,0.204332
5.321,0.205123,0.205036,0.205304,0.204442,0.204518,0.204336
5.322,0.205117,0.205031,0.205280,0.204446,0.204523,0.204331
5.323,0.205112,0.205035,0.205285,0.204460,0.204537,0.204345
5.324,0.205126,0.205039,0.205279,0.204465,0.204541,0.204349
5.325,0.205120,0.205044,0.205274,0.204459,0.204536,0.204344
5.326,0.205115,0.205039,0.205259,0.204444,0.204521,0.204329
5.327,0.205101,0.205024,0.205245,0.204439,0.204516,0.204324
5.328,0.205096,0.205019,0.205229,0.204434,0.204511,0.204309
5.329,0.205080,0.205013,0.205205,0.204419,0.204496,0.204294
5.330,0.205066,0.204999,0.205191,0.204423,0.204500,0.204299
5.331,0.205070,0.205003,0.205185,0.204418,0.204504,0.204294
5.332,0.205065,0.204998,0.205180,0.204413,0.204499,0.204298
5.333,0.205060,0.205002,0.205165,0.204408,0.204494,0.204283
5.334,0.205045,0.204988,0.205150,0.204422,0.204508,0.204297
5.335,0.205059,0.205001,0.205165,0.204436,0.204522,0.204311
5.336,0.205073,0.205015,0.205169,0.204430,0.204517,0.204306
5.337,0.205068,0.205020,0.205154,0.204425,0.204511,0.204301
5.338,0.205062,0.205015,0.205139,0.204420,0.204516,0.204305
5.339,0.205057,0.205009,0.205134,0.204424,0.204511,0.204300
5.340,0.205052,0.205014,0.205119,0.204419,0.204506,0.204294
5.341,0.205037,0.204999,0.205104,0.204404,0.204500,0.204280
5.342,0.205022,0.204993,0.205090,0.204409,0.204505,0.204284
5.343,0.205027,0.204998,0.205074,0.204394,0.204490,0.204269
5.344,0.205012,0.204983,0.205060,0.204389,0.204485,0.204264
5.345,0.205007,0.204978,0.205055,0.204393,0.204489,0.204268
5.346,0.205011,0.204982,0.205050,0.204398,0.204503,0.204273
5.347,0.205015,0.204987,0.205044,0.204402,0.204498,0.204277
5.348,0.205010,0.204991,0.205029,0.204397,0.204502,0.204272
5.349,0.205005,0.204986,0.205024,0.204411,0.204516,0.204276
5.350,0.205019,0.205000,0.205028,0.204415,0.204520,0.204290
5.351,0.205023,0.205004,0.205023,0.204410,0.204515,0.204285
5.352,0.205008,0.205009,0.205008,0.204404,0.204510,0.204270
5.353,0.205003,0.204993,0.204994,0.204399,0.204505,0.204265
5.354,0.204989,0.204988,0.204979,0.204384,0.204500,0.204260
5.355,0.204983,0.204983,0.204954,0.204370,0.204485,0.204245
5.356,0.204968,0.204969,0.204940,0.204374,0.204489,0.204240
5.357,0.204963,0.204963,0.204935,0.204369,0.204493,0.204244
5.358,0.204967,0.204967,0.204929,0.204373,0.204488,0.204239
5.359,0.204962,0.204962,0.204914,0.204368,0.204483,0.204234
5.360,0.204957,0.204957,0.204900,0.204372,0.204497,0.204238
5.361,0.204962,0.204971,0.204913,0.204386,0.204511,0.204252
5.362,0.204975,0.204985,0.204918,0.204390,0.204515,0.204256
5.363,0.204970,0.204989,0.204903,0.204385,0.204510,0.204251
5.364,0.204965,0.204984,0.204888,0.204380,0.204505,0.204246
5.365,0.204960,0.204979,0.204883,0.204384,0.204509,0.204250
5.366,0.204964,0.204983,0.204878,0.204379,0.204504,0.204245
5.367,0.204949,0.204978,0.204854,0.204365,0.204489,0.204230
5.368,0.204935,0.204963,0.204839,0.204369,0.204493,0.204225
5.369,0.204939,0.204968,0.204833,0.204354,0.204488,0.204220
5.370,0.204924,0.204953,0.204819,0.204349,0.204483,0.204214
5.371,0.204919,0.204948,0.204804,0.204353,0.204487,0.204209
5.372,0.204923,0.204952,0.204798,0.204358,0.204492,0.204214
5.373,0.204927,0.204956,0.204803,0.204362,0.204496,0.204218
5.374,0.204922,0.204961,0.204788,0.204357,0.204491,0.204213
5.375,0.204917,0.204956,0.204783,0.204361,0.204505,0.204217
5.376,0.204922,0.204969,0.204787,0.204375,0.204509,0.204231
5.377,0.204935,0.204983,0.204782,0.204370,0.204514,0.204226
5.378,0.204921,0.204978,0.204767,0.204355,0.204499,0.204211
5.379,0.204916,0.204963,0.204743,0.204350,0.204494,0.204206
5.380,0.204900,0.204958,0.204737,0.204344,0.204488,0.204200
5.381,0.204895,0.204953,0.204713,0.204330,0.204473,0.204186
5.382,0.204871,0.204929,0.204689,0.204325,0.204478,0.204181
5.383,0.204875,0.204933,0.204693,0.204329,0.204473,0.204185
5.384,0.204870,0.204937,0.204678,0.204323,0.204477,0.204180
5.385,0.204865,0.204932,0.204664,0.204318,0.204472,0.204165
5.386,0.204860,0.204927,0.204658,0.204323,0.204476,0.204169
5.387,0.204864,0.204931,0.204672,0.204346,0.204500,0.204193
5.388,0.204878,0.204955,0.204667,0.204341,0.204504,0.204197
5.389,0.204882,0.204950,0.204652,0.204336,0.204499,0.204182
5.390,0.204868,0.204954,0.204638,0.204340,0.204494,0.204177
5.391,0.204872,0.204949,0.204632,0.204335,0.204498,0.204181
5.392,0.204867,0.204953,0.204627,0.204330,0.204493,0.204176
5.393,0.204861,0.204948,0.204603,0.204315,0.204487,0.204162
5.394,0.204847,0.204933,0.204588,0.204320,0.204482,0.204166
5.395,0.204851,0.204937,0.204582,0.204304,0.204477,0.204151
5.396,0.204836,0.204923,0.204568,0.204299,0.204472,0.204146
5.397,0.204831,0.204917,0.204553,0.204294,0.204476,0.204141
5.398,0.204826,0.204921,0.204548,0.204298,0.204481,0.204145
5.399,0.204830,0.204926,0.204552,0.204303,0.204495,0.204159
5.400,0.204834,0.204940,0.204537,0.204298,0.204480,0.204144
5.401,0.204829,0.204935,0.204532,0.204302,0.204494,0.204149
5.402,0.204833,0.204939,0.204536,0.204316,0.204508,0.204162
5.403,0.204847,0.204953,0.204531,0.204311,0.204502,0.204157
5.404,0.204842,0.204948,0.204517,0.204306,0.204497,0.204143
5.405,0.204828,0.204942,0.204492,0.204291,0.204482,0.204137
5.406,0.204813,0.204928,0.204487,0.204285,0.204487,0.204132
5.407,0.204807,0.204923,0.204462,0.204271,0.204472,0.204117
5.408,0.204793,0.204918,0.204448,0.204266,0.204467,0.204103
5.409,0.204788,0.204912,0.204442,0.204270,0.204471,0.204107
5.410,0.204782,0.204907,0.204427,0.204274,0.204466,0.204101
5.411,0.204787,0.204911,0.204422,0.204269,0.204461,0.204096
5.412,0.204772,0.204906,0.204408,0.204264,0.204465,0.204091
5.413,0.204776,0.204910,0.204421,0.204287,0.204479,0.204114
5.414,0.204790,0.204924,0.204416,0.204292,0.204493,0.204119
5.415,0.204795,0.204929,0.204402,0.204286,0.204488,0.204104
5.416,0.204780,0.204923,0.204386,0.204281,0.204482,0.204099
5.417,0.204774,0.204918,0.204381,0.204285,0.204487,0.204103
5.418,0.204779,0.204923,0.204376,0.204280,0.204481,0.204098
5.419,0.204764,0.204918,0.204352,0.204266,0.204467,0.204083
5.420,0.204749,0.204902,0.204337,0.204270,0.204462,0.204078
5.421,0.204744,0.204897,0.204332,0.204255,0.204457,0.204073
5.422,0.204739,0.204892,0.204307,0.204250,0.204451,0.204058
5.423,0.204724,0.204887,0.204302,0.204254,0.204455,0.204063
5.424,0.204728,0.204882,0.204297,0.204258,0.204460,0.204057
5.425,0.204733,0.204886,0.204292,0.204263,0.204464,0.204071
5.426,0.204737,0.204900,0.204277,0.204258,0.204459,0.204056
5.427,0.204722,0.204895,0.204271,0.204262,0.204473,0.204061
5.428,0.204726,0.204899,0.204276,0.204276,0.204487,0.204074
5.429,0.204740,0.204913,0.204271,0.204271,0.204491,0.204079
5.430,0.204735,0.204918,0.204256,0.204266,0.204476,0.204064
5.431,0.204730,0.204903,0.204241,0.204251,0.204471,0.204059
5.432,0.204715,0.204897,0.204226,0.204255,0.204466,0.204054
5.433,0.204710,0.204892,0.204212,0.204240,0.204461,0.204039
5.434,0.204695,0.204887,0.204187,0.204226,0.204446,0.204024
5.435,0.204690,0.204872,0.204191,0.204230,0.204460,0.204028
5.436,0.204694,0.204877,0.204177,0.204234,0.204454,0.204033
5.437,0.204689,0.204881,0.204172,0.204229,0.204459,0.204028
5.438,0.204684,0.204876,0.204156,0.204224,0.204454,0.204023
5.439,0.204679,0.204880,0.204171,0.204247,0.204478,0.204036
5.440,0.204702,0.204894,0.204175,0.204252,0.204482,0.204050
5.441,0.204707,0.204908,0.204151,0.204247,0.204476,0.204036
5.442,0.204692,0.204903,0.204145,0.204251,0.204481,0.204031
5.443,0.204686,0.204898,0.204140,0.204255,0.204485,0.204035
5.444,0.204691,0.204902,0.204125,0.204250,0.204480,0.204029
5.445,0.204686,0.204906,0.204111,0.204235,0.204465,0.204015
5.446,0.204671,0.204891,0.204096,0.204230,0.204470,0.204009
5.447,0.204666,0.204886,0.204090,0.204234,0.204465,0.204004
5.448,0.204661,0.204881,0.204066,0.204220,0.204459,0.203999
5.449,0.204646,0.204866,0.204061,0.204214,0.204454,0.203994
5.450,0.204640,0.204871,0.204056,0.204218,0.204458,0.203988
5.451,0.204645,0.204875,0.204050,0.204233,0.204462,0.204002
5.452,0.204649,0.204880,0.204036,0.204218,0.204457,0.203988
5.453,0.204635,0.204874,0.204030,0.204232,0.204462,0.203992
5.454,0.204639,0.204878,0.204035,0.204236,0.204476,0.203996
5.455,0.204643,0.204883,0.204020,0.204240,0.204480,0.204001
5.456,0.204638,0.204887,0.204005,0.204235,0.204475,0.203996
5.457,0.204623,0.204872,0.203981,0.204220,0.204460,0.203981
5.458,0.204608,0.204867,0.203975,0.204215,0.204455,0.203975
5.459,0.204603,0.204862,0.203951,0.204210,0.204450,0.203961
5.460,0.204588,0.204847,0.203927,0.204195,0.204435,0.203946
5.461,0.204573,0.204832,0.203931,0.204199,0.204439,0.203950
5.462,0.204578,0.204837,0.203916,0.204194,0.204443,0.203945
5.463,0.204573,0.204841,0.203902,0.204199,0.204438,0.203940
5.464,0.204568,0.204836,0.203896,0.204193,0.204443,0.203935
5.465,0.204572,0.204831,0.203901,0.204207,0.204457,0.203958
5.466,0.204586,0.204854,0.203905,0.204221,0.204470,0.203962
5.467,0.204590,0.204858,0.203890,0.204216,0.204465,0.203957
5.468,0.204585,0.204853,0.203875,0.204211,0.204470,0.203952
5.469,0.204579,0.204858,0.203870,0.204215,0.204465,0.203956
5.470,0.204584,0.204862,0.203865,0.204210,0.204469,0.203951
5.471,0.204579,0.204857,0.203841,0.204195,0.204464,0.203937
5.472,0.204564,0.204852,0.203826,0.204190,0.204459,0.203931
5.473,0.204559,0.204846,0.203820,0.204194,0.204463,0.203935
5.474,0.204554,0.204851,0.203806,0.204180,0.204448,0.203921
5.475,0.204548,0.204836,0.203791,0.204175,0.204452,0.203916
5.476,0.204543,0.204831,0.203786,0.204179,0.204457,0.203920
5.477,0.204547,0.204835,0.203790,0.204193,0.204471,0.203924
5.478,0.204552,0.204849,0.203775,0.204188,0.204465,0.203919
5.479,0.204547,0.204844,0.203770,0.204192,0.204470,0.203923
5.480,0.204551,0.204848,0.203774,0.204206,0.204484,0.203928
5.481,0.204555,0.204862,0.203769,0.204210,0.204488,0.203942
5.482,0.204560,0.204866,0.203755,0.204205,0.204483,0.203927
5.483,0.204545,0.204861,0.203730,0.204190,0.204468,0.203912
5.484,0.204530,0.204846,0.203715,0.204185,0.204472,0.203907
5.485,0.204525,0.204841,0.203700,0.204180,0.204458,0.203902
5.486,0.204510,0.204826,0.203676,0.204165,0.204443,0.203877
5.487,0.204495,0.204812,0.203671,0.204169,0.204447,0.203881
5.488,0.204500,0.204816,0.203666,0.204164,0.204451,0.203876
5.489,0.204494,0.204810,0.203651,0.204169,0.204446,0.203881
5.490,0.204489,0.204815,0.203636,0.204163,0.204441,0.203866
5.491,0.204474,0.204810,0.203650,0.204177,0.204455,0.203880
5.492,0.204488,0.204814,0.203645,0.204191,0.204469,0.203894
5.493,0.204502,0.204828,0.203630,0.204186,0.204464,0.203889
5.494,0.204487,0.204823,0.203624,0.204180,0.204459,0.203883
5.495,0.204482,0.204827,0.203610,0.204185,0.204463,0.203878
5.496,0.204477,0.204822,0.203605,0.204180,0.204467,0.203873
5.497,0.204472,0.204817,0.203580,0.204175,0.204453,0.203868
5.498,0.204457,0.204812,0.203565,0.204169,0.204448,0.203853
5.499,0.204452,0.204807,0.203560,0.204174,0.204452,0.203857
5.500,0.204447,0.204811,0.203536,0.204159,0.204437,0.203843
5.501,0.204432,0.204796,0.203530,0.204153,0.204441,0.203837
5.502,0.204436,0.204791,0.203525,0.204158,0.204446,0.203842
5.503,0.204431,0.204795,0.203520,0.204172,0.204450,0.203846
5.504,0.204445,0.204809,0.203505,0.204167,0.204454,0.203841
5.505,0.204430,0.204804,0.203509,0.204171,0.204459,0.203845
5.506,0.204434,0.204808,0.203504,0.204185,0.204463,0.203859
5.507,0.204448,0.204822,0.203509,0.204190,0.204477,0.203864
5.508,0.204453,0.204826,0.203484,0.204184,0.204481,0.203858
5.509,0.204438,0.204821,0.203469,0.204179,0.204467,0.203843
5.510,0.204433,0.204816,0.203455,0.204174,0.204471,0.203838
5.511,0.204427,0.204811,0.203440,0.204169,0.204456,0.203833
5.512,0.204413,0.204806,0.203415,0.204154,0.204451,0.203818
5.513,0.204398,0.204791,0.203420,0.204158,0.204456,0.203822
5.514,0.204402,0.204795,0.203405,0.204153,0.204450,0.203817
5.515,0.204397,0.204790,0.203400,0.204148,0.204454,0.203822
5.516,0.204391,0.204794,0.203385,0.204142,0.204449,0.203807
5.517,0.204386,0.204789,0.203399,0.204156,0.204463,0.203821
5.518,0.204400,0.204803,0.203394,0.204170,0.204477,0.203835
5.519,0.204415,0.204817,0.203379,0.204175,0.204482,0.203830
5.520,0.204399,0.204812,0.203374,0.204169,0.204476,0.203824
5.521,0.204394,0.204816,0.203369,0.204174,0.204480,0.203819
5.522,0.204399,0.204811,0.203354,0.204178,0.204485,0.203824
5.523,0.204394,0.204815,0.203339,0.204163,0.204470,0.203818
5.524,0.204379,0.204801,0.203324,0.204158,0.204465,0.203803
5.525,0.204364,0.204795,0.203319,0.204163,0.204469,0.203808
5.526,0.204368,0.204790,0.203295,0.204148,0.204455,0.203793
5.527,0.204353,0.204785,0.203279,0.204142,0.204449,0.203788
5.528,0.204348,0.204780,0.203274,0.204147,0.204453,0.203782
5.529,0.204343,0.204784,0.203279,0.204161,0.204458,0.203787
5.530,0.204357,0.204788,0.203264,0.204156,0.204462,0.203791
5.531,0.204342,0.204793,0.203259,0.204160,0.204457,0.203786
5.532,0.204346,0.204788,0.203263,0.204164,0.204471,0.203790
5.533,0.204351,0.204792,0.203258,0.204178,0.204475,0.203795
5.534,0.204355,0.204806,0.203233,0.204173,0.204480,0.203790
5.535,0.204340,0.204801,0.203219,0.204168,0.204465,0.203784
5.536,0.204335,0.204786,0.203204,0.204163,0.204460,0.203770
5.537,0.204320,0.204780,0.203189,0.204158,0.204455,0.203764
5.538,0.204305,0.204775,0.203165,0.204142,0.204449,0.203749
5.539,0.204300,0.204761,0.203159,0.204137,0.204444,0.203744
5.540,0.204295,0.204765,0.203154,0.204142,0.204448,0.203749
5.541,0.204300,0.204769,0.203139,0.204137,0.204453,0.203744
5.542,0.204294,0.204764,0.203134,0.204131,0.204448,0.203738
5.543,0.204289,0.204769,0.203139,0.204145,0.204452,0.203752
5.544,0.204303,0.204773,0.203143,0.204159,0.204476,0.203766
5.545,0.204317,0.204787,0.203128,0.204163,0.204480,0.203761
5.546,0.204312,0.204791,0.203123,0.204158,0.204484,0.203765
5.547,0.204306,0.204796,0.203118,0.204153,0.204479,0.203760
5.548,0.204301,0.204790,0.203103,0.204158,0.204483,0.203765
5.549,0.204305,0.204795,0.203088,0.204152,0.204478,0.203749
5.550,0.204291,0.204789,0.203073,0.204137,0.204473,0.203744
5.551,0.204276,0.204784,0.203068,0.204142,0.204468,0.203739
5.552,0.204281,0.204779,0.203043,0.204137,0.204472,0.203734
5.553,0.204265,0.204774,0.203038,0.204131,0.204457,0.203729
5.554,0.204260,0.204769,0.203033,0.204126,0.204462,0.203723
5.555,0.204265,0.204773,0.203028,0.204140,0.204466,0.203728
5.556,0.204269,0.204777,0.203013,0.204144,0.204480,0.203732
5.557,0.204264,0.204782,0.203008,0.204139,0.204465,0.203727
5.558,0.204259,0.204776,0.203012,0.204153,0.204479,0.203741
5.559,0.204273,0.204790,0.203007,0.204158,0.204493,0.203745
5.560,0.204277,0.204795,0.202992,0.204162,0.204488,0.203740
5.561,0.204262,0.204799,0.202977,0.204157,0.204482,0.203725
5.562,0.204257,0.204784,0.202963,0.204142,0.204468,0.203720
5.563,0.204242,0.204779,0.202948,0.204146,0.204463,0.203715
5.564,0.204237,0.204774,0.202923,0.204131,0.204458,0.203700
5.565,0.204212,0.204759,0.202918,0.204126,0.204442,0.203695
5.566,0.204217,0.204754,0.202904,0.204131,0.204447,0.203690
5.567,0.204212,0.204758,0.202898,0.204125,0.204451,0.203694
5.568,0.204206,0.204753,0.202883,0.204120,0.204446,0.203679
5.569,0.204201,0.204748,0.202897,0.204125,0.204441,0.203683
5.570,0.204206,0.204752,0.202892,0.204148,0.204464,0.203698
5.571,0.204220,0.204766,0.202877,0.204152,0.204469,0.203702
5.572,0.204214,0.204770,0.202872,0.204147,0.204464,0.203696
5.573,0.204209,0.204765,0.202867,0.204152,0.204458,0.203691
5.574,0.204204,0.204769,0.202852,0.204156,0.204463,0.203696
5.575,0.204198,0.204774,0.202837,0.204151,0.204458,0.203690
5.576,0.204193,0.204769,0.202822,0.204136,0.204452,0.203676
5.577,0.204179,0.204754,0.202817,0.204140,0.204447,0.203671
5.578,0.204183,0.204758,0.202793,0.204135,0.204451,0.203665
5.579,0.204168,0.204753,0.202788,0.204130,0.204446,0.203660
5.580,0.204163,0.204748,0.202782,0.204125,0.204441,0.203664
5.581,0.204167,0.204742,0.202787,0.204139,0.204445,0.203669
5.582,0.204172,0.204756,0.202772,0.204143,0.204459,0.203673
5.583,0.204176,0.204761,0.202767,0.204138,0.204454,0.203668
5.584,0.204171,0.204756,0.202771,0.204152,0.204468,0.203672
5.585,0.204175,0.204769,0.202766,0.204166,0.204482,0.203686
5.586,0.204179,0.204783,0.202751,0.204170,0.204486,0.203690
5.587,0.204174,0.204778,0.202736,0.204155,0.204481,0.203676
5.588,0.204169,0.204773,0.202722,0.204150,0.204466,0.203671
5.589,0.204164,0.204768,0.202706,0.204154,0.204471,0.203666
5.590,0.204149,0.204763,0.202682,0.204139,0.204456,0.203650
5.591,0.204134,0.204758,0.202687,0.204134,0.204450,0.203645
5.592,0.204129,0.204742,0.202672,0.204139,0.204455,0.203650
5.593,0.204134,0.204747,0.202666,0.204133,0.204459,0.203654
5.594,0.204128,0.204751,0.202652,0.204138,0.204454,0.203649
5.595,0.204123,0.204746,0.202666,0.204133,0.204449,0.203644
5.596,0.204127,0.204750,0.202661,0.204156,0.204472,0.203667
5.597,0.204141,0.204764,0.202655,0.204170,0.204487,0.203671
5.598,0.204146,0.204778,0.202640,0.204165,0.204481,0.203666
5.599,0.204140,0.204773,0.202635,0.204160,0.204476,0.203661
5.600,0.204135,0.204768,0.202620,0.204164,0.204480,0.203666
5.601,0.204130,0.204772,0.202606,0.204168,0.204475,0.203660
5.602,0.204125,0.204767,0.202591,0.204154,0.204470,0.203645
5.603,0.204110,0.204752,0.202586,0.204148,0.204465,0.203640
5.604,0.204105,0.204747,0.202561,0.204152,0.204460,0.203635
5.605,0.204090,0.204742,0.202546,0.204138,0.204445,0.203630
5.606,0.204085,0.204737,0.202541,0.204142,0.204449,0.203625
5.607,0.204080,0.204731,0.202546,0.204147,0.204453,0.203629
5.608,0.204084,0.204736,0.202531,0.204151,0.204458,0.203633
5.609,0.204088,0.204740,0.202525,0.204146,0.204452,0.203618
5.610,0.204073,0.204735,0.202530,0.204150,0.204457,0.203632
5.611,0.204088,0.204739,0.202524,0.204164,0.204471,0.203637
5.612,0.204092,0.204744,0.202510,0.204168,0.204475,0.203641
5.613,0.204086,0.204748,0.202485,0.204163,0.204470,0.203626
5.614,0.204072,0.204743,0.202480,0.204158,0.204465,0.203621
5.615,0.204067,0.204737,0.202456,0.204153,0.204460,0.203616
5.616,0.204051,0.204732,0.202441,0.204147,0.204445,0.203601
5.617,0.204037,0.204718,0.202436,0.204133,0.204439,0.203596
5.618,0.204041,0.204712,0.202421,0.204137,0.204444,0.203600
5.619,0.204036,0.204717,0.202416,0.204141,0.204448,0.203595
5.620,0.204031,0.204712,0.202401,0.204136,0.204443,0.203599
5.621,0.204035,0.204716,0.202415,0.204131,0.204438,0.203594
5.622,0.204040,0.204710,0.202419,0.204155,0.204461,0.203608
5.623,0.204053,0.204734,0.202404,0.204159,0.204475,0.203622
5.624,0.204058,0.204739,0.202399,0.204163,0.204470,0.203617
5.625,0.204053,0.204743,0.202394,0.204158,0.204474,0.203612
5.626,0.204048,0.204738,0.202379,0.204162,0.204469,0.203616
5.627,0.204052,0.204742,0.202364,0.204167,0.204474,0.203611
5.628,0.204037,0.204737,0.202350,0.204152,0.204468,0.203596
5.629,0.204022,0.204731,0.202345,0.204147,0.204463,0.203600
5.630,0.204026,0.204726,0.202329,0.204151,0.204468,0.203595
5.631,0.204021,0.204731,0.202315,0.204146,0.204452,0.203580
5.632,0.204006,0.204716,0.202310,0.204141,0.204447,0.203585
5.633,0.204011,0.204711,0.202314,0.204145,0.204452,0.203580
5.634,0.204015,0.204715,0.202299,0.204159,0.204466,0.203593
5.635,0.204019,0.204729,0.202294,0.204154,0.204460,0.203588
5.636,0.204014,0.204724,0.202298,0.204158,0.204465,0.203583
5.637,0.204019,0.204728,0.202293,0.204172,0.204479,0.203597
5.638,0.204023,0.204742,0.202278,0.204176,0.204483,0.203601
5.639,0.204018,0.204747,0.202263,0.204171,0.204478,0.203596
5.640,0.204003,0.204731,0.202249,0.204166,0.204463,0.203581
5.641,0.203998,0.204726,0.202234,0.204161,0.204468,0.203576
5.642,0.203992,0.204721,0.202209,0.204156,0.204453,0.203561
5.643,0.203978,0.204707,0.202204,0.204141,0.204438,0.203546
5.644,0.203963,0.204691,0.202199,0.204145,0.204442,0.203551
5.645,0.203967,0.204696,0.202184,0.204149,0.204447,0.203545
5.646,0.203962,0.204700,0.202179,0.204144,0.204441,0.203550
5.647,0.203957,0.204695,0.202183,0.204139,0.204436,0.203535
5.648,0.203952,0.204690,0.202187,0.204153,0.204450,0.203559
5.649,0.203975,0.204704,0.202173,0.204176,0.204464,0.203563
5.650,0.203980,0.204718,0.202168,0.204171,0.204459,0.203558
5.651,0.203974,0.204712,0.202163,0.204166,0.204463,0.203553
5.652,0.203959,0.204707,0.202147,0.204170,0.204458,0.203557
5.653,0.203964,0.204712,0.202133,0.204175,0.204462,0.203552
5.654,0.203959,0.204716,0.202118,0.204170,0.204457,0.203546
5.655,0.203944,0.204701,0.202112,0.204155,0.204452,0.203541
5.656,0.203948,0.204696,0.202098,0.204159,0.204457,0.203545
5.657,0.203943,0.204700,0.202093,0.204154,0.204441,0.203531
5.658,0.203928,0.204686,0.202088,0.204149,0.204436,0.203526
5.659,0.203933,0.204690,0.202082,0.204153,0.204441,0.203530
5.660,0.203937,0.204694,0.202077,0.204167,0.204455,0.203544
5.661,0.203941,0.204699,0.202072,0.204171,0.204459,0.203539
5.662,0.203936,0.204703,0.202076,0.204166,0.204454,0.203534
5.663,0.203940,0.204698,0.202071,0.204180,0.204468,0.203547
5.664,0.203954,0.204712,0.202066,0.204194,0.204481,0.203561
5.665,0.203949,0.204726,0.202041,0.204189,0.204476,0.203547
5.666,0.203934,0.204720,0.202036,0.204184,0.204471,0.203541
5.667,0.203929,0.204706,0.202021,0.204178,0.204466,0.203536
5.668,0.203924,0.204710,0.201997,0.204173,0.204461,0.203521
5.669,0.203909,0.204695,0.201992,0.204158,0.204446,0.203516
5.670,0.203894,0.204690,0.201986,0.204162,0.204441,0.203511
5.671,0.203898,0.204685,0.201981,0.204157,0.204445,0.203515
5.672,0.203893,0.204689,0.201966,0.204162,0.204449,0.203510
5.673,0.203898,0.204684,0.201971,0.204157,0.204444,0.203505
5.674,0.203892,0.204688,0.201975,0.204170,0.204449,0.203518
5.675,0.203906,0.204693,0.201970,0.204185,0.204462,0.203533
5.676,0.203911,0.204707,0.201955,0.204179,0.204467,0.203527
5.677,0.203906,0.204711,0.201950,0.204184,0.204462,0.203522
5.678,0.203900,0.204706,0.201945,0.204178,0.204466,0.203526
5.679,0.203905,0.204710,0.201930,0.204183,0.204470,0.203521
5.680,0.203900,0.204715,0.201915,0.204178,0.204465,0.203516
5.681,0.203885,0.204700,0.201910,0.204172,0.204450,0.203501
5.682,0.203879,0.204694,0.201885,0.204177,0.204455,0.203506
5.683,0.203874,0.204699,0.201880,0.204162,0.204449,0.203491
5.684,0.203860,0.204684,0.201875,0.204157,0.204435,0.203486
5.685,0.203855,0.204679,0.201870,0.204161,0.204439,0.203490
5.686,0.203859,0.204683,0.201864,0.204165,0.204443,0.203494
5.687,0.203863,0.204688,0.201859,0.204170,0.204448,0.203489
5.688,0.203858,0.204692,0.201863,0.204174,0.204452,0.203494
5.689,0.203862,0.204687,0.201858,0.204178,0.204457,0.203507
5.690,0.203876,0.204701,0.201844,0.204192,0.204470,0.203512
5.691,0.203871,0.204705,0.201829,0.204187,0.204465,0.203507
5.692,0.203866,0.204709,0.201823,0.204182,0.204460,0.203492
5.693,0.203851,0.204695,0.201799,0.204177,0.204455,0.203486
5.694,0.203846,0.204689,0.201784,0.204172,0.204449,0.203481
5.695,0.203831,0.204684,0.201779,0.204157,0.204444,0.203467
5.696,0.203826,0.204669,0.201774,0.204151,0.204439,0.203471
5.697,0.203830,0.204674,0.201769,0.204156,0.204444,0.203466
5.698,0.203825,0.204678,0.201754,0.204151,0.204448,0.203470
5.699,0.203820,0.204673,0.201758,0.204146,0.204443,0.203465
5.700,0.203814,0.204677,0.201772,0.204150,0.204447,0.203469
5.701,0.203838,0.204682,0.201757,0.204173,0.204461,0.203483
5.702,0.203842,0.204696,0.201752,0.204178,0.204475,0.203488
5.703,0.203837,0.204700,0.201747,0.204172,0.204470,0.203482
5.704,0.203832,0.204704,0.201732,0.204167,0.204465,0.203477
5.705,0.203836,0.204699,0.201717,0.204172,0.204469,0.203481
5.706,0.203831,0.204703,0.201703,0.204167,0.204464,0.203476
5.707,0.203816,0.204698,0.201697,0.204151,0.204449,0.203461
5.708,0.203811,0.204683,0.201682,0.204156,0.204453,0.203466
5.709,0.203806,0.204688,0.201668,0.204151,0.204448,0.203451
5.710,0.203791,0.204682,0.201672,0.204136,0.204443,0.203446
5.711,0.203785,0.204677,0.201667,0.204140,0.204438,0.203450
5.712,0.203790,0.204682,0.201662,0.204145,0.204442,0.203454
5.713,0.203794,0.204686,0.201657,0.204149,0.204446,0.203449
5.714,0.203789,0.204690,0.201661,0.204144,0.204441,0.203444
5.715,0.203793,0.204685,0.201655,0.204158,0.204455,0.203458
5.716,0.203798,0.204699,0.201641,0.204162,0.204459,0.203462
5.717,0.203802,0.204703,0.201626,0.204167,0.204464,0.203457
5.718,0.203797,0.204708,0.201621,0.204161,0.204459,0.203452
5.719,0.203782,0.204693,0.201596,0.204146,0.204444,0.203447
5.720,0.203777,0.204688,0.201582,0.204141,0.204438,0.203432
5.721,0.203762,0.204682,0.201576,0.204136,0.204433,0.203417
5.722,0.203747,0.204668,0.201571,0.204121,0.204419,0.203412
5.723,0.203752,0.204663,0.201566,0.204126,0.204423,0.203416
5.724,0.203747,0.204667,0.201551,0.204121,0.204418,0.203411
5.725,0.203741,0.204662,0.201555,0.204125,0.204422,0.203406
5.726,0.203736,0.204666,0.201560,0.204119,0.204417,0.203410
5.727,0.203750,0.204671,0.201555,0.204143,0.204440,0.203424
5.728,0.203764,0.204684,0.201549,0.204148,0.204445,0.203429
5.729,0.203749,0.204689,0.201544,0.204142,0.204449,0.203423
5.730,0.203744,0.204693,0.201529,0.204147,0.204444,0.203418
5.731,0.203748,0.204688,0.201515,0.204151,0.204448,0.203422
5.732,0.203743,0.204692,0.201509,0.204146,0.204443,0.203417
5.733,0.203738,0.204687,0.201504,0.204131,0.204438,0.203402
5.734,0.203723,0.204682,0.201489,0.204135,0.204432,0.203407
5.735,0.203727,0.204677,0.201475,0.204130,0.204437,0.203402
5.736,0.203713,0.204671,0.201469,0.204115,0.204432,0.203396
5.737,0.203717,0.204666,0.201473,0.204120,0.204427,0.203400
5.738,0.203712,0.204671,0.201468,0.204124,0.204431,0.203395
5.739,0.203716,0.204675,0.201463,0.204129,0.204445,0.203409
5.740,0.203721,0.204689,0.201467,0.204123,0.204440,0.203404
5.741,0.203715,0.204684,0.201472,0.204137,0.204444,0.203408
5.742,0.203729,0.204688,0.201457,0.204142,0.204458,0.203422
5.743,0.203734,0.204702,0.201442,0.204146,0.204462,0.203417
5.744,0.203728,0.204706,0.201427,0.204140,0.204457,0.203412
5.745,0.203713,0.204692,0.201413,0.204135,0.204452,0.203397
5.746,0.203708,0.204686,0.201398,0.204130,0.204446,0.203392
5.747,0.203694,0.204690,0.201392,0.204116,0.204432,0.203387
5.748,0.203679,0.204676,0.201387,0.204100,0.204417,0.203381
5.749,0.203683,0.204671,0.201382,0.204105,0.204421,0.203376
5.750,0.203678,0.204675,0.201367,0.204109,0.204426,0.203381
5.751,0.203682,0.204670,0.201371,0.204104,0.204421,0.203376
5.752,0.203667,0.204674,0.201386,0.204099,0.204415,0.203370
5.753,0.203681,0.204669,0.201371,0.204122,0.204429,0.203384
5.754,0.203695,0.204683,0.201366,0.204127,0.204443,0.203398
5.755,0.203690,0.204697,0.201360,0.204121,0.204438,0.203393
5.756,0.203685,0.204692,0.201346,0.204116,0.204432,0.203388
5.757,0.203680,0.204696,0.201331,0.204121,0.204437,0.203392
5.758,0.203675,0.204691,0.201316,0.204116,0.204432,0.203377
5.759,0.203669,0.204695,0.201311,0.204110,0.204427,0.203372
5.760,0.203654,0.204680,0.201296,0.204105,0.204421,0.203367
5.761,0.203659,0.204675,0.201291,0.204100,0.204416,0.203362
5.762,0.203644,0.204670,0.201285,0.204085,0.204411,0.203357
5.763,0.203639,0.204665,0.201280,0.204089,0.204406,0.203351
5.764,0.203633,0.204659,0.201275,0.204094,0.204410,0.203355
5.765,0.203638,0.204664,0.201270,0.204098,0.204414,0.203360
5.766,0.203642,0.204678,0.201274,0.204093,0.204419,0.203354
5.767,0.203637,0.204672,0.201278,0.204097,0.204423,0.203368
5.768,0.203651,0.204677,0.201264,0.204111,0.204437,0.203373
5.769,0.203655,0.204691,0.201249,0.204116,0.204442,0.203377
5.770,0.203650,0.204695,0.201244,0.204110,0.204436,0.203362
5.771,0.203635,0.204690,0.201229,0.204095,0.204431,0.203357
5.772,0.203630,0.204685,0.201214,0.204090,0.204426,0.203352
5.773,0.203625,0.204679,0.201209,0.204075,0.204421,0.203337
5.774,0.203610,0.204674,0.201194,0.204070,0.204406,0.203332
5.775,0.203605,0.204660,0.201189,0.204065,0.204410,0.203336
5.776,0.203609,0.204664,0.201184,0.204070,0.204405,0.203331
5.777,0.203604,0.204668,0.201188,0.204064,0.204409,0.203335
5.778,0.203599,0.204663,0.201192,0.204059,0.204404,0.203330
5.779,0.203613,0.204667,0.201187,0.204073,0.204418,0.203344
5.780,0.203627,0.204681,0.201182,0.204087,0.204432,0.203358
5.781,0.203621,0.204695,0.201177,0.204081,0.204427,0.203353
5.782,0.203616,0.204690,0.201171,0.204076,0.204431,0.203348
5.783,0.203611,0.204695,0.201157,0.204081,0.204435,0.203352
5.784,0.203616,0.204699,0.201142,0.204085,0.204430,0.203347
5.785,0.203610,0.204693,0.201136,0.204070,0.204425,0.203332
5.786,0.203595,0.204688,0.201122,0.204065,0.204420,0.203336
5.787,0.203600,0.204683,0.201107,0.204070,0.204424,0.203331
5.788,0.203585,0.204687,0.201111,0.204054,0.204409,0.203316
5.789,0.203580,0.204673,0.201106,0.204049,0.204404,0.203321
5.790,0.203574,0.204668,0.201101,0.204054,0.204408,0.203325
5.791,0.203579,0.204681,0.201095,0.204058,0.204413,0.203330
5.792,0.203583,0.204686,0.201100,0.204062,0.204408,0.203324
5.793,0.203578,0.204681,0.201104,0.204067,0.204412,0.203329
5.794,0.203582,0.204685,0.201090,0.204071,0.204426,0.203343
5.795,0.203596,0.204699,0.201075,0.204085,0.204430,0.203338
5.796,0.203591,0.204703,0.201069,0.204070,0.204425,0.203332
5.797,0.203576,0.204698,0.201055,0.204065,0.204410,0.203327
5.798,0.203571,0.204692,0.201031,0.204060,0.204405,0.203322
5.799,0.203556,0.204687,0.201025,0.204045,0.204400,0.203307
5.800,0.203541,0.204682,0.201020,0.204040,0.204385,0.203292
5.801,0.203536,0.204668,0.201015,0.204035,0.204389,0.203296
5.802,0.203541,0.204672,0.201009,0.204039,0.204384,0.203291
5.803,0.203535,0.204667,0.201014,0.204034,0.204389,0.203295
5.804,0.203530,0.204671,0.201018,0.204029,0.204383,0.203290
5.805,0.203534,0.204666,0.201013,0.204043,0.204388,0.203304
5.806,0.203549,0.204680,0.201008,0.204056,0.204402,0.203319
5.807,0.203553,0.204694,0.201002,0.204061,0.204406,0.203313
5.808,0.203547,0.204698,0.200997,0.204056,0.204410,0.203308
5.809,0.203542,0.204693,0.200992,0.204060,0.204405,0.203312
5.810,0.203547,0.204697,0.200977,0.204055,0.204410,0.203307
5.811,0.203541,0.204692,0.200972,0.204050,0.204404,0.203292
5.812,0.203527,0.204687,0.200957,0.204035,0.204399,0.203287
5.813,0.203531,0.204681,0.200942,0.204039,0.204403,0.203291
5.814,0.203526,0.204686,0.200947,0.204034,0.204389,0.203286
5.815,0.203520,0.204681,0.200942,0.204029,0.204383,0.203281
5.816,0.203515,0.204676,0.200946,0.204033,0.204388,0.203285
5.817,0.203520,0.204680,0.200931,0.204037,0.204392,0.203290
5.818,0.203524,0.204684,0.200945,0.204042,0.204406,0.203284
5.819,0.203528,0.204689,0.200940,0.204037,0.204401,0.203289
5.820,0.203533,0.204693,0.200935,0.204051,0.204415,0.203303
5.821,0.203537,0.204707,0.200920,0.204055,0.204419,0.203307
5.822,0.203541,0.204711,0.200905,0.204050,0.204424,0.203302
5.823,0.203527,0.204716,0.200900,0.204045,0.204409,0.203287
5.824,0.203522,0.204701,0.200875,0.204039,0.204404,0.203282
5.825,0.203516,0.204705,0.200870,0.204034,0.204398,0.203276
5.826,0.203501,0.204690,0.200865,0.204019,0.204383,0.203262
5.827,0.203496,0.204685,0.200860,0.204014,0.204388,0.203266
5.828,0.203501,0.204680,0.200854,0.204018,0.204392,0.203261
5.829,0.203495,0.204684,0.200859,0.204013,0.204387,0.203256
5.830,0.203490,0.204689,0.200863,0.204008,0.204382,0.203260
5.831,0.203495,0.204683,0.200868,0.204022,0.204386,0.203265
5.832,0.203509,0.204688,0.200853,0.204036,0.204400,0.203278
5.833,0.203513,0.204711,0.200848,0.204040,0.204414,0.203273
5.834,0.203508,0.204706,0.200842,0.204035,0.204409,0.203278
5.835,0.203503,0.204710,0.200837,0.204030,0.204404,0.203272
5.836,0.203507,0.204705,0.200822,0.204034,0.204408,0.203276
5.837,0.203492,0.204710,0.200817,0.204029,0.204403,0.203262
5.838,0.203487,0.204705,0.200802,0.204014,0.204388,0.203257
5.839,0.203482,0.204689,0.200797,0.204018,0.204392,0.203252
5.840,0.203476,0.204694,0.200792,0.204003,0.204387,0.203246
5.841,0.203471,0.204689,0.200787,0.203998,0.204382,0.203241
5.842,0.203466,0.204683,0.200791,0.204003,0.204386,0.203245
5.843,0.203470,0.204688,0.200786,0.204007,0.204391,0.203249
5.844,0.203474,0.204692,0.200790,0.204011,0.204395,0.203244
5.845,0.203469,0.204697,0.200795,0.204006,0.204390,0.203249
5.846,0.203474,0.204701,0.200789,0.204020,0.204404,0.203263
5.847,0.203487,0.204705,0.200774,0.204034,0.204418,0.203267
5.848,0.203492,0.204719,0.200760,0.204029,0.204412,0.203262
5.849,0.203477,0.204724,0.200745,0.204014,0.204407,0.203257
5.850,0.203472,0.204709,0.200730,0.204009,0.204402,0.203252
5.851,0.203467,0.204704,0.200725,0.204004,0.204397,0.203237
5.852,0.203452,0.204708,0.200720,0.203989,0.204391,0.203222
5.853,0.203447,0.204693,0.200715,0.203984,0.204386,0.203226
5.854,0.203451,0.204688,0.200709,0.203988,0.204391,0.203230
5.855,0.203446,0.204692,0.200713,0.203983,0.204386,0.203225
5.856,0.203450,0.204697,0.200718,0.203978,0.204390,0.203220
5.857,0.203445,0.204691,0.200722,0.203982,0.204385,0.203234
5.858,0.203468,0.204696,0.200707,0.203996,0.204408,0.203248
5.859,0.203473,0.204719,0.200702,0.204000,0.204412,0.203243
5.860,0.203468,0.204724,0.200697,0.204005,0.204417,0.203238
5.861,0.203463,0.204718,0.200692,0.204000,0.204412,0.203242
5.862,0.203467,0.204723,0.200677,0.204004,0.204416,0.203237
5.863,0.203462,0.204727,0.200672,0.203999,0.204411,0.203232
5.864,0.203447,0.204722,0.200657,0.203984,0.204406,0.203217
5.865,0.203451,0.204707,0.200652,0.203978,0.204400,0.203221
5.866,0.203446,0.204712,0.200646,0.203973,0.204395,0.203206
5.867,0.203431,0.204706,0.200641,0.203968,0.204390,0.203201
5.868,0.203426,0.204701,0.200646,0.203973,0.204385,0.203206
5.869,0.203430,0.204696,0.200631,0.203977,0.204389,0.203210
5.870,0.203444,0.204700,0.200635,0.203981,0.204403,0.203214
5.871,0.203429,0.204714,0.200640,0.203976,0.204398,0.203209
5.872,0.203434,0.204709,0.200634,0.203990,0.204402,0.203223
5.873,0.203448,0.204713,0.200619,0.203994,0.204416,0.203227
5.874,0.203452,0.204727,0.200605,0.203999,0.204411,0.203222
5.875,0.203437,0.204732,0.200600,0.203984,0.204406,0.203207
5.876,0.203432,0.204717,0.200584,0.203978,0.204401,0.203202
5.877,0.203427,0.204712,0.200570,0.203973,0.204395,0.203197
5.878,0.203412,0.204707,0.200574,0.203959,0.204380,0.203182
5.879,0.203397,0.204691,0.200569,0.203954,0.204375,0.203177
5.880,0.203401,0.204686,0.200554,0.203958,0.204380,0.203181
5.881,0.203396,0.204691,0.200559,0.203952,0.204374,0.203176
5.882,0.203401,0.204686,0.200573,0.203947,0.204379,0.203171
5.883,0.203396,0.204690,0.200567,0.203952,0.204374,0.203185
5.884,0.203409,0.204694,0.200562,0.203965,0.204397,0.203198
5.885,0.203423,0.204708,0.200557,0.203980,0.204401,0.203203
5.886,0.203418,0.204722,0.200561,0.203974,0.204406,0.203198
5.887,0.203413,0.204717,0.200546,0.203978,0.204401,0.203202
5.888,0.203417,0.204721,0.200532,0.203983,0.204415,0.203197
5.889,0.203412,0.204726,0.200526,0.203978,0.204409,0.203192
5.890,0.203407,0.204720,0.200521,0.203963,0.204404,0.203187
5.891,0.203401,0.204706,0.200506,0.203967,0.204399,0.203191
5.892,0.203396,0.204710,0.200511,0.203962,0.204403,0.203176
5.893,0.203391,0.204705,0.200506,0.203957,0.204398,0.203171
5.894,0.203386,0.204699,0.200510,0.203952,0.204393,0.203175
5.895,0.203390,0.204704,0.200505,0.203956,0.204397,0.203179
5.896,0.203404,0.204708,0.200509,0.203970,0.204411,0.203184
5.897,0.203399,0.204713,0.200513,0.203965,0.204406,0.203188
5.898,0.203404,0.204707,0.200508,0.203979,0.204410,0.203193
5.899,0.203417,0.204721,0.200493,0.203983,0.204424,0.203206
5.900,0.203422,0.204735,0.200479,0.203988,0.204438,0.203201
5.901,0.203407,0.204739,0.200473,0.203982,0.204423,0.203196
5.902,0.203402,0.204725,0.200458,0.203977,0.204418,0.203181
5.903,0.203396,0.204720,0.200444,0.203972,0.204422,0.203176
5.904,0.203382,0.204715,0.200439,0.203957,0.204408,0.203161
5.905,0.203367,0.204709,0.200433,0.203952,0.204393,0.203156
5.906,0.203371,0.204694,0.200428,0.203956,0.204397,0.203160
5.907,0.203366,0.204699,0.200423,0.203951,0.204401,0.203155
5.908,0.203371,0.204694,0.200437,0.203946,0.204396,0.203150
5.909,0.203365,0.204698,0.200441,0.203950,0.204391,0.203155
5.910,0.203369,0.204693,0.200426,0.203964,0.204405,0.203168
5.911,0.203384,0.204707,0.200421,0.203978,0.204419,0.203173
5.912,0.203378,0.204720,0.200416,0.203973,0.204414,0.203168
5.913,0.203373,0.204715,0.200410,0.203967,0.204418,0.203172
5.914,0.203377,0.204710,0.200396,0.203972,0.204422,0.203166
5.915,0.203372,0.204715,0.200391,0.203967,0.204417,0.203161
5.916,0.203358,0.204709,0.200376,0.203962,0.204412,0.203147
5.917,0.203352,0.204704,0.200370,0.203956,0.204407,0.203151
5.918,0.203347,0.204689,0.200365,0.203951,0.204411,0.203146
5.919,0.203342,0.204694,0.200360,0.203946,0.204396,0.203141
5.920,0.203337,0.204688,0.200364,0.203940,0.204401,0.203135
5.921,0.203341,0.204683,0.200359,0.203945,0.204405,0.203139
5.922,0.203345,0.204688,0.200364,0.203959,0.204409,0.203144
5.923,0.203350,0.204692,0.200368,0.203954,0.204414,0.203148
5.924,0.203354,0.204696,0.200372,0.203958,0.204418,0.203152
5.925,0.203368,0.204701,0.200357,0.203972,0.204432,0.203167
5.926,0.203372,0.204715,0.200343,0.203976,0.204446,0.203161
5.927,0.203367,0.204719,0.200337,0.203971,0.204441,0.203156
5.928,0.203352,0.204714,0.200323,0.203966,0.204436,0.203151
5.929,0.203357,0.204709,0.200308,0.203961,0.204430,0.203146
5.930,0.203342,0.204703,0.200312,0.203946,0.204425,0.203131
5.931,0.203327,0.204698,0.200307,0.203931,0.204420,0.203126
5.932,0.203331,0.204683,0.200292,0.203945,0.204415,0.203130
5.933,0.203336,0.204688,0.200297,0.203940,0.204419,0.203125
5.934,0.203331,0.204692,0.200311,0.203944,0.204423,0.203129
5.935,0.203326,0.204687,0.200315,0.203939,0.204418,0.203124
5.936,0.203339,0.204682,0.200300,0.203953,0.204432,0.203147
5.937,0.203353,0.204705,0.200295,0.203967,0.204446,0.203152
5.938,0.203348,0.204709,0.200299,0.203962,0.204451,0.203147
5.939,0.203352,0.204714,0.200284,0.203966,0.204445,0.203151
5.940,0.203347,0.204709,0.200279,0.203970,0.204450,0.203146
5.941,0.203352,0.204713,0.200265,0.203965,0.204454,0.203141
5.942,0.203337,0.204708,0.200259,0.203960,0.204439,0.203136
5.943,0.203331,0.204702,0.200244,0.203955,0.204434,0.203130
5.944,0.203326,0.204697,0.200239,0.203959,0.204438,0.203125
5.945,0.203321,0.204692,0.200244,0.203944,0.204424,0.203120
5.946,0.203316,0.204687,0.200248,0.203948,0.204418,0.203114
5.947,0.203320,0.204682,0.200233,0.203953,0.204423,0.203119
5.948,0.203325,0.204686,0.200238,0.203957,0.204427,0.203123
5.949,0.203319,0.204690,0.200251,0.203962,0.204431,0.203118
5.950,0.203323,0.204685,0.200246,0.203966,0.204436,0.203132
5.951,0.203328,0.204690,0.200231,0.203980,0.204440,0.203136
5.952,0.203332,0.204704,0.200226,0.203984,0.204454,0.203141
5.953,0.203327,0.204708,0.200211,0.203979,0.204449,0.203136
5.954,0.203322,0.204703,0.200196,0.203974,0.204444,0.203120
5.955,0.203317,0.204697,0.200182,0.203969,0.204438,0.203115
5.956,0.203302,0.204692,0.200186,0.203964,0.204433,0.203110
5.957,0.203297,0.204687,0.200181,0.203948,0.204419,0.203095
5.958,0.203291,0.204672,0.200176,0.203953,0.204423,0.203100
5.959,0.203296,0.204677,0.200170,0.203957,0.204427,0.203104
5.960,0.203291,0.204671,0.200185,0.203952,0.204422,0.203099
5.961,0.203295,0.204676,0.200198,0.203956,0.204426,0.203103
5.962,0.203299,0.204670,0.200183,0.203970,0.204430,0.203117
5.963,0.203313,0.204685,0.200178,0.203985,0.204445,0.203131
5.964,0.203318,0.204698,0.200182,0.203989,0.204459,0.203126
5.965,0.203322,0.204703,0.200177,0.203983,0.204454,0.203130
5.966,0.203317,0.204698,0.200163,0.203988,0.204458,0.203135
5.967,0.203321,0.204702,0.200158,0.203992,0.204462,0.203130
5.968,0.203316,0.204706,0.200152,0.203987,0.204457,0.203124
5.969,0.203301,0.204701,0.200147,0.203972,0.204452,0.203119
5.970,0.203306,0.204686,0.200142,0.203977,0.204456,0.203114
5.971,0.203300,0.204690,0.200137,0.203972,0.204451,0.203109
5.972,0.203295,0.204685,0.200141,0.203966,0.204446,0.203103
5.973,0.203299,0.204680,0.200136,0.203971,0.204450,0.203108
5.974,0.203304,0.204685,0.200140,0.203985,0.204454,0.203122
5.975,0.203308,0.204689,0.200154,0.203989,0.204459,0.203117
5.976,0.203303,0.204693,0.200149,0.203993,0.204463,0.203121
5.977,0.203317,0.204698,0.200144,0.204007,0.204467,0.203135
5.978,0.203321,0.204702,0.200129,0.204012,0.204481,0.203139
5.979,0.203326,0.204716,0.200123,0.204006,0.204476,0.203134
5.980,0.203311,0.204711,0.200109,0.204001,0.204471,0.203119
5.981,0.203306,0.204706,0.200094,0.203996,0.204466,0.203114
5.982,0.203301,0.204700,0.200098,0.203991,0.204460,0.203109
5.983,0.203285,0.204685,0.200093,0.203985,0.204446,0.203094
5.984,0.203280,0.204680,0.200088,0.203980,0.204440,0.203098
5.985,0.203285,0.204675,0.200083,0.203985,0.204445,0.203103
5.986,0.203280,0.204679,0.200087,0.203989,0.204440,0.203098
5.987,0.203274,0.204674,0.200101,0.203984,0.204444,0.203092
5.988,0.203279,0.204669,0.200096,0.203998,0.204439,0.203106
5.989,0.203293,0.204673,0.200091,0.204012,0.204462,0.203120
5.990,0.203297,0.204697,0.200085,0.204016,0.204467,0.203115
5.991,0.203292,0.204692,0.200080,0.204020,0.204462,0.203119
5.992,0.203296,0.204696,0.200065,0.204015,0.204466,0.203124
5.993,0.203301,0.204690,0.200060,0.204020,0.204461,0.203118
5.994,0.203285,0.204695,0.200055,0.204014,0.204465,0.203113
5.995,0.203280,0.204690,0.200049,0.204009,0.204450,0.203098
5.996,0.203275,0.204675,0.200035,0.204004,0.204454,0.203103
5.997,0.203270,0.204679,0.200039,0.203999,0.204449,0.203098
5.998,0.203274,0.204674,0.200043,0.203993,0.204444,0.203092
5.999,0.203269,0.204669,0.200038,0.203998,0.204448,0.203097
6.000,0.203274,0.204673,0.200043,0.204002,0.204453,0.203101
6.001,0.203288,0.204678,0.200056,0.204016,0.204457,0.203106
6.002,0.203282,0.204692,0.200061,0.204011,0.204462,0.203110
6.003,0.203296,0.204687,0.200046,0.204025,0.204466,0.203124
6.004,0.203301,0.204700,0.200041,0.204039,0.204480,0.203128
6.005,0.203305,0.204714,0.200035,0.204033,0.204484,0.203123
6.006,0.203300,0.204709,0.200021,0.204028,0.204479,0.203117
6.007,0.203295,0.204704,0.200006,0.204023,0.204474,0.203112
6.008,0.203289,0.204698,0.200010,0.204018,0.204469,0.203098
6.009,0.203274,0.204693,0.200005,0.204003,0.204454,0.203092
6.010,0.203269,0.204679,0.200000,0.204007,0.204448,0.203087
6.011,0.203274,0.204674,0.199995,0.204002,0.204453,0.203092
6.012,0.203269,0.204678,0.199999,0.204006,0.204448,0.203086
6.013,0.203273,0.204673,0.200013,0.204001,0.204452,0.203081
6.014,0.203277,0.204677,0.200008,0.204015,0.204456,0.203095
6.015,0.203291,0.204681,0.200003,0.204029,0.204470,0.203109
6.016,0.203295,0.204695,0.199997,0.204033,0.204475,0.203103
6.017,0.203290,0.204700,0.199992,0.204038,0.204469,0.203108
6.018,0.203285,0.204695,0.199987,0.204042,0.204474,0.203103
6.019,0.203289,0.204699,0.199972,0.204037,0.204478,0.203107
6.020,0.203284,0.204703,0.199976,0.204032,0.204473,0.203102
6.021,0.203269,0.204698,0.199962,0.204027,0.204458,0.203087
6.022,0.203274,0.204683,0.199957,0.204031,0.204453,0.203092
6.023,0.203269,0.204678,0.199951,0.204026,0.204448,0.203077
6.024,0.203253,0.204673,0.199956,0.204021,0.204443,0.203071
6.025,0.203258,0.204667,0.199950,0.204015,0.204437,0.203076
6.026,0.203262,0.204662,0.199955,0.204020,0.204442,0.203080
6.027,0.203267,0.204666,0.199959,0.204034,0.204446,0.203084
6.028,0.203261,0.204681,0.199963,0.204028,0.204441,0.203079
6.029,0.203266,0.204675,0.199958,0.204043,0.204455,0.203093
6.030,0.203280,0.204679,0.199943,0.204057,0.204459,0.203098
6.031,0.203274,0.204694,0.199938,0.204051,0.204464,0.203092
6.032,0.203269,0.204698,0.199923,0.204046,0.204458,0.203087
6.033,0.203264,0.204683,0.199909,0.204041,0.204453,0.203082
6.034,0.203259,0.204678,0.199913,0.204035,0.204448,0.203077
6.035,0.203244,0.204682,0.199908,0.204030,0.204433,0.203062
6.036,0.203239,0.204668,0.199912,0.204025,0.204428,0.203066
6.037,0.203243,0.204662,0.199907,0.204030,0.204432,0.203071
6.038,0.203238,0.204666,0.199911,0.204024,0.204427,0.203065
6.039,0.203242,0.204661,0.199925,0.204029,0.204431,0.203070
6.040,0.203247,0.204666,0.199920,0.204033,0.204436,0.203074
6.041,0.203261,0.204670,0.199924,0.204047,0.204450,0.203088
6.042,0.203275,0.204684,0.199919,0.204061,0.204464,0.203092
6.043,0.203269,0.204698,0.199924,0.204056,0.204458,0.203097
6.044,0.203274,0.204693,0.199909,0.204060,0.204463,0.203092
6.045,0.203278,0.204697,0.199903,0.204064,0.204467,0.203096
6.046,0.203273,0.204701,0.199898,0.204059,0.204462,0.203091
6.047,0.203268,0.204696,0.199893,0.204054,0.204456,0.203086
6.048,0.203263,0.204691,0.199888,0.204049,0.204451,0.203081
6.049,0.203257,0.204686,0.199882,0.204053,0.204456,0.203075
6.050,0.203252,0.204690,0.199887,0.204048,0.204441,0.203070
6.051,0.203247,0.204676,0.199891,0.204043,0.204436,0.203074
6.052,0.203251,0.204680,0.199886,0.204047,0.204450,0.203079
6.053,0.203255,0.204684,0.199900,0.204061,0.204454,0.203083
6.054,0.203260,0.204689,0.199904,0.204056,0.204449,0.203087
6.055,0.203264,0.204693,0.199899,0.204070,0.204453,0.203101
6.056,0.203278,0.204697,0.199884,0.204083,0.204467,0.203106
6.057,0.203273,0.204711,0.199879,0.204088,0.204472,0.203100
6.058,0.203268,0.204716,0.199864,0.204073,0.204466,0.203095
6.059,0.203263,0.204710,0.199850,0.204068,0.204461,0.203090
6.060,0.203258,0.204695,0.199844,0.204063,0.204456,0.203085
6.061,0.203242,0.204690,0.199839,0.204057,0.204441,0.203070
6.062,0.203228,0.204685,0.199834,0.204043,0.204426,0.203065
6.063,0.203232,0.204670,0.199828,0.204047,0.204431,0.203069
6.064,0.203227,0.204675,0.199833,0.204051,0.204425,0.203064
6.065,0.203222,0.204669,0.199847,0.204046,0.204430,0.203059
6.066,0.203226,0.204674,0.199842,0.204051,0.204424,0.203063
6.067,0.203240,0.204668,0.199836,0.204064,0.204438,0.203077
6.068,0.203244,0.204682,0.199841,0.204078,0.204453,0.203081
6.069,0.203239,0.204697,0.199836,0.204073,0.204447,0.203086
6.070,0.203244,0.204691,0.199831,0.204078,0.204442,0.203081
6.071,0.203248,0.204695,0.199815,0.204082,0.204446,0.203085
6.072,0.203243,0.204690,0.199820,0.204077,0.204451,0.203080
6.073,0.203228,0.204695,0.199805,0.204072,0.204445,0.203074
6.074,0.203223,0.204689,0.199800,0.204067,0.204431,0.203079
6.075,0.203227,0.204684,0.199804,0.204061,0.204435,0.203073
6.076,0.203222,0.204679,0.199809,0.204056,0.204430,0.203068
6.077,0.203217,0.204674,0.199813,0.204051,0.204425,0.203063
6.078,0.203221,0.204678,0.199808,0.204055,0.204429,0.203068
6.079,0.203235,0.204683,0.199812,0.204069,0.204443,0.203081
6.080,0.203230,0.204687,0.199826,0.204064,0.204447,0.203076
6.081,0.203234,0.204691,0.199821,0.204068,0.204442,0.203090
6.082,0.203248,0.204696,0.199816,0.204091,0.204456,0.203104
6.083,0.203262,0.204710,0.199801,0.204096,0.204470,0.203099
6.084,0.203257,0.204724,0.199796,0.204091,0.204465,0.203094
6.085,0.203252,0.204718,0.199781,0.204086,0.204459,0.203089
6.086,0.203247,0.204714,0.199776,0.204081,0.204454,0.203084
6.087,0.203232,0.204708,0.199780,0.204066,0.204449,0.203078
6.088,0.203216,0.204702,0.199775,0.204060,0.204434,0.203072
6.089,0.203221,0.204688,0.199770,0.204064,0.204439,0.203077
6.090,0.203225,0.204692,0.199774,0.204059,0.204443,0.203072
6.091,0.203220,0.204697,0.199787,0.204064,0.204438,0.203067
6.092,0.203225,0.204692,0.199792,0.204068,0.204443,0.203071
6.093,0.203229,0.204696,0.199787,0.204082,0.204446,0.203085
6.094,0.203243,0.204709,0.199782,0.204097,0.204460,0.203099
6.095,0.203237,0.204714,0.199777,0.204090,0.204465,0.203093
6.096,0.203242,0.204718,0.199772,0.204095,0.204460,0.203098
6.097,0.203246,0.204723,0.199757,0.204099,0.204464,0.203093
6.098,0.203241,0.204718,0.199760,0.204094,0.204459,0.203088
6.099,0.203236,0.204722,0.199746,0.204089,0.204454,0.203083
6.100,0.203221,0.204717,0.199741,0.204084,0.204448,0.203077
6.101,0.203226,0.204702,0.199736,0.204089,0.204443,0.203082
6.102,0.203211,0.204706,0.199740,0.204083,0.204438,0.203067
6.103,0.203205,0.204701,0.199745,0.204078,0.204433,0.203071
6.104,0.203210,0.204696,0.199739,0.204082,0.204437,0.203075
6.105,0.203214,0.204700,0.199744,0.204087,0.204442,0.203080
6.106,0.203219,0.204705,0.199757,0.204091,0.204446,0.203075
6.107,0.203223,0.204709,0.199752,0.204096,0.204450,0.203089
6.108,0.203237,0.204714,0.199747,0.204110,0.204454,0.203103
6.109,0.203242,0.204727,0.199732,0.204124,0.204468,0.203107
6.110,0.203236,0.204741,0.199727,0.204118,0.204463,0.203101
6.111,0.203230,0.204736,0.199712,0.204113,0.204458,0.203096
6.112,0.203225,0.204731,0.199707,0.204107,0.204453,0.203091
6.113,0.203220,0.204726,0.199711,0.204102,0.204448,0.203076
6.114,0.203215,0.204721,0.199706,0.204088,0.204443,0.203071
6.115,0.203210,0.204715,0.199710,0.204092,0.204437,0.203076
6.116,0.203215,0.204709,0.199715,0.204097,0.204441,0.203080
6.117,0.203219,0.204714,0.199719,0.204091,0.204446,0.203074
6.118,0.203213,0.204718,0.199733,0.204095,0.204450,0.203079
6.119,0.203227,0.204723,0.199728,0.204109,0.204455,0.203093
6.120,0.203241,0.204737,0.199722,0.204123,0.204469,0.203107
6.121,0.203246,0.204751,0.199727,0.204128,0.204483,0.203111
6.122,0.203250,0.204756,0.199722,0.204132,0.204477,0.203116
6.123,0.203255,0.204760,0.199707,0.204127,0.204481,0.203120
6.124,0.203250,0.204764,0.199711,0.204131,0.204486,0.203115
6.125,0.203244,0.204758,0.199706,0.204126,0.204481,0.203109
6.126,0.203238,0.204763,0.199692,0.204121,0.204476,0.203104
6.127,0.203243,0.204748,0.199696,0.204125,0.204480,0.203099
6.128,0.203238,0.204753,0.199700,0.204110,0.204475,0.203094
6.129,0.203233,0.204748,0.199704,0.204115,0.204469,0.203099
6.130,0.203237,0.204743,0.199699,0.204119,0.204464,0.203103
6.131,0.203242,0.204746,0.199704,0.204124,0.204468,0.203108
6.132,0.203245,0.204751,0.199718,0.204127,0.204482,0.203111
6.133,0.203250,0.204765,0.199713,0.204132,0.204477,0.203116
6.134,0.203254,0.204760,0.199707,0.204146,0.204491,0.203130
6.135,0.203268,0.204774,0.199692,0.204160,0.204505,0.203134
6.136,0.203263,0.204788,0.199687,0.204155,0.204500,0.203129
6.137,0.203258,0.204792,0.199682,0.204150,0.204494,0.203124
6.138,0.203253,0.204786,0.199667,0.204145,0.204489,0.203128
6.139,0.203248,0.204781,0.199671,0.204139,0.204484,0.203113
6.140,0.203232,0.204776,0.199666,0.204124,0.204479,0.203108
6.141,0.203227,0.204761,0.199661,0.204119,0.204474,0.203112
6.142,0.203232,0.204756,0.199666,0.204123,0.204478,0.203107
6.143,0.203227,0.204761,0.199679,0.204128,0.204473,0.203112
6.144,0.203231,0.204765,0.199683,0.204123,0.204477,0.203107
6.145,0.203236,0.204760,0.199678,0.204137,0.204481,0.203121
6.146,0.203250,0.204773,0.199673,0.204150,0.204495,0.203144
6.147,0.203253,0.204787,0.199678,0.204155,0.204510,0.203138
6.148,0.203258,0.204801,0.199673,0.204159,0.204504,0.203143
6.149,0.203253,0.204796,0.199658,0.204154,0.204509,0.203147
6.150,0.203257,0.204801,0.199662,0.204158,0.204513,0.203142
6.151,0.203262,0.204805,0.199656,0.204153,0.204508,0.203137
6.152,0.203247,0.204810,0.199642,0.204148,0.204502,0.203132
6.153,0.203251,0.204794,0.199646,0.204143,0.204507,0.203136
6.154,0.203245,0.204799,0.199651,0.204137,0.204502,0.203130
6.155,0.203240,0.204803,0.199655,0.204132,0.204497,0.203125
6.156,0.203245,0.204798,0.199650,0.204137,0.204501,0.203130
6.157,0.203249,0.204803,0.199654,0.204141,0.204506,0.203144
6.158,0.203263,0.204807,0.199668,0.204146,0.204520,0.203148
6.159,0.203268,0.204821,0.199672,0.204140,0.204523,0.203153
6.160,0.203272,0.204815,0.199667,0.204154,0.204528,0.203167
6.161,0.203286,0.204829,0.199652,0.204168,0.204542,0.203171
6.162,0.203290,0.204843,0.199647,0.204163,0.204546,0.203175
6.163,0.203285,0.204848,0.199642,0.204157,0.204541,0.203160
6.164,0.203280,0.204843,0.199628,0.204152,0.204536,0.203165
6.165,0.203275,0.204847,0.199631,0.204147,0.204541,0.203150
6.166,0.203260,0.204842,0.199626,0.204133,0.204525,0.203145
6.167,0.203255,0.204827,0.199621,0.204127,0.204520,0.203140
6.168,0.203259,0.204821,0.199625,0.204132,0.204524,0.203144
6.169,0.203253,0.204826,0.199640,0.204126,0.204519,0.203148
6.170,0.203258,0.204830,0.199644,0.204130,0.204524,0.203143
6.171,0.203262,0.204835,0.199639,0.204135,0.204528,0.203157
6.172,0.203276,0.204839,0.199642,0.204149,0.204542,0.203171
6.173,0.203281,0.204853,0.199637,0.204153,0.204556,0.203176
6.174,0.203276,0.204868,0.199632,0.204158,0.204550,0.203170
6.175,0.203280,0.204862,0.199627,0.204153,0.204555,0.203175
6.176,0.203284,0.204866,0.199613,0.204156,0.204559,0.203169
6.177,0.203279,0.204870,0.199617,0.204151,0.204554,0.203164
6.178,0.203264,0.204865,0.199602,0.204137,0.204549,0.203159
6.179,0.203259,0.204860,0.199596,0.204141,0.204544,0.203163
6.180,0.203264,0.204855,0.199601,0.204136,0.204539,0.203149
6.181,0.203249,0.204860,0.199605,0.204131,0.204533,0.203143
6.182,0.203253,0.204855,0.199600,0.204126,0.204528,0.203148
6.183,0.203258,0.204849,0.199605,0.204129,0.204532,0.203161
6.184,0.203261,0.204853,0.199619,0.204134,0.204546,0.203166
6.185,0.203266,0.204867,0.199623,0.204138,0.204541,0.203170
6.186,0.203280,0.204872,0.199618,0.204143,0.204555,0.203184
6.187,0.203294,0.204886,0.199612,0.204157,0.204570,0.203189
6.188,0.203299,0.204900,0.199597,0.204161,0.204573,0.203193
6.189,0.203293,0.204904,0.199592,0.204156,0.204578,0.203188
6.190,0.203288,0.204898,0.199578,0.204151,0.204572,0.203183
6.191,0.203282,0.204903,0.199582,0.204136,0.204567,0.203177
6.192,0.203277,0.204898,0.199587,0.204131,0.204562,0.203172
6.193,0.203272,0.204893,0.199582,0.204116,0.204557,0.203167
6.194,0.203277,0.204887,0.199576,0.204120,0.204562,0.203171
6.195,0.203281,0.204892,0.199590,0.204125,0.204557,0.203176
6.196,0.203276,0.204896,0.199604,0.204129,0.204560,0.203171
6.197,0.203281,0.204900,0.199599,0.204124,0.204565,0.203185
6.198,0.203303,0.204905,0.199603,0.204137,0.204579,0.203198
6.199,0.203317,0.204919,0.199608,0.204151,0.204593,0.203202
6.200,0.203312,0.204933,0.199602,0.204146,0.204597,0.203207
6.201,0.203317,0.204937,0.199596,0.204151,0.204602,0.203202
6.202,0.203321,0.204942,0.199582,0.204155,0.204606,0.203206
6.203,0.203316,0.204946,0.199586,0.204150,0.204600,0.203201
6.204,0.203311,0.204941,0.199572,0.204145,0.204595,0.203196
6.205,0.203306,0.204935,0.199566,0.204139,0.204590,0.203191
6.206,0.203310,0.204930,0.199571,0.204134,0.204595,0.203185
6.207,0.203295,0.204934,0.199575,0.204129,0.204580,0.203180
6.208,0.203299,0.204929,0.199580,0.204124,0.204584,0.203184
6.209,0.203304,0.204934,0.199574,0.204128,0.204589,0.203189
6.210,0.203308,0.204938,0.199588,0.204133,0.204592,0.203193
6.211,0.203313,0.204943,0.199593,0.204137,0.204597,0.203188
6.212,0.203317,0.204946,0.199587,0.204142,0.204601,0.203202
6.213,0.203330,0.204951,0.199573,0.204155,0.204606,0.203215
6.214,0.203335,0.204965,0.199568,0.204159,0.204620,0.203210
6.215,0.203330,0.204979,0.199553,0.204154,0.204615,0.203205
6.216,0.203325,0.204974,0.199537,0.204140,0.204610,0.203200
6.217,0.203320,0.204969,0.199542,0.204135,0.204595,0.203185
6.218,0.203305,0.204964,0.199537,0.204120,0.204589,0.203180
6.219,0.203290,0.204958,0.199532,0.204115,0.204574,0.203175
6.220,0.203294,0.204943,0.199527,0.204109,0.204579,0.203169
6.221,0.203298,0.204948,0.199541,0.204113,0.204574,0.203174
6.222,0.203293,0.204952,0.199555,0.204108,0.204578,0.203169
6.223,0.203298,0.204947,0.199549,0.204113,0.204573,0.203173
6.224,0.203312,0.204951,0.199544,0.204117,0.204587,0.203187
6.225,0.203326,0.204965,0.199548,0.204131,0.204600,0.203201
6.226,0.203330,0.204989,0.199543,0.204136,0.204605,0.203196
6.227,0.203335,0.204983,0.199538,0.204130,0.204609,0.203201
6.228,0.203338,0.204988,0.199533,0.204134,0.204614,0.203204
6.229,0.203333,0.204992,0.199528,0.204129,0.204618,0.203199
6.230,0.203328,0.204997,0.199523,0.204124,0.204613,0.203194
6.231,0.203323,0.205001,0.199517,0.204119,0.204608,0.203189
6.232,0.203328,0.204986,0.199521,0.204114,0.204612,0.203184
6.233,0.203323,0.205000,0.199526,0.204109,0.204607,0.203179
6.234,0.203327,0.204994,0.199530,0.204104,0.204602,0.203183
6.235,0.203331,0.204989,0.199535,0.204107,0.204606,0.203187
6.236,0.203335,0.205003,0.199539,0.204112,0.204611,0.203191
6.237,0.203349,0.205008,0.199553,0.204116,0.204615,0.203186
6.238,0.203354,0.205012,0.199547,0.204121,0.204620,0.203200
6.239,0.203368,0.205027,0.199532,0.204135,0.204634,0.203214
6.240,0.203372,0.205041,0.199527,0.204139,0.204647,0.203209
6.241,0.203367,0.205044,0.199522,0.204134,0.204642,0.203204
6.242,0.203372,0.205049,0.199508,0.204128,0.204637,0.203198
6.243,0.203366,0.205044,0.199502,0.204113,0.204631,0.203193
6.244,0.203351,0.205038,0.199507,0.204108,0.204626,0.203178
6.245,0.203346,0.205033,0.199501,0.204094,0.204612,0.203173
6.246,0.203341,0.205028,0.199496,0.204098,0.204616,0.203168
6.247,0.203345,0.205023,0.199510,0.204093,0.204610,0.203163
6.248,0.203340,0.205028,0.199514,0.204098,0.204605,0.203168
6.249,0.203345,0.205031,0.199519,0.204092,0.204610,0.203162
6.250,0.203358,0.205026,0.199514,0.204106,0.204614,0.203176
6.251,0.203362,0.205040,0.199518,0.204120,0.204628,0.203190
6.252,0.203367,0.205054,0.199513,0.204115,0.204633,0.203185
6.253,0.203371,0.205059,0.199507,0.204119,0.204637,0.203180
6.254,0.203376,0.205063,0.199492,0.204124,0.204631,0.203184
6.255,0.203371,0.205068,0.199497,0.204119,0.204636,0.203179
6.256,0.203366,0.205062,0.199482,0.204113,0.204630,0.203164
6.257,0.203350,0.205057,0.199477,0.204098,0.204616,0.203158
6.258,0.203354,0.205052,0.199482,0.204102,0.204620,0.203153
6.259,0.203349,0.205056,0.199486,0.204097,0.204606,0.203148
6.260,0.203344,0.205051,0.199490,0.204092,0.204601,0.203143
6.261,0.203349,0.205046,0.199485,0.204097,0.204605,0.203147
6.262,0.203363,0.205050,0.199499,0.204101,0.204609,0.203152
6.263,0.203367,0.205054,0.199503,0.204106,0.204623,0.203156
6.264,0.203372,0.205068,0.199508,0.204109,0.204618,0.203160
6.265,0.203385,0.205072,0.199503,0.204114,0.204632,0.203174
6.266,0.203399,0.205087,0.199488,0.204128,0.204646,0.203179
6.267,0.203394,0.205101,0.199483,0.204123,0.204650,0.203173
6.268,0.203389,0.205105,0.199477,0.204118,0.204645,0.203168
6.269,0.203384,0.205100,0.199472,0.204112,0.204639,0.203163
6.270,0.203379,0.205095,0.199476,0.204098,0.204634,0.203158
6.271,0.203374,0.205089,0.199471,0.204092,0.204629,0.203143
6.272,0.203367,0.205084,0.199466,0.204087,0.204624,0.203147
6.273,0.203382,0.205079,0.199480,0.204091,0.204628,0.203151
6.274,0.203376,0.205093,0.199494,0.204086,0.204623,0.203146
6.275,0.203381,0.205088,0.199498,0.204090,0.204628,0.203151
6.276,0.203385,0.205092,0.199493,0.204095,0.204632,0.203165
6.277,0.203409,0.205106,0.199497,0.204109,0.204645,0.203169
6.278,0.203414,0.205119,0.199502,0.204114,0.204659,0.203174
6.279,0.203417,0.205133,0.199487,0.204117,0.204654,0.203168
6.280,0.203422,0.205128,0.199482,0.204112,0.204659,0.203172
6.281,0.203417,0.205133,0.199477,0.204117,0.204654,0.203167
6.282,0.203411,0.205137,0.199471,0.204111,0.204649,0.203162
6.283,0.203406,0.205142,0.199466,0.204097,0.204644,0.203148
6.284,0.203411,0.205127,0.199470,0.204101,0.204637,0.203152
6.285,0.203406,0.205131,0.199475,0.204096,0.204632,0.203137
6.286,0.203401,0.205126,0.199479,0.204090,0.204627,0.203141
6.287,0.203404,0.205121,0.199474,0.204095,0.204622,0.203136
6.288,0.203399,0.205125,0.199488,0.204099,0.204627,0.203140
6.289,0.203413,0.205130,0.199493,0.204104,0.204631,0.203145
6.290,0.203408,0.205134,0.199496,0.204108,0.204636,0.203149
6.291,0.203422,0.205139,0.199481,0.204113,0.204639,0.203163
6.292,0.203436,0.205153,0.199476,0.204127,0.204653,0.203168
6.293,0.203431,0.205156,0.199471,0.204122,0.204648,0.203163
6.294,0.203425,0.205161,0.199457,0.204116,0.204643,0.203157
6.295,0.203420,0.205156,0.199451,0.204110,0.204638,0.203152
6.296,0.203415,0.205150,0.199456,0.204096,0.204633,0.203137
6.297,0.203400,0.205155,0.199450,0.204081,0.204618,0.203122
6.298,0.203395,0.205140,0.199445,0.204076,0.204613,0.203127
6.299,0.203400,0.205135,0.199459,0.204080,0.204617,0.203122
6.300,0.203404,0.205139,0.199463,0.204075,0.204612,0.203126
6.301,0.203398,0.205134,0.199477,0.204079,0.204616,0.203120
6.302,0.203412,0.205138,0.199472,0.204083,0.204621,0.203134
6.303,0.203426,0.205143,0.199477,0.204097,0.204635,0.203148
6.304,0.203440,0.205166,0.199480,0.204102,0.204649,0.203153
6.305,0.203435,0.205180,0.199475,0.204106,0.204644,0.203157
6.306,0.203440,0.205175,0.199461,0.204101,0.204647,0.203152
6.307,0.203444,0.205180,0.199465,0.204106,0.204652,0.203157
6.308,0.203439,0.205183,0.199460,0.204090,0.204647,0.203151
6.309,0.203433,0.205188,0.199455,0.204085,0.204632,0.203136
6.310,0.203438,0.205183,0.199450,0.204080,0.204627,0.203140
6.311,0.203433,0.205178,0.199454,0.204075,0.204631,0.203135
6.312,0.203427,0.205182,0.199458,0.204070,0.204626,0.203130
6.313,0.203432,0.205177,0.199462,0.204074,0.204620,0.203135
6.314,0.203436,0.205182,0.199476,0.204079,0.204625,0.203139
6.315,0.203441,0.205185,0.199481,0.204083,0.204629,0.203144
6.316,0.203444,0.205190,0.199485,0.204087,0.204634,0.203147
6.317,0.203459,0.205194,0.199480,0.204091,0.204638,0.203161
6.318,0.203463,0.205208,0.199475,0.204105,0.204652,0.203166
6.319,0.203468,0.205222,0.199469,0.204100,0.204647,0.203161
6.320,0.203462,0.205227,0.199455,0.204095,0.204642,0.203156
6.321,0.203457,0.205222,0.199440,0.204090,0.204636,0.203151
6.322,0.203452,0.205216,0.199444,0.204085,0.204631,0.203136
6.323,0.203446,0.205210,0.199449,0.204069,0.204616,0.203120
6.324,0.203432,0.205205,0.199444,0.204064,0.204602,0.203125
6.325,0.203436,0.205191,0.199448,0.204069,0.204606,0.203120
6.326,0.203431,0.205195,0.199461,0.204064,0.204601,0.203115
6.327,0.203435,0.205190,0.199466,0.204059,0.204596,0.203119
6.328,0.203440,0.205195,0.199461,0.204073,0.204599,0.203124
6.329,0.203454,0.205199,0.199465,0.204087,0.204604,0.203138
6.330,0.203459,0.205203,0.199470,0.204090,0.204618,0.203133
6.331,0.203452,0.205217,0.199465,0.204085,0.204613,0.203136
6.332,0.203457,0.205221,0.199450,0.204090,0.204617,0.203131
6.333,0.203461,0.205216,0.199445,0.204085,0.204612,0.203136
6.334,0.203456,0.205221,0.199448,0.204080,0.204607,0.203130
6.335,0.203451,0.205216,0.199434,0.204075,0.204601,0.203116
6.336,0.203437,0.205210,0.199438,0.204069,0.204587,0.203120
6.337,0.203441,0.205204,0.199443,0.204064,0.204591,0.203106
6.338,0.203435,0.205209,0.199447,0.204058,0.204576,0.203109
6.339,0.203440,0.205204,0.199452,0.204063,0.204581,0.203114
6.340,0.203444,0.205199,0.199456,0.204067,0.204585,0.203118
6.341,0.203449,0.205203,0.199469,0.204072,0.204590,0.203123
6.342,0.203453,0.205217,0.199474,0.204076,0.204594,0.203127
6.343,0.203458,0.205222,0.199469,0.204081,0.204598,0.203132
6.344,0.203472,0.205225,0.199464,0.204095,0.204612,0.203146
6.345,0.203485,0.205239,0.199459,0.204098,0.204616,0.203149
6.346,0.203480,0.205253,0.199454,0.204093,0.204611,0.203144
6.347,0.203475,0.205248,0.199439,0.204088,0.204606,0.203139
6.348,0.203469,0.205243,0.199442,0.204083,0.204601,0.203134
6.349,0.203464,0.205248,0.199447,0.204068,0.204596,0.203119
6.350,0.203450,0.205233,0.199451,0.204063,0.204580,0.203114
6.351,0.203454,0.205228,0.199446,0.204068,0.204585,0.203119
6.352,0.203459,0.205232,0.199460,0.204062,0.204580,0.203114
6.353,0.203462,0.205236,0.199474,0.204066,0.204584,0.203117
6.354,0.203467,0.205231,0.199469,0.204071,0.204579,0.203122
6.355,0.203471,0.205235,0.199474,0.204085,0.204593,0.203136
6.356,0.203485,0.205250,0.199477,0.204089,0.204607,0.203140
6.357,0.203490,0.205264,0.199472,0.204094,0.204601,0.203145
6.358,0.203494,0.205259,0.199467,0.204098,0.204606,0.203149
6.359,0.203489,0.205262,0.199453,0.204093,0.204601,0.203144
6.360,0.203483,0.205267,0.199457,0.204087,0.204596,0.203138
6.361,0.203478,0.205261,0.199442,0.204082,0.204591,0.203123
6.362,0.203473,0.205256,0.199447,0.204077,0.204576,0.203128
6.363,0.203477,0.205251,0.199450,0.204072,0.204580,0.203113
6.364,0.203463,0.205246,0.199445,0.204067,0.204566,0.203108
6.365,0.203458,0.205241,0.199450,0.204062,0.204560,0.203113
6.366,0.203462,0.205235,0.199454,0.204066,0.204564,0.203117
6.367,0.203467,0.205240,0.199468,0.204070,0.204559,0.203121
6.368,0.203470,0.205244,0.199473,0.204074,0.204564,0.203116
6.369,0.203475,0.205249,0.199468,0.204079,0.204568,0.203130
6.370,0.203479,0.205253,0.199452,0.204093,0.204573,0.203134
6.371,0.203493,0.205258,0.199447,0.204097,0.204577,0.203139
6.372,0.203479,0.205272,0.199442,0.204083,0.204571,0.203124
6.373,0.203474,0.205267,0.199427,0.204078,0.204566,0.203119
6.374,0.203468,0.205260,0.199432,0.204072,0.204561,0.203114
6.375,0.203462,0.205255,0.199427,0.204057,0.204546,0.203098
6.376,0.203448,0.205241,0.199431,0.204052,0.204531,0.203093
6.377,0.203452,0.205236,0.199426,0.204047,0.204536,0.203097
6.378,0.203447,0.205231,0.199439,0.204051,0.204531,0.203102
6.379,0.203452,0.205235,0.199453,0.204046,0.204534,0.203097
6.380,0.203456,0.205230,0.199458,0.204051,0.204529,0.203101
6.381,0.203470,0.205233,0.199453,0.204065,0.204543,0.203125
6.382,0.203483,0.205248,0.199457,0.204078,0.204557,0.203129
6.383,0.203478,0.205262,0.199452,0.204073,0.204562,0.203133
6.384,0.203483,0.205266,0.199447,0.204077,0.204566,0.203138
6.385,0.203487,0.205271,0.199441,0.204072,0.204561,0.203132
6.386,0.203492,0.205275,0.199445,0.204067,0.204566,0.203127
6.387,0.203487,0.205270,0.199440,0.204062,0.204560,0.203122
6.388,0.203472,0.205264,0.199435,0.204047,0.204545,0.203127
6.389,0.203476,0.205259,0.199440,0.204051,0.204550,0.203121
6.390,0.203470,0.205263,0.199444,0.204046,0.204545,0.203116
6.391,0.203465,0.205258,0.199449,0.204041,0.204539,0.203111
6.392,0.203479,0.205253,0.199453,0.204045,0.204544,0.203115
6.393,0.203484,0.205258,0.199457,0.204050,0.204539,0.203129
6.394,0.203488,0.205262,0.199471,0.204054,0.204542,0.203124
6.395,0.203483,0.205267,0.199466,0.204059,0.204547,0.203138
6.396,0.203497,0.205270,0.199461,0.204072,0.204561,0.203152
6.397,0.203510,0.205284,0.199456,0.204076,0.204565,0.203146
6.398,0.203505,0.205298,0.199441,0.204071,0.204560,0.203141
6.399,0.203500,0.205293,0.199426,0.204066,0.204555,0.203136
6.400,0.203486,0.205288,0.199430,0.204051,0.204541,0.203131
6.401,0.203481,0.205274,0.199425,0.204046,0.204535,0.203116
6.402,0.203466,0.205268,0.199429,0.204032,0.204520,0.203102
6.403,0.203461,0.205253,0.199424,0.204036,0.204505,0.203106
6.404,0.203464,0.205248,0.199429,0.204030,0.204510,0.203100
6.405,0.203459,0.205252,0.199443,0.204034,0.204505,0.203104
6.406,0.203454,0.205247,0.199447,0.204029,0.204499,0.203099
6.407,0.203468,0.205242,0.199441,0.204043,0.204504,0.203113
6.408,0.203473,0.205246,0.199446,0.204048,0.204518,0.203128
6.409,0.203477,0.205261,0.199450,0.204052,0.204522,0.203122
6.410,0.203482,0.205264,0.199435,0.204057,0.204517,0.203127
6.411,0.203477,0.205269,0.199430,0.204051,0.204521,0.203121
6.412,0.203480,0.205264,0.199435,0.204046,0.204516,0.203116
6.413,0.203475,0.205268,0.199430,0.204041,0.204511,0.203111
6.414,0.203460,0.205263,0.199425,0.204036,0.204496,0.203106
6.415,0.203465,0.205248,0.199428,0.204031,0.204491,0.203101
6.416,0.203460,0.205253,0.199433,0.204025,0.204485,0.203095
6.417,0.203455,0.205248,0.199437,0.204020,0.204480,0.203100
6.418,0.203459,0.205242,0.199442,0.204025,0.204484,0.203104
6.419,0.203463,0.205237,0.199456,0.204028,0.204489,0.203108
6.420,0.203467,0.205251,0.199460,0.204033,0.204493,0.203112
6.421,0.203472,0.205255,0.199465,0.204037,0.204498,0.203127
6.422,0.203486,0.205260,0.199459,0.204051,0.204512,0.203141
6.423,0.203500,0.205264,0.199454,0.204056,0.204526,0.203145
6.424,0.203495,0.205278,0.199448,0.204060,0.204520,0.203140
6.425,0.203490,0.205282,0.199434,0.204046,0.204515,0.203135
6.426,0.203484,0.205277,0.199429,0.204040,0.204510,0.203129
6.427,0.203479,0.205272,0.199433,0.204035,0.204505,0.203124
6.428,0.203473,0.205266,0.199438,0.204020,0.204490,0.203109
6.429,0.203468,0.205252,0.199432,0.204024,0.204485,0.203114
6.430,0.203473,0.205247,0.199446,0.204019,0.204480,0.203109
6.431,0.203468,0.205251,0.199450,0.204024,0.204483,0.203113
6.432,0.203472,0.205246,0.199464,0.204028,0.204478,0.203118
6.433,0.203477,0.205250,0.199459,0.204032,0.204483,0.203121
6.434,0.203490,0.205254,0.199464,0.204046,0.204497,0.203135
6.435,0.203494,0.205268,0.199459,0.204050,0.204501,0.203130
6.436,0.203489,0.205273,0.199454,0.204045,0.204496,0.203135
6.437,0.203494,0.205268,0.199447,0.204050,0.204501,0.203139
6.438,0.203489,0.205272,0.199442,0.204045,0.204495,0.203134
6.439,0.203484,0.205267,0.199437,0.204040,0.204480,0.203119
6.440,0.203478,0.205261,0.199432,0.204035,0.204475,0.203114
6.441,0.203472,0.205256,0.199437,0.204029,0.204470,0.203108
6.442,0.203467,0.205241,0.199441,0.204023,0.204465,0.203103
6.443,0.203462,0.205246,0.199446,0.204018,0.204450,0.203098
6.444,0.203457,0.205231,0.199449,0.204023,0.204455,0.203102
6.445,0.203462,0.205235,0.199454,0.204027,0.204450,0.203107
6.446,0.203466,0.205230,0.199468,0.204032,0.204453,0.203111
6.447,0.203471,0.205234,0.199463,0.204036,0.204458,0.203116
6.448,0.203474,0.205238,0.199458,0.204040,0.204462,0.203129
6.449,0.203479,0.205243,0.199453,0.204054,0.204476,0.203134
6.450,0.203483,0.205247,0.199447,0.204049,0.204471,0.203128
6.451,0.203478,0.205252,0.199441,0.204044,0.204466,0.203123
6.452,0.203473,0.205247,0.199436,0.204029,0.204461,0.203118
6.453,0.203458,0.205242,0.199441,0.204024,0.204455,0.203104
6.454,0.203453,0.205237,0.199436,0.204009,0.204440,0.203099
6.455,0.203439,0.205221,0.199440,0.204003,0.204435,0.203093
6.456,0.203442,0.205206,0.199445,0.204008,0.204440,0.203097
6.457,0.203447,0.205211,0.199459,0.204003,0.204434,0.203092
6.458,0.203441,0.205215,0.199473,0.204007,0.204439,0.203096
6.459,0.203456,0.205210,0.199467,0.204012,0.204443,0.203110
6.460,0.203470,0.205215,0.199471,0.204026,0.204457,0.203125
6.461,0.203474,0.205229,0.199476,0.204030,0.204461,0.203129
6.462,0.203479,0.205242,0.199471,0.204035,0.204466,0.203124
6.463,0.203482,0.205237,0.199466,0.204038,0.204470,0.203127
6.464,0.203477,0.205241,0.199461,0.204033,0.204465,0.203122
6.465,0.203472,0.205246,0.199455,0.204028,0.204460,0.203117
6.466,0.203467,0.205241,0.199449,0.204013,0.204455,0.203112
6.467,0.203462,0.205226,0.199454,0.204018,0.204450,0.203117
6.468,0.203457,0.205221,0.199458,0.204013,0.204444,0.203102
6.469,0.203452,0.205215,0.199463,0.204008,0.204439,0.203097
6.470,0.203455,0.205210,0.199467,0.204011,0.204433,0.203110
6.471,0.203460,0.205205,0.199472,0.204006,0.204438,0.203105
6.472,0.203464,0.205209,0.199486,0.204011,0.204442,0.203109
6.473,0.203459,0.205214,0.199480,0.204015,0.204447,0.203114
6.474,0.203464,0.205218,0.199475,0.204029,0.204451,0.203128
6.475,0.203478,0.205223,0.199470,0.204034,0.204455,0.203133
6.476,0.203482,0.205227,0.199465,0.204038,0.204459,0.203127
6.477,0.203477,0.205231,0.199450,0.204032,0.204454,0.203122
6.478,0.203461,0.205226,0.199445,0.204027,0.204440,0.203116
6.479,0.203456,0.205211,0.199449,0.204012,0.204435,0.203102
6.480,0.203442,0.205206,0.199444,0.204007,0.204420,0.203087
6.481,0.203427,0.205191,0.199448,0.203993,0.204405,0.203082
6.482,0.203431,0.205177,0.199452,0.203997,0.204409,0.203086
6.483,0.203426,0.205181,0.199457,0.203992,0.204404,0.203081
6.484,0.203421,0.205175,0.199471,0.203997,0.204399,0.203086
6.485,0.203425,0.205170,0.199466,0.204000,0.204403,0.203089
6.486,0.203429,0.205165,0.199470,0.204014,0.204408,0.203103
6.487,0.203443,0.205179,0.199475,0.204019,0.204422,0.203098
6.488,0.203438,0.205183,0.199469,0.204023,0.204417,0.203103
6.489,0.203443,0.205178,0.199464,0.204018,0.204421,0.203107
6.490,0.203438,0.205183,0.199459,0.204023,0.204415,0.203102
6.491,0.203433,0.205177,0.199453,0.204017,0.204410,0.203097
6.492,0.203427,0.205172,0.199448,0.204011,0.204405,0.203091
6.493,0.203421,0.205167,0.199453,0.204006,0.204400,0.203086
6.494,0.203416,0.205161,0.199457,0.204001,0.204404,0.203081
6.495,0.203411,0.205156,0.199461,0.203996,0.204390,0.203085
6.496,0.203406,0.205151,0.199465,0.204001,0.204394,0.203090
6.497,0.203420,0.205146,0.199479,0.204005,0.204398,0.203094
6.498,0.203425,0.205151,0.199494,0.204010,0.204402,0.203099
6.499,0.203429,0.205154,0.199498,0.204013,0.204407,0.203103
6.500,0.203433,0.205159,0.199493,0.204027,0.204421,0.203116
6.501,0.203447,0.205163,0.199488,0.204032,0.204435,0.203131
6.502,0.203451,0.205177,0.199483,0.204036,0.204439,0.203125
6.503,0.203446,0.205182,0.199467,0.204031,0.204434,0.203130
6.504,0.203441,0.205177,0.199462,0.204026,0.204428,0.203125
6.505,0.203436,0.205172,0.199467,0.204021,0.204423,0.203110
6.506,0.203421,0.205166,0.199461,0.204006,0.204408,0.203105
6.507,0.203406,0.205151,0.199466,0.204000,0.204403,0.203099
6.508,0.203410,0.205136,0.199470,0.204005,0.204398,0.203103
6.509,0.203405,0.205141,0.199484,0.204000,0.204403,0.203098
6.510,0.203410,0.205136,0.199488,0.204004,0.204398,0.203103
6.511,0.203405,0.205130,0.199493,0.204009,0.204402,0.203107
6.512,0.203419,0.205135,0.199497,0.204023,0.204406,0.203121
6.513,0.203423,0.205139,0.199492,0.204027,0.204420,0.203126
6.514,0.203428,0.205153,0.199487,0.204031,0.204415,0.203120
6.515,0.203422,0.205147,0.199482,0.204026,0.204419,0.203124
6.516,0.203417,0.205142,0.199477,0.204030,0.204414,0.203119
6.517,0.203411,0.205147,0.199472,0.204025,0.204409,0.203114
6.518,0.203406,0.205142,0.199466,0.204020,0.204404,0.203109
6.519,0.203392,0.205127,0.199460,0.204005,0.204388,0.203104
6.520,0.203387,0.205112,0.199465,0.204010,0.204383,0.203099
6.521,0.203381,0.205106,0.199460,0.203994,0.204378,0.203094
6.522,0.203366,0.205101,0.199464,0.203999,0.204373,0.203088
6.523,0.203370,0.205087,0.199469,0.204003,0.204368,0.203092
6.524,0.203375,0.205091,0.199483,0.204008,0.204372,0.203097
6.525,0.203370,0.205086,0.199486,0.204012,0.204377,0.203101
6.526,0.203374,0.205091,0.199481,0.204017,0.204381,0.203106
6.527,0.203388,0.205095,0.199476,0.204021,0.204394,0.203120
6.528,0.203383,0.205099,0.199471,0.204026,0.204399,0.203115
6.529,0.203377,0.205103,0.199466,0.204020,0.204394,0.203109
6.530,0.203372,0.205098,0.199451,0.204014,0.204389,0.203104
6.531,0.203367,0.205093,0.199456,0.204009,0.204384,0.203099
6.532,0.203352,0.205078,0.199450,0.203995,0.204369,0.203093
6.533,0.203347,0.205073,0.199454,0.203990,0.204364,0.203079
6.534,0.203342,0.205058,0.199459,0.203985,0.204367,0.203083
6.535,0.203347,0.205052,0.199473,0.203989,0.204362,0.203088
6.536,0.203342,0.205057,0.199477,0.203983,0.204367,0.203091
6.537,0.203345,0.205052,0.199482,0.203987,0.204371,0.203096
6.538,0.203350,0.205056,0.199486,0.204002,0.204385,0.203110
6.539,0.203364,0.205061,0.199491,0.204006,0.204390,0.203124
6.540,0.203368,0.205075,0.199485,0.204001,0.204394,0.203119
6.541,0.203363,0.205079,0.199480,0.204005,0.204398,0.203123
6.542,0.203368,0.205074,0.199475,0.204010,0.204402,0.203128
6.543,0.203362,0.205078,0.199479,0.204005,0.204397,0.203123
6.544,0.203356,0.205073,0.199464,0.203999,0.204392,0.203117
6.545,0.203351,0.205068,0.199469,0.203994,0.204387,0.203112
6.546,0.203346,0.205053,0.199473,0.203989,0.204382,0.203107
6.547,0.203341,0.205048,0.199477,0.203984,0.204377,0.203101
6.548,0.203336,0.205043,0.199482,0.203978,0.204372,0.203106
6.549,0.203331,0.205038,0.199476,0.203983,0.204375,0.203110
6.550,0.203335,0.205041,0.199491,0.203987,0.204380,0.203115
6.551,0.203339,0.205036,0.199495,0.204001,0.204384,0.203118
6.552,0.203343,0.205041,0.199490,0.204005,0.204389,0.203123
6.553,0.203348,0.205045,0.199485,0.204010,0.204393,0.203127
6.554,0.203352,0.205050,0.199479,0.204014,0.204398,0.203132
6.555,0.203338,0.205054,0.199464,0.204009,0.204393,0.203127
6.556,0.203333,0.205049,0.199459,0.204004,0.204387,0.203122
6.557,0.203318,0.205034,0.199454,0.203999,0.204382,0.203107
6.558,0.203313,0.205028,0.199449,0.203993,0.204367,0.203101
6.559,0.203297,0.205014,0.199453,0.203978,0.204352,0.203086
6.560,0.203283,0.204999,0.199448,0.203973,0.204347,0.203091
6.561,0.203287,0.204984,0.199453,0.203977,0.204352,0.203086
6.562,0.203282,0.204989,0.199466,0.203972,0.204347,0.203081
6.563,0.203277,0.204984,0.199470,0.203977,0.204341,0.203085
6.564,0.203281,0.204979,0.199475,0.203991,0.204355,0.203099
6.565,0.203295,0.204982,0.199470,0.203995,0.204359,0.203113
6.566,0.203299,0.204987,0.199474,0.203999,0.204364,0.203107
6.567,0.203294,0.204991,0.199469,0.204003,0.204368,0.203112
6.568,0.203289,0.204986,0.199464,0.204008,0.204373,0.203116
6.569,0.203293,0.204990,0.199458,0.204003,0.204367,0.203111
6.570,0.203279,0.204985,0.199453,0.203998,0.204362,0.203106
6.571,0.203274,0.204980,0.199457,0.203983,0.204356,0.203101
6.572,0.203268,0.204965,0.199462,0.203988,0.204361,0.203096
6.573,0.203262,0.204969,0.199466,0.203982,0.204356,0.203090
6.574,0.203257,0.204954,0.199471,0.203976,0.204351,0.203094
6.575,0.203262,0.204949,0.199475,0.203981,0.204355,0.203099
6.576,0.203266,0.204954,0.199489,0.203985,0.204360,0.203103
6.577,0.203271,0.204958,0.199493,0.203990,0.204364,0.203117
6.578,0.203275,0.204963,0.199497,0.204004,0.204377,0.203122
6.579,0.203280,0.204967,0.199492,0.204009,0.204391,0.203136
6.580,0.203294,0.204971,0.199487,0.204022,0.204396,0.203141
6.581,0.203288,0.204985,0.199482,0.204017,0.204391,0.203134
6.582,0.203283,0.204980,0.199468,0.204011,0.204395,0.203139
6.583,0.203268,0.204975,0.199462,0.204006,0.204390,0.203134
6.584,0.203263,0.204970,0.199466,0.203992,0.204375,0.203119
6.585,0.203248,0.204955,0.199461,0.203987,0.204369,0.203114
6.586,0.203243,0.204940,0.199465,0.203981,0.204364,0.203109
6.587,0.203238,0.204934,0.199470,0.203986,0.204369,0.203113
6.588,0.203232,0.204929,0.199484,0.203980,0.204364,0.203107
6.589,0.203237,0.204924,0.199488,0.203984,0.204359,0.203112
6.590,0.203241,0.204929,0.199493,0.203999,0.204373,0.203126
6.591,0.203246,0.204933,0.199487,0.204003,0.204377,0.203140
6.592,0.203250,0.204938,0.199491,0.204008,0.204391,0.203135
6.593,0.203245,0.204942,0.199486,0.204012,0.204385,0.203140
6.594,0.203249,0.204936,0.199472,0.204017,0.204390,0.203134
6.595,0.203243,0.204941,0.199476,0.204010,0.204385,0.203138
6.596,0.203229,0.204935,0.199471,0.204005,0.204380,0.203123
6.597,0.203214,0.204921,0.199466,0.204000,0.204374,0.203118
6.598,0.203209,0.204916,0.199460,0.203995,0.204369,0.203123
6.599,0.203204,0.204911,0.199464,0.203990,0.204364,0.203108
6.600,0.203199,0.204896,0.199469,0.203985,0.204358,0.203113
6.601,0.203194,0.204891,0.199473,0.203989,0.204353,0.203117
6.602,0.203198,0.204885,0.199487,0.203993,0.204358,0.203121
6.603,0.203202,0.204889,0.199492,0.203998,0.204362,0.203125
6.604,0.203197,0.204884,0.199496,0.204002,0.204367,0.203130
6.605,0.203201,0.204889,0.199491,0.204016,0.204381,0.203144
6.606,0.203215,0.204893,0.199485,0.204021,0.204395,0.203148
6.607,0.203210,0.204907,0.199480,0.204015,0.204389,0.203153
6.608,0.203205,0.204902,0.199475,0.204010,0.204393,0.203148
6.609,0.203200,0.204896,0.199470,0.204005,0.204388,0.203142
6.610,0.203184,0.204891,0.199475,0.203999,0.204383,0.203136
6.611,0.203179,0.204876,0.199469,0.203985,0.204368,0.203122
6.612,0.203165,0.204871,0.199474,0.203980,0.204363,0.203126
6.613,0.203169,0.204857,0.199477,0.203984,0.204377,0.203131
6.614,0.203174,0.204861,0.199492,0.203979,0.204372,0.203126
6.615,0.203168,0.204856,0.199506,0.203983,0.204376,0.203140
6.616,0.203173,0.204859,0.199510,0.203988,0.204380,0.203144
6.617,0.203187,0.204864,0.199515,0.204001,0.204394,0.203157
6.618,0.203191,0.204878,0.199510,0.204006,0.204408,0.203162
6.619,0.203195,0.204883,0.199504,0.204000,0.204413,0.203166
6.620,0.203190,0.204877,0.199498,0.204005,0.204417,0.203171
6.621,0.203194,0.204882,0.199493,0.204000,0.204422,0.203175
6.622,0.203180,0.204877,0.199498,0.203995,0.204416,0.203170
6.623,0.203175,0.204872,0.199493,0.203990,0.204411,0.203165
6.624,0.203170,0.204866,0.199488,0.203984,0.204406,0.203160
6.625,0.203164,0.204861,0.199492,0.203979,0.204401,0.203154
6.626,0.203149,0.204856,0.199497,0.203973,0.204396,0.203158
6.627,0.203153,0.204841,0.199501,0.203978,0.204390,0.203163
6.628,0.203158,0.204836,0.199514,0.203982,0.204405,0.203167
6.629,0.203153,0.204840,0.199519,0.203987,0.204398,0.203172
6.630,0.203157,0.204845,0.199523,0.203991,0.204403,0.203176
6.631,0.203162,0.204839,0.199518,0.204005,0.204417,0.203191
6.632,0.203165,0.204843,0.199513,0.204009,0.204422,0.203194
6.633,0.203160,0.204857,0.199508,0.204014,0.204426,0.203189
6.634,0.203155,0.204852,0.199493,0.204008,0.204421,0.203193
6.635,0.203150,0.204847,0.199487,0.204003,0.204416,0.203179
6.636,0.203135,0.204832,0.199492,0.203998,0.204411,0.203174
6.637,0.203121,0.204827,0.199487,0.203984,0.204395,0.203159
6.638,0.203116,0.204812,0.199491,0.203978,0.204390,0.203163
6.639,0.203110,0.204797,0.199496,0.203982,0.204385,0.203167
6.640,0.203104,0.204792,0.199510,0.203977,0.204389,0.203162
6.641,0.203109,0.204787,0.199524,0.203981,0.204384,0.203166
6.642,0.203113,0.204791,0.199519,0.203986,0.204389,0.203181
6.643,0.203118,0.204786,0.199522,0.204000,0.204403,0.203185
6.644,0.203132,0.204800,0.199527,0.204004,0.204416,0.203199
6.645,0.203127,0.204805,0.199522,0.204009,0.204421,0.203204
6.646,0.203131,0.204808,0.199526,0.204003,0.204425,0.203208
6.647,0.203125,0.204803,0.199521,0.204007,0.204430,0.203212
6.648,0.203120,0.204808,0.199526,0.204002,0.204424,0.203207
6.649,0.203115,0.204803,0.199520,0.203997,0.204419,0.203201
6.650,0.203110,0.204788,0.199524,0.203992,0.204414,0.203206
6.651,0.203105,0.204783,0.199528,0.203997,0.204419,0.203201
6.652,0.203100,0.204787,0.199533,0.203992,0.204413,0.203205
6.653,0.203104,0.204772,0.199547,0.203986,0.204417,0.203210
6.654,0.203108,0.204776,0.199552,0.204000,0.204431,0.203223
6.655,0.203103,0.204781,0.199566,0.204004,0.204436,0.203227
6.656,0.203107,0.204785,0.199570,0.204009,0.204440,0.203242
6.657,0.203121,0.204790,0.199574,0.204013,0.204454,0.203246
6.658,0.203126,0.204794,0.199569,0.204027,0.204468,0.203260
6.659,0.203130,0.204808,0.199563,0.204032,0.204472,0.203265
6.660,0.203125,0.204812,0.199558,0.204027,0.204467,0.203269
6.661,0.203120,0.204807,0.199553,0.204021,0.204471,0.203263
6.662,0.203114,0.204802,0.199558,0.204015,0.204466,0.203258
6.663,0.203099,0.204787,0.199553,0.204010,0.204452,0.203253
6.664,0.203085,0.204782,0.199557,0.204005,0.204447,0.203248
6.665,0.203089,0.204767,0.199561,0.204010,0.204451,0.203252
6.666,0.203084,0.204772,0.199575,0.204005,0.204445,0.203247
6.667,0.203089,0.204767,0.199579,0.204009,0.204449,0.203252
6.668,0.203093,0.204761,0.199584,0.204014,0.204454,0.203266
6.669,0.203097,0.204765,0.199588,0.204027,0.204458,0.203279
6.670,0.203101,0.204770,0.199592,0.204030,0.204472,0.203282
6.671,0.203095,0.204773,0.199584,0.204033,0.204474,0.203285
6.672,0.203098,0.204776,0.199576,0.204035,0.204465,0.203287
6.673,0.203090,0.204767,0.199567,0.204025,0.204466,0.203277
6.674,0.203080,0.204758,0.199556,0.204015,0.204456,0.203267
6.675,0.203060,0.204748,0.199545,0.204004,0.204444,0.203256
6.676,0.203049,0.204736,0.199543,0.203991,0.204433,0.203243
6.677,0.203037,0.204715,0.199539,0.203988,0.204419,0.203240
6.678,0.203023,0.204701,0.199534,0.203964,0.204405,0.203226
6.679,0.203010,0.204688,0.199529,0.203958,0.204390,0.203220
6.680,0.203004,0.204672,0.199532,0.203952,0.204383,0.203214
6.681,0.202988,0.204655,0.199524,0.203944,0.204376,0.203206
6.682,0.202980,0.204648,0.199525,0.203935,0.204376,0.203197
6.683,0.202981,0.204640,0.199516,0.203935,0.204367,0.203197
6.684,0.202971,0.204630,0.199495,0.203924,0.204365,0.203196
6.685,0.202960,0.204629,0.199474,0.203913,0.204354,0.203185
6.686,0.202940,0.204617,0.199452,0.203891,0.204341,0.203172
6.687,0.202918,0.204595,0.199429,0.203878,0.204318,0.203149
6.688,0.202894,0.204571,0.199414,0.203844,0.204294,0.203125
6.689,0.202869,0.204547,0.199398,0.203818,0.204269,0.203099
6.690,0.202835,0.204513,0.199382,0.203792,0.204243,0.203073
6.691,0.202818,0.204486,0.199364,0.203765,0.204215,0.203055
6.692,0.202801,0.204459,0.199355,0.203746,0.204197,0.203037
6.693,0.202773,0.204441,0.199345,0.203727,0.204177,0.203017
6.694,0.202762,0.204411,0.199334,0.203706,0.204156,0.202996
6.695,0.202742,0.204391,0.199312,0.203694,0.204144,0.202984
6.696,0.202730,0.204379,0.199290,0.203671,0.204122,0.202971
6.697,0.202707,0.204366,0.199266,0.203648,0.204108,0.202948
6.698,0.202684,0.204342,0.199232,0.203623,0.204083,0.202923
6.699,0.202649,0.204308,0.199196,0.203597,0.204047,0.202898
6.700,0.202614,0.204282,0.199170,0.203561,0.204021,0.202871
6.701,0.202578,0.204246,0.199133,0.203523,0.203984,0.202833
6.702,0.202540,0.204209,0.199104,0.203486,0.203945,0.202796
6.703,0.202512,0.204170,0.199074,0.203456,0.203907,0.202766
6.704,0.202463,0.204132,0.199043,0.203416,0.203876,0.202725
6.705,0.202433,0.204091,0.199013,0.203384,0.203835,0.202684
6.706,0.202401,0.204050,0.198989,0.203351,0.203802,0.202661
6.707,0.202359,0.204017,0.198965,0.203318,0.203759,0.202627
6.708,0.202325,0.203984,0.198931,0.203283,0.203724,0.202593
6.709,0.202300,0.203949,0.198895,0.203257,0.203689,0.202557
6.710,0.202264,0.203914,0.198848,0.203220,0.203662,0.202530
6.711,0.202228,0.203877,0.198811,0.203193,0.203623,0.202493
6.712,0.202181,0.203840,0.198763,0.203145,0.203575,0.202445
6.713,0.202132,0.203791,0.198714,0.203095,0.203526,0.202404
6.714,0.202083,0.203742,0.198663,0.203045,0.203476,0.202354
6.715,0.202033,0.203692,0.198622,0.202994,0.203425,0.202294
6.716,0.201972,0.203630,0.198579,0.202941,0.203363,0.202241
6.717,0.201929,0.203578,0.198535,0.202888,0.203310,0.202198
6.718,0.201876,0.203525,0.198501,0.202843,0.203265,0.202143
6.719,0.201831,0.203481,0.198464,0.202798,0.203210,0.202098
6.720,0.201786,0.203425,0.198427,0.202751,0.203164,0.202051
6.721,0.201749,0.203379,0.198380,0.202713,0.203125,0.202013
6.722,0.201711,0.203341,0.198340,0.202674,0.203076,0.201974
6.723,0.201663,0.203292,0.198291,0.202625,0.203037,0.201925
6.724,0.201613,0.203243,0.198241,0.202574,0.202986,0.201883
6.725,0.201562,0.203201,0.198189,0.202522,0.202934,0.201822
6.726,0.201510,0.203150,0.198136,0.202460,0.202882,0.201769
6.727,0.201448,0.203087,0.198083,0.202406,0.202818,0.201716
6.728,0.201385,0.203034,0.198028,0.202342,0.202754,0.201651
6.729,0.201330,0.202969,0.197972,0.202286,0.202699,0.201596
6.730,0.201274,0.202914,0.197925,0.202220,0.202633,0.201530
6.731,0.201218,0.202848,0.197877,0.202163,0.202565,0.201472
6.732,0.201160,0.202790,0.197828,0.202104,0.202517,0.201423
6.733,0.201111,0.202732,0.197778,0.202045,0.202456,0.201364
6.734,0.201052,0.202671,0.197737,0.201993,0.202396,0.201303
6.735,0.201000,0.202621,0.197674,0.201932,0.202335,0.201251
6.736,0.200949,0.202569,0.197622,0.201879,0.202281,0.201198
6.737,0.200896,0.202515,0.197549,0.201824,0.202227,0.201144
6.738,0.200832,0.202462,0.197484,0.201760,0.202162,0.201070
6.739,0.200768,0.202397,0.197409,0.201685,0.202088,0.201004
6.740,0.200692,0.202322,0.197342,0.201618,0.202011,0.200928
6.741,0.200615,0.202255,0.197284,0.201541,0.201934,0.200851
6.742,0.200539,0.202178,0.197216,0.201462,0.201856,0.200772
6.743,0.200470,0.202100,0.197155,0.201384,0.201776,0.200703
6.744,0.200409,0.202020,0.197094,0.201323,0.201705,0.200632
6.745,0.200340,0.201949,0.197032,0.201241,0.201635,0.200551
6.746,0.200268,0.201879,0.196978,0.201178,0.201552,0.200478
6.747,0.200205,0.201815,0.196906,0.201114,0.201488,0.200414
6.748,0.200140,0.201742,0.196850,0.201049,0.201423,0.200349
6.749,0.200075,0.201686,0.196774,0.200983,0.201357,0.200283
6.750,0.200009,0.201611,0.196697,0.200906,0.201271,0.200206
6.751,0.199933,0.201534,0.196619,0.200829,0.201193,0.200129
6.752,0.199855,0.201466,0.196541,0.200750,0.201114,0.200050
6.753,0.199777,0.201388,0.196471,0.200661,0.201025,0.199961
6.754,0.199696,0.201307,0.196391,0.200580,0.200945,0.199870
6.755,0.199616,0.201217,0.196318,0.200499,0.200854,0.199789
6.756,0.199535,0.201136,0.196245,0.200407,0.200770,0.199707
6.757,0.199452,0.201053,0.196172,0.200322,0.200678,0.199623
6.758,0.199378,0.200969,0.196106,0.200238,0.200592,0.199538
6.759,0.199303,0.200894,0.196040,0.200162,0.200517,0.199452
6.760,0.199227,0.200818,0.195972,0.200076,0.200430,0.199376
6.761,0.199150,0.200741,0.195904,0.199997,0.200352,0.199297
6.762,0.199081,0.200663,0.195825,0.199918,0.200273,0.199228
6.763,0.199012,0.200594,0.195744,0.199848,0.200193,0.199148
6.764,0.198932,0.200513,0.195653,0.199757,0.200103,0.199057
6.765,0.198851,0.200443,0.195572,0.199665,0.200011,0.198965
6.766,0.198759,0.200351,0.195479,0.199573,0.199918,0.198873
6.767,0.198666,0.200267,0.195395,0.199469,0.199824,0.198769
6.768,0.198573,0.200174,0.195320,0.199365,0.199720,0.198675
6.769,0.198487,0.200069,0.195234,0.199269,0.199615,0.198569
6.770,0.198401,0.199983,0.195156,0.199182,0.199528,0.198482
6.771,0.198314,0.199896,0.195078,0.199085,0.199430,0.198385
6.772,0.198236,0.199808,0.195008,0.198996,0.199341,0.198296
6.773,0.198157,0.199720,0.194927,0.198906,0.199242,0.198216
6.774,0.198076,0.199639,0.194846,0.198815,0.199160,0.198125
6.775,0.197995,0.199558,0.194763,0.198732,0.199068,0.198043
6.776,0.197912,0.199475,0.194671,0.198630,0.198975,0.197939
6.777,0.197829,0.199392,0.194576,0.198536,0.198881,0.197846
6.778,0.197735,0.199298,0.194481,0.198440,0.198776,0.197741
6.779,0.197630,0.199202,0.194394,0.198335,0.198671,0.197645
6.780,0.197534,0.199107,0.194298,0.198228,0.198564,0.197538
6.781,0.197437,0.199009,0.194209,0.198121,0.198456,0.197431
6.782,0.197349,0.198902,0.194120,0.198022,0.198348,0.197322
6.783,0.197240,0.198812,0.194029,0.197912,0.198238,0.197212
6.784,0.197149,0.198703,0.193938,0.197811,0.198127,0.197112
6.785,0.197058,0.198611,0.193855,0.197709,0.198026,0.197009
6.786,0.196966,0.198519,0.193771,0.197606,0.197923,0.196906
6.787,0.196872,0.198416,0.193686,0.197511,0.197818,0.196811
6.788,0.196778,0.198331,0.193591,0.197416,0.197713,0.196706
6.789,0.196692,0.198235,0.193494,0.197319,0.197617,0.196610
6.790,0.196605,0.198139,0.193397,0.197212,0.197510,0.196503
6.791,0.196498,0.198051,0.193289,0.197104,0.197402,0.196395
6.792,0.196399,0.197943,0.193180,0.196986,0.197283,0.196276
6.793,0.196290,0.197844,0.193080,0.196876,0.197164,0.196157
6.794,0.196180,0.197734,0.192987,0.196755,0.197043,0.196036
6.795,0.196070,0.197613,0.192885,0.196634,0.196921,0.195925
6.796,0.195967,0.197510,0.192791,0.196520,0.196799,0.195811
6.797,0.195873,0.197397,0.192705,0.196407,0.196695,0.195697
6.798,0.195769,0.197293,0.192610,0.196302,0.196579,0.195592
6.799,0.195672,0.197197,0.192523,0.196195,0.196463,0.195475
6.800,0.195576,0.197091,0.192425,0.196088,0.196365,0.195378
6.801,0.195487,0.197002,0.192335,0.195979,0.196257,0.195269
6.802,0.195389,0.196904,0.192236,0.195878,0.196147,0.195159
6.803,0.195288,0.196803,0.192135,0.195769,0.196036,0.195059
6.804,0.195188,0.196703,0.192033,0.195647,0.195916,0.194938
6.805,0.195086,0.196601,0.191921,0.195535,0.195803,0.194825
6.806,0.194973,0.196498,0.191817,0.195412,0.195680,0.194703
6.807,0.194869,0.196384,0.191712,0.195288,0.195556,0.194579
6.808,0.194756,0.196279,0.191615,0.195172,0.195441,0.194463
6.809,0.194650,0.196165,0.191518,0.195046,0.195315,0.194337
6.810,0.194543,0.196058,0.191410,0.194929,0.195188,0.194219
6.811,0.194435,0.195940,0.191320,0.194810,0.195070,0.194111
6.812,0.194336,0.195841,0.191220,0.194691,0.194959,0.193991
6.813,0.194235,0.195731,0.191128,0.194580,0.194839,0.193880
6.814,0.194134,0.195629,0.191036,0.194468,0.194717,0.193759
6.815,0.194031,0.195527,0.190923,0.194355,0.194614,0.193646
6.816,0.193938,0.195424,0.190818,0.194241,0.194491,0.193542
6.817,0.193834,0.195320,0.190704,0.194117,0.194375,0.193417
6.818,0.193719,0.195214,0.190588,0.193991,0.194241,0.193291
6.819,0.193603,0.195098,0.190471,0.193865,0.194115,0.193165
6.820,0.193486,0.194982,0.190363,0.193737,0.193977,0.193028
6.821,0.193358,0.194864,0.190253,0.193600,0.193840,0.192890
6.822,0.193240,0.194736,0.190143,0.193470,0.193710,0.192760
6.823,0.193129,0.194615,0.190041,0.193349,0.193579,0.192640
6.824,0.193018,0.194504,0.189938,0.193218,0.193458,0.192508
6.825,0.192906,0.194392,0.189835,0.193095,0.193325,0.192385
6.826,0.192792,0.194269,0.189730,0.192971,0.193201,0.192272
6.827,0.192697,0.194154,0.189625,0.192856,0.193085,0.192146
6.828,0.192582,0.194048,0.189518,0.192740,0.192960,0.192030
6.829,0.192476,0.193943,0.189400,0.192613,0.192833,0.191903
6.830,0.192368,0.193835,0.189292,0.192485,0.192715,0.191775
6.831,0.192249,0.193716,0.189172,0.192356,0.192577,0.191646
6.832,0.192130,0.193607,0.189062,0.192216,0.192447,0.191516
6.833,0.192019,0.193487,0.188940,0.192086,0.192316,0.191376
6.834,0.191898,0.193365,0.188828,0.191954,0.192174,0.191244
6.835,0.191776,0.193242,0.188724,0.191820,0.192041,0.191112
6.836,0.191662,0.193119,0.188610,0.191677,0.191907,0.190977
6.837,0.191547,0.192995,0.188503,0.191552,0.191773,0.190852
6.838,0.191432,0.192880,0.188396,0.191426,0.191646,0.190726
6.839,0.191325,0.192762,0.188298,0.191289,0.191519,0.190598
6.840,0.191207,0.192655,0.188188,0.191170,0.191400,0.190470
6.841,0.191098,0.192536,0.188088,0.191041,0.191271,0.190350
6.842,0.190997,0.192426,0.187977,0.190920,0.191150,0.190230
6.843,0.190886,0.192314,0.187865,0.190789,0.191029,0.190108
6.844,0.190774,0.192212,0.187742,0.190656,0.190896,0.189967
6.845,0.190661,0.192099,0.187628,0.190523,0.190763,0.189833
6.846,0.190537,0.191976,0.187504,0.190379,0.190619,0.189699
6.847,0.190422,0.191851,0.187387,0.190234,0.190474,0.189553
6.848,0.190287,0.191725,0.187270,0.190098,0.190338,0.189418
6.849,0.190169,0.191598,0.187152,0.189952,0.190191,0.189281
6.850,0.190052,0.191470,0.187042,0.189823,0.190062,0.189152
6.851,0.189933,0.191351,0.186932,0.189684,0.189923,0.189013
6.852,0.189813,0.191231,0.186830,0.189553,0.189792,0.188882
6.853,0.189701,0.191110,0.186727,0.189431,0.189660,0.188760
6.854,0.189598,0.190997,0.186613,0.189297,0.189537,0.188626
6.855,0.189484,0.190884,0.186499,0.189173,0.189413,0.188502
6.856,0.189370,0.190779,0.186384,0.189039,0.189279,0.188377
6.857,0.189254,0.190664,0.186267,0.188913,0.189143,0.188242
6.858,0.189138,0.190538,0.186149,0.188776,0.189006,0.188106
6.859,0.189020,0.190420,0.186031,0.188629,0.188869,0.187967
6.860,0.188892,0.190302,0.185911,0.188491,0.188720,0.187829
6.861,0.188763,0.190172,0.185791,0.188350,0.188581,0.187679
6.862,0.188642,0.190042,0.185669,0.188210,0.188440,0.187539
6.863,0.188521,0.189920,0.185557,0.188068,0.188298,0.187406
6.864,0.188389,0.189789,0.185442,0.187935,0.188155,0.187264
6.865,0.188275,0.189665,0.185327,0.187801,0.188022,0.187130
6.866,0.188151,0.189541,0.185212,0.187666,0.187886,0.186995
6.867,0.188034,0.189425,0.185104,0.187529,0.187750,0.186868
6.868,0.187917,0.189298,0.184996,0.187403,0.187613,0.186731
6.869,0.187810,0.189180,0.184877,0.187274,0.187484,0.186603
6.870,0.187691,0.189062,0.184766,0.187135,0.187355,0.186473
6.871,0.187580,0.188951,0.184645,0.186995,0.187215,0.186333
6.872,0.187459,0.188830,0.184523,0.186853,0.187074,0.186192
6.873,0.187328,0.188708,0.184391,0.186711,0.186932,0.186050
6.874,0.187205,0.188585,0.184267,0.186568,0.186779,0.185907
6.875,0.187071,0.188452,0.184142,0.186415,0.186635,0.185763
6.876,0.186947,0.188317,0.184026,0.186269,0.186490,0.185618
6.877,0.186820,0.188191,0.183918,0.186133,0.186353,0.185481
6.878,0.186693,0.188055,0.183799,0.185995,0.186207,0.185343
6.879,0.186575,0.187937,0.183690,0.185857,0.186077,0.185205
6.880,0.186466,0.187807,0.183580,0.185727,0.185938,0.185075
6.881,0.186345,0.187697,0.183477,0.185596,0.185816,0.184944
6.882,0.186233,0.187576,0.183365,0.185464,0.185684,0.184821
6.883,0.186120,0.187462,0.183250,0.185331,0.185551,0.184689
6.884,0.186007,0.187349,0.183136,0.185197,0.185418,0.184555
6.885,0.185892,0.187234,0.183010,0.185063,0.185273,0.184420
6.886,0.185766,0.187108,0.182893,0.184917,0.185138,0.184274
6.887,0.185650,0.186992,0.182776,0.184780,0.184991,0.184137
6.888,0.185522,0.186865,0.182657,0.184632,0.184853,0.183989
6.889,0.185403,0.186736,0.182537,0.184494,0.184713,0.183851
6.890,0.185274,0.186607,0.182416,0.184354,0.184564,0.183711
6.891,0.185154,0.186486,0.182304,0.184213,0.184423,0.183580
6.892,0.185032,0.186355,0.182191,0.184071,0.184281,0.183438
6.893,0.184909,0.186232,0.182077,0.183937,0.184148,0.183304
6.894,0.184795,0.186109,0.181962,0.183803,0.184013,0.183170
6.895,0.184670,0.185993,0.181855,0.183668,0.183878,0.183035
6.896,0.184554,0.185867,0.181748,0.183540,0.183742,0.182907
6.897,0.184436,0.185750,0.181630,0.183403,0.183614,0.182780
6.898,0.184328,0.185632,0.181510,0.183275,0.183476,0.182642
6.899,0.184209,0.185513,0.181390,0.183135,0.183336,0.182503
6.900,0.184089,0.185402,0.181269,0.182995,0.183187,0.182362
6.901,0.183958,0.185271,0.181137,0.182844,0.183046,0.182221
6.902,0.183836,0.185150,0.181014,0.182692,0.182893,0.182068
6.903,0.183703,0.185016,0.180890,0.182549,0.182741,0.181925
6.904,0.183569,0.184883,0.180775,0.182404,0.182596,0.181781
6.905,0.183444,0.184748,0.180648,0.182269,0.182450,0.181645
6.906,0.183318,0.184613,0.180541,0.182132,0.182314,0.181499
6.907,0.183191,0.184495,0.180422,0.181994,0.182176,0.181361
6.908,0.183072,0.184366,0.180311,0.181855,0.182037,0.181232
6.909,0.182953,0.184237,0.180200,0.181725,0.181908,0.181102
6.910,0.182842,0.184117,0.180089,0.181594,0.181776,0.180971
6.911,0.182720,0.184005,0.179976,0.181462,0.181634,0.180838
6.912,0.182607,0.183882,0.179852,0.181319,0.181501,0.180695
6.913,0.182483,0.183758,0.179737,0.181185,0.181357,0.180561
6.914,0.182368,0.183643,0.179612,0.181040,0.181222,0.180417
6.915,0.182243,0.183518,0.179495,0.180894,0.181077,0.180271
6.916,0.182116,0.183391,0.179366,0.180747,0.180930,0.180134
6.917,0.181989,0.183264,0.179248,0.180609,0.180781,0.179986
6.918,0.181860,0.183136,0.179128,0.180471,0.180642,0.179847
6.919,0.181741,0.183005,0.179017,0.180330,0.180503,0.179706
6.920,0.181619,0.182885,0.178904,0.180189,0.180362,0.179575
6.921,0.181497,0.182753,0.178791,0.180057,0.180229,0.179443
6.922,0.181374,0.182630,0.178677,0.179913,0.180095,0.179309
6.923,0.181260,0.182516,0.178570,0.179788,0.179960,0.179175
6.924,0.181145,0.182390,0.178464,0.179652,0.179835,0.179048
6.925,0.181028,0.182274,0.178356,0.179526,0.179698,0.178922
6.926,0.180920,0.182156,0.178237,0.179388,0.179570,0.178784
6.927,0.180802,0.182048,0.178118,0.179249,0.179422,0.178645
6.928,0.180682,0.181928,0.177997,0.179110,0.179282,0.178506
6.929,0.180562,0.181808,0.177876,0.178960,0.179142,0.178365
6.930,0.180441,0.181677,0.177744,0.178818,0.178991,0.178214
6.931,0.180308,0.181555,0.177621,0.178666,0.178838,0.178071
6.932,0.180175,0.181431,0.177506,0.178522,0.178695,0.177927
6.933,0.180051,0.181288,0.177390,0.178387,0.178560,0.177792
6.934,0.179925,0.181162,0.177274,0.178251,0.178414,0.177656
6.935,0.179799,0.181036,0.177156,0.178114,0.178277,0.177520
6.936,0.179681,0.180908,0.177047,0.177976,0.178139,0.177382
6.937,0.179562,0.180790,0.176936,0.177847,0.178010,0.177252
6.938,0.179443,0.180661,0.176825,0.177717,0.177869,0.177122
6.939,0.179322,0.180549,0.176703,0.177584,0.177738,0.176991
6.940,0.179209,0.180427,0.176590,0.177452,0.177606,0.176858
6.941,0.179087,0.180304,0.176475,0.177310,0.177463,0.176715
6.942,0.178973,0.180190,0.176351,0.177175,0.177319,0.176580
6.943,0.178847,0.180065,0.176234,0.177030,0.177174,0.176436
6.944,0.178722,0.179940,0.176108,0.176894,0.177028,0.176300
6.945,0.178595,0.179812,0.175989,0.176747,0.176891,0.176152
6.946,0.178467,0.179685,0.175870,0.176608,0.176742,0.176013
6.947,0.178338,0.179556,0.175750,0.176469,0.176593,0.175875
6.948,0.178209,0.179426,0.175629,0.176328,0.176463,0.175734
6.949,0.178087,0.179296,0.175516,0.176196,0.176321,0.175592
6.950,0.177965,0.179163,0.175402,0.176055,0.176179,0.175460
6.951,0.177841,0.179040,0.175288,0.175930,0.176045,0.175326
6.952,0.177718,0.178916,0.175181,0.175795,0.175910,0.175201
6.953,0.177602,0.178801,0.175065,0.175669,0.175784,0.175065
6.954,0.177486,0.178675,0.174957,0.175532,0.175648,0.174938
6.955,0.177368,0.178557,0.174847,0.175404,0.175519,0.174800
6.956,0.177259,0.178448,0.174728,0.175265,0.175370,0.174661
6.957,0.177139,0.178328,0.174607,0.175126,0.175230,0.174522
6.958,0.177009,0.178207,0.174486,0.174984,0.175090,0.174381
6.959,0.176887,0.178076,0.174354,0.174833,0.174938,0.174238
6.960,0.176764,0.177953,0.174239,0.174690,0.174796,0.174096
6.961,0.176631,0.177830,0.174115,0.174547,0.174651,0.173962
6.962,0.176507,0.177695,0.173999,0.174411,0.174517,0.173826
6.963,0.176381,0.177570,0.173891,0.174285,0.174381,0.173690
6.964,0.176264,0.177434,0.173783,0.174147,0.174253,0.173562
6.965,0.176145,0.177315,0.173663,0.174019,0.174115,0.173434
6.966,0.176027,0.177197,0.173563,0.173889,0.173994,0.173304
6.967,0.175916,0.177076,0.173451,0.173759,0.173863,0.173174
6.968,0.175805,0.176964,0.173339,0.173636,0.173732,0.173051
6.969,0.175683,0.176853,0.173235,0.173503,0.173599,0.172918
6.970,0.175569,0.176729,0.173121,0.173370,0.173466,0.172785
6.971,0.175455,0.176614,0.173005,0.173235,0.173321,0.172651
6.972,0.175340,0.176500,0.172879,0.173090,0.173186,0.172515
6.973,0.175213,0.176383,0.172772,0.172953,0.173050,0.172378
6.974,0.175096,0.176256,0.172644,0.172816,0.172902,0.172240
6.975,0.174968,0.176128,0.172534,0.172687,0.172764,0.172102
6.976,0.174848,0.176008,0.172413,0.172547,0.172624,0.171962
6.977,0.174728,0.175878,0.172301,0.172406,0.172483,0.171831
6.978,0.174597,0.175757,0.172178,0.172275,0.172351,0.171699
6.979,0.174474,0.175625,0.172064,0.172151,0.172218,0.171566
6.980,0.174361,0.175501,0.171959,0.172016,0.172084,0.171432
6.981,0.174236,0.175386,0.171844,0.171882,0.171949,0.171306
6.982,0.174120,0.175261,0.171736,0.171756,0.171822,0.171180
6.983,0.174003,0.175134,0.171628,0.171627,0.171695,0.171052
6.984,0.173885,0.175026,0.171518,0.171499,0.171557,0.170924
6.985,0.173776,0.174908,0.171399,0.171369,0.171418,0.170785
6.986,0.173656,0.174787,0.171287,0.171230,0.171288,0.170645
6.987,0.173535,0.174667,0.171166,0.171088,0.171137,0.170504
6.988,0.173413,0.174554,0.171042,0.170947,0.170994,0.170362
6.989,0.173291,0.174421,0.170918,0.170804,0.170852,0.170219
6.990,0.173157,0.174298,0.170794,0.170669,0.170707,0.170084
6.991,0.173032,0.174163,0.170668,0.170533,0.170572,0.169949
6.992,0.172896,0.174028,0.170560,0.170397,0.170435,0.169813
6.993,0.172770,0.173901,0.170442,0.170260,0.170298,0.169685
6.994,0.172652,0.173773,0.170332,0.170131,0.170170,0.169546
6.995,0.172532,0.173654,0.170212,0.170001,0.170040,0.169426
6.996,0.172412,0.173534,0.170109,0.169880,0.169909,0.169295
6.997,0.172300,0.173412,0.169997,0.169748,0.169786,0.169173
6.998,0.172188,0.173290,0.169893,0.169615,0.169653,0.169040
6.999,0.172074,0.173176,0.169778,0.169491,0.169519,0.168916
7.000,0.171958,0.173061,0.169672,0.169355,0.169394,0.168780
7.001,0.171843,0.172946,0.169555,0.169220,0.169258,0.168654
7.002,0.171726,0.172829,0.169437,0.169083,0.169121,0.168517
7.003,0.171609,0.172711,0.169319,0.168954,0.168983,0.168389
7.004,0.171490,0.172583,0.169208,0.168816,0.168854,0.168250
7.005,0.171370,0.172464,0.169098,0.168685,0.168724,0.168120
7.006,0.171249,0.172342,0.168976,0.168545,0.168583,0.167988
7.007,0.171128,0.172221,0.168863,0.168412,0.168450,0.167856
7.008,0.171014,0.172098,0.168748,0.168279,0.168318,0.167733
7.009,0.170891,0.171975,0.168643,0.168154,0.168193,0.167598
7.010,0.170776,0.171859,0.168537,0.168018,0.168067,0.167473
7.011,0.170659,0.171733,0.168419,0.167892,0.167940,0.167346
7.012,0.170543,0.171626,0.168320,0.167774,0.167813,0.167228
7.013,0.170434,0.171508,0.168211,0.167645,0.167693,0.167099
7.014,0.170325,0.171389,0.168110,0.167515,0.167564,0.166979
7.015,0.170214,0.171278,0.167999,0.167385,0.167433,0.166848
7.016,0.170102,0.171167,0.167886,0.167253,0.167301,0.166716
7.017,0.169990,0.171054,0.167773,0.167120,0.167159,0.166574
7.018,0.169867,0.170941,0.167658,0.166987,0.167025,0.166440
7.019,0.169752,0.170817,0.167532,0.166842,0.166872,0.166296
7.020,0.169627,0.170692,0.167406,0.166707,0.166735,0.166160
7.021,0.169492,0.170566,0.167289,0.166570,0.166599,0.166024
7.022,0.169364,0.170438,0.167171,0.166442,0.166471,0.165895
7.023,0.169246,0.170310,0.167060,0.166313,0.166332,0.165766
7.024,0.169117,0.170181,0.166950,0.166183,0.166202,0.165637
7.025,0.168996,0.170060,0.166838,0.166051,0.166071,0.165505
7.026,0.168884,0.169939,0.166725,0.165929,0.165948,0.165383
7.027,0.168762,0.169816,0.166621,0.165805,0.165825,0.165259
7.028,0.168648,0.169693,0.166505,0.165681,0.165700,0.165135
7.029,0.168532,0.169577,0.166399,0.165555,0.165565,0.164999
7.030,0.168427,0.169462,0.166292,0.165429,0.165439,0.164873
7.031,0.168309,0.169345,0.166183,0.165292,0.165301,0.164746
7.032,0.168191,0.169227,0.166064,0.165163,0.165172,0.164607
7.033,0.168073,0.169108,0.165944,0.165024,0.165034,0.164478
7.034,0.167953,0.168988,0.165834,0.164893,0.164903,0.164347
7.035,0.167832,0.168867,0.165721,0.164762,0.164772,0.164215
7.036,0.167710,0.168745,0.165598,0.164629,0.164639,0.164073
7.037,0.167587,0.168622,0.165484,0.164496,0.164506,0.163949
7.038,0.167472,0.168498,0.165368,0.164361,0.164371,0.163815
7.039,0.167347,0.168373,0.165261,0.164235,0.164245,0.163689
7.040,0.167231,0.168248,0.165153,0.164109,0.164118,0.163562
7.041,0.167114,0.168130,0.165045,0.163981,0.163990,0.163444
7.042,0.167005,0.168011,0.164935,0.163861,0.163871,0.163314
7.043,0.166885,0.167902,0.164834,0.163731,0.163751,0.163194
7.044,0.166775,0.167782,0.164722,0.163610,0.163629,0.163073
7.045,0.166663,0.167670,0.164629,0.163487,0.163507,0.162960
7.046,0.166560,0.167557,0.164514,0.163364,0.163374,0.162827
7.047,0.166446,0.167443,0.164410,0.163230,0.163249,0.162702
7.048,0.166341,0.167338,0.164303,0.163095,0.163115,0.162568
7.049,0.166225,0.167223,0.164187,0.162959,0.162979,0.162441
7.050,0.166108,0.167105,0.164069,0.162823,0.162841,0.162305
7.051,0.165991,0.166987,0.163959,0.162694,0.162714,0.162167
7.052,0.165872,0.166869,0.163840,0.162555,0.162574,0.162037
7.053,0.165742,0.166740,0.163729,0.162434,0.162444,0.161916
7.054,0.165621,0.166619,0.163616,0.162303,0.162322,0.161786
7.055,0.165509,0.166497,0.163503,0.162180,0.162199,0.161663
7.056,0.165387,0.166374,0.163398,0.162057,0.162066,0.161539
7.057,0.165273,0.166251,0.163293,0.161932,0.161950,0.161424
7.058,0.165167,0.166136,0.163186,0.161806,0.161825,0.161298
7.059,0.165051,0.166028,0.163079,0.161689,0.161707,0.161181
7.060,0.164944,0.165901,0.162980,0.161561,0.161580,0.161053
7.061,0.164834,0.165793,0.162870,0.161441,0.161451,0.160933
7.062,0.164725,0.165684,0.162760,0.161312,0.161322,0.160804
7.063,0.164605,0.165573,0.162648,0.161181,0.161191,0.160673
7.064,0.164493,0.165452,0.162535,0.161050,0.161059,0.160542
7.065,0.164371,0.165339,0.162422,0.160916,0.160926,0.160408
7.066,0.164257,0.165216,0.162307,0.160793,0.160792,0.160275
7.067,0.164133,0.165091,0.162201,0.160657,0.160658,0.160149
7.068,0.164017,0.164967,0.162084,0.160532,0.160521,0.160014
7.069,0.163892,0.164851,0.161967,0.160404,0.160395,0.159886
7.070,0.163774,0.164723,0.161858,0.160267,0.160266,0.159759
7.071,0.163655,0.164604,0.161748,0.160147,0.160138,0.159639
7.072,0.163536,0.164475,0.161637,0.160016,0.160007,0.159508
7.073,0.163424,0.164364,0.161525,0.159895,0.159885,0.159386
7.074,0.163303,0.164242,0.161421,0.159773,0.159763,0.159265
7.075,0.163190,0.164120,0.161307,0.159649,0.159639,0.159141
7.076,0.163076,0.164006,0.161211,0.159524,0.159515,0.159026
7.077,0.162971,0.163891,0.161105,0.159408,0.159399,0.158900
7.078,0.162864,0.163775,0.160997,0.159272,0.159272,0.158774
7.079,0.162757,0.163668,0.160899,0.159145,0.159135,0.158646
7.080,0.162639,0.163559,0.160789,0.159007,0.159006,0.158518
7.081,0.162530,0.163440,0.160669,0.158877,0.158876,0.158388
7.082,0.162410,0.163329,0.160558,0.158736,0.158736,0.158247
7.083,0.162297,0.163208,0.160446,0.158605,0.158605,0.158116
7.084,0.162176,0.163087,0.160322,0.158472,0.158473,0.157993
7.085,0.162053,0.162964,0.160208,0.158349,0.158348,0.157869
7.086,0.161928,0.162839,0.160103,0.158214,0.158223,0.157744
7.087,0.161813,0.162715,0.159995,0.158088,0.158097,0.157618
7.088,0.161697,0.162598,0.159888,0.157960,0.157970,0.157500
7.089,0.161589,0.162481,0.159779,0.157843,0.157851,0.157382
7.090,0.161471,0.162362,0.159670,0.157723,0.157733,0.157263
7.091,0.161370,0.162253,0.159568,0.157592,0.157612,0.157142
7.092,0.161259,0.162132,0.159465,0.157472,0.157481,0.157021
7.093,0.161148,0.162021,0.159371,0.157349,0.157359,0.156898
7.094,0.161045,0.161917,0.159258,0.157216,0.157235,0.156775
7.095,0.160940,0.161803,0.159153,0.157091,0.157111,0.156650
7.096,0.160825,0.161698,0.159047,0.156957,0.156975,0.156525
7.097,0.160709,0.161572,0.158939,0.156830,0.156849,0.156389
7.098,0.160603,0.161465,0.158831,0.156693,0.156712,0.156262
7.099,0.160485,0.161347,0.158712,0.156565,0.156584,0.156134
7.100,0.160366,0.161228,0.158602,0.156436,0.156454,0.156004
7.101,0.160245,0.161108,0.158491,0.156304,0.156324,0.155873
7.102,0.160125,0.160988,0.158379,0.156173,0.156202,0.155751
7.103,0.160013,0.160866,0.158265,0.156050,0.156070,0.155619
7.104,0.159899,0.160753,0.158160,0.155927,0.155945,0.155505
7.105,0.159785,0.160629,0.158055,0.155792,0.155811,0.155370
7.106,0.159660,0.160513,0.157949,0.155666,0.155695,0.155254
7.107,0.159554,0.160388,0.157831,0.155549,0.155568,0.155128
7.108,0.159437,0.160280,0.157723,0.155421,0.155450,0.155009
7.109,0.159328,0.160162,0.157622,0.155302,0.155321,0.154890
7.110,0.159218,0.160042,0.157522,0.155182,0.155192,0.154769
7.111,0.159107,0.159932,0.157409,0.155051,0.155060,0.154639
7.112,0.158995,0.159820,0.157306,0.154919,0.154929,0.154507
7.113,0.158883,0.159708,0.157193,0.154777,0.154796,0.154374
7.114,0.158769,0.159594,0.157088,0.154642,0.154662,0.154240
7.115,0.158654,0.159479,0.156962,0.154508,0.154517,0.154096
7.116,0.158540,0.159354,0.156846,0.154372,0.154381,0.153970
7.117,0.158413,0.159238,0.156728,0.154235,0.154255,0.153833
7.118,0.158286,0.159110,0.156609,0.154107,0.154127,0.153714
7.119,0.158167,0.158982,0.156499,0.153978,0.153997,0.153585
7.120,0.158047,0.158853,0.156388,0.153857,0.153867,0.153464
7.121,0.157927,0.158732,0.156276,0.153726,0.153745,0.153333
7.122,0.157815,0.158611,0.156173,0.153604,0.153622,0.153220
7.123,0.157702,0.158497,0.156068,0.153479,0.153499,0.153096
7.124,0.157587,0.158383,0.155963,0.153355,0.153374,0.152981
7.125,0.157482,0.158268,0.155856,0.153229,0.153249,0.152855
7.126,0.157376,0.158152,0.155749,0.153103,0.153122,0.152729
7.127,0.157268,0.158044,0.155650,0.152975,0.153004,0.152610
7.128,0.157159,0.157936,0.155540,0.152847,0.152865,0.152482
7.129,0.157050,0.157827,0.155430,0.152716,0.152736,0.152352
7.130,0.156930,0.157706,0.155328,0.152577,0.152605,0.152222
7.131,0.156828,0.157595,0.155216,0.152445,0.152474,0.152090
7.132,0.156706,0.157473,0.155102,0.152322,0.152341,0.151967
7.133,0.156592,0.157359,0.154987,0.152188,0.152217,0.151833
7.134,0.156478,0.157245,0.154882,0.152053,0.152082,0.151708
7.135,0.156362,0.157120,0.154775,0.151927,0.151956,0.151582
7.136,0.156246,0.157003,0.154657,0.151801,0.151829,0.151455
7.137,0.156128,0.156886,0.154548,0.151672,0.151700,0.151327
7.138,0.156010,0.156767,0.154438,0.151543,0.151571,0.151208
7.139,0.155900,0.156648,0.154327,0.151413,0.151442,0.151078
7.140,0.155780,0.156537,0.154225,0.151292,0.151320,0.150956
7.141,0.155668,0.156416,0.154112,0.151169,0.151197,0.150843
7.142,0.155555,0.156302,0.154008,0.151046,0.151074,0.150720
7.143,0.155441,0.156188,0.153903,0.150921,0.150950,0.150595
7.144,0.155335,0.156074,0.153797,0.150795,0.150824,0.150469
7.145,0.155229,0.155958,0.153698,0.150659,0.150688,0.150343
7.146,0.155122,0.155851,0.153590,0.150532,0.150551,0.150206
7.147,0.155004,0.155742,0.153481,0.150394,0.150413,0.150068
7.148,0.154894,0.155623,0.153370,0.150255,0.150274,0.149938
7.149,0.154775,0.155513,0.153250,0.150114,0.150134,0.149799
7.150,0.154654,0.155392,0.153127,0.149983,0.150003,0.149667
7.151,0.154532,0.155271,0.153015,0.149850,0.149870,0.149534
7.152,0.154409,0.155147,0.152890,0.149717,0.149737,0.149401
7.153,0.154285,0.155014,0.152776,0.149592,0.149612,0.149276
7.154,0.154160,0.154889,0.152659,0.149466,0.149476,0.149151
7.155,0.154044,0.154763,0.152551,0.149330,0.149349,0.149023
7.156,0.153927,0.154646,0.152442,0.149212,0.149231,0.148905
7.157,0.153809,0.154528,0.152333,0.149083,0.149102,0.148776
7.158,0.153699,0.154408,0.152222,0.148962,0.148972,0.148655
7.159,0.153588,0.154297,0.152111,0.148831,0.148841,0.148524
7.160,0.153466,0.154176,0.152008,0.148699,0.148719,0.148402
7.161,0.153363,0.154063,0.151903,0.148566,0.148586,0.148269
7.162,0.153250,0.153950,0.151789,0.148433,0.148452,0.148135
7.163,0.153135,0.153835,0.151682,0.148298,0.148317,0.148010
7.164,0.153029,0.153719,0.151575,0.148162,0.148182,0.147875
7.165,0.152912,0.153603,0.151457,0.148035,0.148054,0.147747
7.166,0.152795,0.153484,0.151348,0.147896,0.147916,0.147609
7.167,0.152675,0.153366,0.151228,0.147767,0.147787,0.147480
7.168,0.152556,0.153246,0.151117,0.147628,0.147656,0.147350
7.169,0.152445,0.153125,0.151006,0.147496,0.147525,0.147228
7.170,0.152323,0.153004,0.150892,0.147364,0.147392,0.147096
7.171,0.152210,0.152882,0.150778,0.147240,0.147260,0.146962
7.172,0.152096,0.152767,0.150672,0.147106,0.147134,0.146838
7.173,0.151981,0.152642,0.150557,0.146971,0.147000,0.146712
7.174,0.151865,0.152526,0.150449,0.146844,0.146873,0.146585
7.175,0.151747,0.152409,0.150340,0.146716,0.146754,0.146458
7.176,0.151639,0.152290,0.150230,0.146588,0.146626,0.146338
7.177,0.151520,0.152182,0.150121,0.146467,0.146496,0.146208
7.178,0.151409,0.152061,0.150018,0.146336,0.146365,0.146087
7.179,0.151297,0.151940,0.149915,0.146195,0.146234,0.145955
7.180,0.151194,0.151827,0.149802,0.146062,0.146101,0.145822
7.181,0.151081,0.151723,0.149697,0.145919,0.145958,0.145679
7.182,0.150966,0.151609,0.149581,0.145784,0.145823,0.145544
7.183,0.150851,0.151493,0.149465,0.145639,0.145678,0.145399
7.184,0.150734,0.151377,0.149347,0.145502,0.145541,0.145263
7.185,0.150617,0.151250,0.149228,0.145365,0.145404,0.145125
7.186,0.150489,0.151132,0.149109,0.145226,0.145264,0.144996
7.187,0.150370,0.151002,0.148989,0.145096,0.145134,0.144865
7.188,0.150239,0.150872,0.148866,0.144965,0.145003,0.144735
7.189,0.150118,0.150741,0.148744,0.144833,0.144871,0.144603
7.190,0.149985,0.150618,0.148631,0.144699,0.144738,0.144469
7.191,0.149871,0.150495,0.148515,0.144566,0.144613,0.144345
7.192,0.149747,0.150370,0.148400,0.144440,0.144478,0.144219
7.193,0.149631,0.150254,0.148292,0.144313,0.144351,0.144093
7.194,0.149514,0.150127,0.148174,0.144176,0.144215,0.143956
7.195,0.149396,0.150010,0.148075,0.144047,0.144086,0.143827
7.196,0.149287,0.149891,0.147964,0.143908,0.143947,0.143697
7.197,0.149176,0.149780,0.147852,0.143778,0.143806,0.143558
7.198,0.149065,0.149659,0.147730,0.143637,0.143675,0.143426
7.199,0.148943,0.149547,0.147617,0.143495,0.143533,0.143293
7.200,0.148830,0.149424,0.147502,0.143361,0.143400,0.143150
7.201,0.148715,0.149300,0.147387,0.143226,0.143265,0.143015
7.202,0.148590,0.149185,0.147271,0.143081,0.143120,0.142880
7.203,0.148474,0.149059,0.147153,0.142945,0.142983,0.142743
7.204,0.148347,0.148932,0.147035,0.142807,0.142855,0.142616
7.205,0.148229,0.148814,0.146916,0.142669,0.142716,0.142477
7.206,0.148110,0.148684,0.146805,0.142529,0.142577,0.142347
7.207,0.147988,0.148564,0.146684,0.142398,0.142446,0.142216
7.208,0.147867,0.148443,0.146571,0.142257,0.142314,0.142084
7.209,0.147755,0.148321,0.146457,0.142133,0.142181,0.141951
7.210,0.147631,0.148197,0.146342,0.141999,0.142057,0.141827
7.211,0.147516,0.148073,0.146236,0.141865,0.141931,0.141702
7.212,0.147400,0.147956,0.146119,0.141728,0.141796,0.141575
7.213,0.147284,0.147840,0.146002,0.141600,0.141668,0.141448
7.214,0.147166,0.147722,0.145892,0.141463,0.141531,0.141310
7.215,0.147057,0.147604,0.145792,0.141324,0.141391,0.141180
7.216,0.146946,0.147484,0.145681,0.141185,0.141251,0.141041
7.217,0.146835,0.147372,0.145568,0.141043,0.141110,0.140899
7.218,0.146724,0.147251,0.145455,0.140892,0.140969,0.140757
7.219,0.146601,0.147138,0.145341,0.140748,0.140825,0.140614
7.220,0.146486,0.147014,0.145216,0.140604,0.140681,0.140480
7.221,0.146361,0.146898,0.145100,0.140469,0.140546,0.140335
7.222,0.146235,0.146773,0.144973,0.140333,0.140410,0.140198
7.223,0.146109,0.146646,0.144846,0.140195,0.140272,0.140071
7.224,0.145981,0.146508,0.144727,0.140057,0.140134,0.139932
7.225,0.145852,0.146380,0.144606,0.139927,0.140004,0.139803
7.226,0.145732,0.146250,0.144485,0.139787,0.139863,0.139672
7.227,0.145602,0.146129,0.144372,0.139656,0.139732,0.139541
7.228,0.145479,0.145997,0.144259,0.139522,0.139599,0.139407
7.229,0.145365,0.145883,0.144144,0.139398,0.139466,0.139283
7.230,0.145241,0.145759,0.144028,0.139254,0.139330,0.139149
7.231,0.145125,0.145634,0.143912,0.139118,0.139195,0.139012
7.232,0.145009,0.145517,0.143804,0.138982,0.139058,0.138876
7.233,0.144892,0.145399,0.143686,0.138843,0.138920,0.138738
7.234,0.144773,0.145281,0.143575,0.138704,0.138781,0.138600
7.235,0.144653,0.145161,0.143454,0.138565,0.138632,0.138460
7.236,0.144533,0.145041,0.143333,0.138424,0.138491,0.138328
7.237,0.144411,0.144910,0.143220,0.138282,0.138359,0.138186
7.238,0.144298,0.144787,0.143096,0.138140,0.138216,0.138044
7.239,0.144165,0.144663,0.142971,0.138005,0.138073,0.137910
7.240,0.144040,0.144539,0.142855,0.137861,0.137938,0.137774
7.241,0.143915,0.144404,0.142728,0.137724,0.137801,0.137638
7.242,0.143798,0.144277,0.142611,0.137587,0.137664,0.137501
7.243,0.143670,0.144149,0.142492,0.137449,0.137526,0.137372
7.244,0.143551,0.144030,0.142371,0.137310,0.137387,0.137233
7.245,0.143421,0.143901,0.142250,0.137179,0.137256,0.137102
7.246,0.143300,0.143770,0.142138,0.137048,0.137124,0.136971
7.247,0.143179,0.143647,0.142015,0.136914,0.136991,0.136839
7.248,0.143055,0.143525,0.141901,0.136781,0.136858,0.136714
7.249,0.142941,0.143401,0.141785,0.136647,0.136733,0.136580
7.250,0.142816,0.143286,0.141669,0.136511,0.136597,0.136454
7.251,0.142699,0.143159,0.141562,0.136374,0.136451,0.136317
7.252,0.142582,0.143032,0.141443,0.136227,0.136313,0.136179
7.253,0.142473,0.142914,0.141333,0.136088,0.136175,0.136040
7.254,0.142353,0.142804,0.141222,0.135940,0.136025,0.135901
7.255,0.142243,0.142683,0.141110,0.135799,0.135885,0.135751
7.256,0.142121,0.142562,0.140988,0.135647,0.135734,0.135609
7.257,0.141998,0.142440,0.140874,0.135505,0.135600,0.135467
7.258,0.141885,0.142316,0.140749,0.135361,0.135458,0.135333
7.259,0.141751,0.142192,0.140624,0.135226,0.135322,0.135197
7.260,0.141625,0.142057,0.140498,0.135090,0.135186,0.135061
7.261,0.141499,0.141930,0.140370,0.134953,0.135049,0.134924
7.262,0.141362,0.141793,0.140251,0.134815,0.134911,0.134797
7.263,0.141233,0.141665,0.140122,0.134676,0.134781,0.134657
7.264,0.141113,0.141535,0.140001,0.134545,0.134651,0.134526
7.265,0.140983,0.141405,0.139889,0.134414,0.134510,0.134395
7.266,0.140861,0.141283,0.139766,0.134282,0.134378,0.134262
7.267,0.140738,0.141160,0.139651,0.134139,0.134235,0.134129
7.268,0.140624,0.141037,0.139526,0.134005,0.134100,0.133985
7.269,0.140500,0.140912,0.139420,0.133869,0.133965,0.133860
7.270,0.140383,0.140786,0.139303,0.133723,0.133819,0.133713
7.271,0.140266,0.140669,0.139184,0.133586,0.133681,0.133576
7.272,0.140138,0.140551,0.139065,0.133447,0.133543,0.133437
7.273,0.140018,0.140421,0.138945,0.133308,0.133404,0.133298
7.274,0.139899,0.140302,0.138824,0.133167,0.133263,0.133157
7.275,0.139767,0.140170,0.138701,0.133026,0.133121,0.133026
7.276,0.139646,0.140048,0.138579,0.132883,0.132979,0.132883
7.277,0.139522,0.139915,0.138454,0.132750,0.132845,0.132740
7.278,0.139397,0.139791,0.138328,0.132615,0.132700,0.132615
7.279,0.139263,0.139657,0.138212,0.132469,0.132565,0.132469
7.280,0.139137,0.139530,0.138085,0.132332,0.132428,0.132342
7.281,0.139009,0.139403,0.137966,0.132204,0.132290,0.132204
7.282,0.138881,0.139274,0.137837,0.132065,0.132151,0.132065
7.283,0.138761,0.139145,0.137716,0.131925,0.132021,0.131935
7.284,0.138631,0.139015,0.137595,0.131794,0.131890,0.131803
7.285,0.138509,0.138893,0.137472,0.131661,0.131758,0.131681
7.286,0.138387,0.138761,0.137358,0.131528,0.131624,0.131547
7.287,0.138263,0.138637,0.137243,0.131394,0.131490,0.131413
7.288,0.138148,0.138513,0.137117,0.131259,0.131355,0.131288
7.289,0.138023,0.138387,0.137000,0.131113,0.131218,0.131142
7.290,0.137896,0.138260,0.136882,0.130976,0.131072,0.131004
7.291,0.137777,0.138142,0.136772,0.130828,0.130934,0.130866
7.292,0.137668,0.138023,0.136652,0.130689,0.130784,0.130727
7.293,0.137549,0.137893,0.136531,0.130539,0.130635,0.130577
7.294,0.137427,0.137772,0.136418,0.130388,0.130493,0.130436
7.295,0.137305,0.137650,0.136296,0.130246,0.130351,0.130294
7.296,0.137172,0.137527,0.136171,0.130103,0.130208,0.130151
7.297,0.137048,0.137393,0.136036,0.129968,0.130074,0.130016
7.298,0.136914,0.137259,0.135911,0.129822,0.129928,0.129880
7.299,0.136787,0.137123,0.135774,0.129685,0.129801,0.129744
7.300,0.136650,0.136996,0.135646,0.129558,0.129663,0.129616
7.301,0.136513,0.136848,0.135516,0.129419,0.129525,0.129477
7.302,0.136384,0.136720,0.135386,0.129279,0.129395,0.129347
7.303,0.136254,0.136590,0.135265,0.129148,0.129264,0.129215
7.304,0.136123,0.136459,0.135143,0.129007,0.129122,0.129083
7.305,0.136000,0.136326,0.135019,0.128874,0.128989,0.128941
7.306,0.135877,0.136203,0.134904,0.128740,0.128855,0.128807
7.307,0.135752,0.136079,0.134778,0.128595,0.128720,0.128672
7.308,0.135627,0.135953,0.134662,0.128459,0.128573,0.128536
7.309,0.135501,0.135826,0.134544,0.128321,0.128437,0.128398
7.310,0.135382,0.135699,0.134416,0.128183,0.128299,0.128260
7.311,0.135254,0.135570,0.134295,0.128035,0.128160,0.128112
7.312,0.135134,0.135451,0.134175,0.127894,0.128019,0.127981
7.313,0.135003,0.135320,0.134052,0.127754,0.127879,0.127840
7.314,0.134882,0.135189,0.133930,0.127622,0.127736,0.127698
7.315,0.134749,0.135056,0.133797,0.127478,0.127603,0.127564
7.316,0.134616,0.134922,0.133671,0.127343,0.127459,0.127421
7.317,0.134490,0.134797,0.133545,0.127208,0.127324,0.127285
7.318,0.134355,0.134662,0.133419,0.127071,0.127187,0.127148
7.319,0.134228,0.134535,0.133291,0.126935,0.127049,0.127021
7.320,0.134100,0.134397,0.133171,0.126796,0.126910,0.126882
7.321,0.133972,0.134269,0.133041,0.126666,0.126772,0.126742
7.322,0.133842,0.134139,0.132911,0.126525,0.126640,0.126611
7.323,0.133711,0.134008,0.132788,0.126393,0.126499,0.126479
7.324,0.133588,0.133876,0.132665,0.126270,0.126375,0.126346
7.325,0.133455,0.133753,0.132541,0.126136,0.126242,0.126222
7.326,0.133331,0.133619,0.132415,0.126001,0.126107,0.126087
7.327,0.133206,0.133493,0.132299,0.125865,0.125971,0.125961
7.328,0.133079,0.133367,0.132171,0.125728,0.125834,0.125824
7.329,0.132952,0.133230,0.132052,0.125591,0.125686,0.125686
7.330,0.132824,0.133101,0.131933,0.125451,0.125547,0.125548
7.331,0.132704,0.132982,0.131812,0.125302,0.125398,0.125398
7.332,0.132583,0.132861,0.131690,0.125161,0.125257,0.125257
7.333,0.132462,0.132730,0.131567,0.125009,0.125105,0.125115
7.334,0.132338,0.132607,0.131443,0.124876,0.124963,0.124972
7.335,0.132215,0.132484,0.131319,0.124733,0.124818,0.124829
7.336,0.132080,0.132349,0.131193,0.124587,0.124684,0.124683
7.337,0.131945,0.132214,0.131067,0.124460,0.124547,0.124556
7.338,0.131818,0.132077,0.130929,0.124324,0.124409,0.124419
7.339,0.131682,0.131950,0.130801,0.124185,0.124271,0.124281
7.340,0.131543,0.131811,0.130661,0.124055,0.124141,0.124151
7.341,0.131403,0.131662,0.130530,0.123915,0.124001,0.124011
7.342,0.131273,0.131531,0.130398,0.123783,0.123869,0.123879
7.343,0.131132,0.131400,0.130275,0.123651,0.123737,0.123746
7.344,0.131009,0.131258,0.130151,0.123517,0.123594,0.123613
7.345,0.130875,0.131134,0.130026,0.123382,0.123459,0.123478
7.346,0.130750,0.130999,0.129899,0.123246,0.123323,0.123342
7.347,0.130623,0.130873,0.129772,0.123110,0.123187,0.123205
7.348,0.130496,0.130746,0.129654,0.122972,0.123038,0.123068
7.349,0.130368,0.130618,0.129525,0.122833,0.122900,0.122929
7.350,0.130239,0.130488,0.129405,0.122702,0.122760,0.122789
7.351,0.130108,0.130358,0.129283,0.122562,0.122620,0.122648
7.352,0.129987,0.130227,0.129150,0.122430,0.122487,0.122516
7.353,0.129855,0.130105,0.129027,0.122287,0.122345,0.122373
7.354,0.129721,0.129971,0.128893,0.122153,0.122201,0.122239
7.355,0.129597,0.129837,0.128767,0.122018,0.122066,0.122105
7.356,0.129462,0.129701,0.128641,0.121882,0.121930,0.121958
7.357,0.129326,0.129566,0.128513,0.121745,0.121792,0.121822
7.358,0.129188,0.129438,0.128384,0.121616,0.121655,0.121693
7.359,0.129060,0.129300,0.128255,0.121477,0.121515,0.121553
7.360,0.128921,0.129170,0.128125,0.121347,0.121384,0.121423
7.361,0.128790,0.129030,0.127993,0.121215,0.121243,0.121292
7.362,0.128659,0.128899,0.127870,0.121082,0.121111,0.121159
7.363,0.128526,0.128766,0.127737,0.120948,0.120978,0.121025
7.364,0.128393,0.128633,0.127612,0.120823,0.120843,0.120890
7.365,0.128258,0.128498,0.127486,0.120697,0.120717,0.120764
7.366,0.128132,0.128372,0.127359,0.120561,0.120580,0.120637
7.367,0.128005,0.128235,0.127240,0.120433,0.120443,0.120500
7.368,0.127877,0.128107,0.127112,0.120304,0.120314,0.120371
7.369,0.127748,0.127978,0.126991,0.120165,0.120174,0.120241
7.370,0.127618,0.127849,0.126860,0.120034,0.120034,0.120101
7.371,0.127488,0.127718,0.126737,0.119892,0.119892,0.119959
7.372,0.127356,0.127595,0.126614,0.119749,0.119749,0.119816
7.373,0.127232,0.127462,0.126499,0.119606,0.119606,0.119673
7.374,0.127117,0.127338,0.126374,0.119462,0.119451,0.119529
7.375,0.126983,0.127212,0.126248,0.119325,0.119316,0.119383
7.376,0.126856,0.127086,0.126130,0.119179,0.119169,0.119246
7.377,0.126729,0.126958,0.125992,0.119041,0.119031,0.119108
7.378,0.126590,0.126821,0.125872,0.118912,0.118892,0.118969
7.379,0.126462,0.126691,0.125731,0.118771,0.118762,0.118829
7.380,0.126321,0.126551,0.125601,0.118640,0.118621,0.118697
7.381,0.126190,0.126410,0.125468,0.118508,0.118488,0.118566
7.382,0.126048,0.126268,0.125325,0.118374,0.118356,0.118432
7.383,0.125905,0.126126,0.125190,0.118240,0.118221,0.118297
7.384,0.125770,0.125991,0.125056,0.118114,0.118086,0.118162
7.385,0.125635,0.125856,0.124929,0.117977,0.117949,0.118025
7.386,0.125498,0.125719,0.124801,0.117840,0.117821,0.117898
7.387,0.125371,0.125591,0.124672,0.117711,0.117683,0.117759
7.388,0.125232,0.125453,0.124552,0.117572,0.117543,0.117620
7.389,0.125103,0.125323,0.124421,0.117441,0.117413,0.117489
7.390,0.124972,0.125192,0.124289,0.117300,0.117272,0.117348
7.391,0.124850,0.125061,0.124166,0.117167,0.117138,0.117215
7.392,0.124717,0.124927,0.124042,0.117033,0.116995,0.117081
7.393,0.124592,0.124803,0.123917,0.116889,0.116860,0.116937
7.394,0.124458,0.124669,0.123790,0.116763,0.116724,0.116801
7.395,0.124332,0.124543,0.123663,0.116626,0.116587,0.116664
7.396,0.124194,0.124406,0.123525,0.116488,0.116450,0.116526
7.397,0.124057,0.124268,0.123406,0.116349,0.116311,0.116397
7.398,0.123927,0.124138,0.123265,0.116219,0.116172,0.116258
7.399,0.123788,0.123999,0.123135,0.116088,0.116040,0.116116
7.400,0.123666,0.123868,0.123012,0.115946,0.115898,0.115985
7.401,0.123525,0.123735,0.122878,0.115813,0.115765,0.115851
7.402,0.123391,0.123602,0.122754,0.115678,0.115631,0.115717
7.403,0.123257,0.123468,0.122619,0.115553,0.115495,0.115581
7.404,0.123122,0.123333,0.122492,0.115417,0.115359,0.115446
7.405,0.122995,0.123196,0.122365,0.115280,0.115231,0.115318
7.406,0.122858,0.123068,0.122236,0.115151,0.115093,0.115180
7.407,0.122720,0.122931,0.122106,0.115022,0.114963,0.115050
7.408,0.122590,0.122802,0.121976,0.114891,0.114833,0.114920
7.409,0.122460,0.122670,0.121844,0.114759,0.114692,0.114788
7.410,0.122328,0.122538,0.121721,0.114627,0.114559,0.114656
7.411,0.122195,0.122406,0.121588,0.114492,0.114426,0.114531
7.412,0.122071,0.122272,0.121463,0.114358,0.114291,0.114387
7.413,0.121937,0.122138,0.121336,0.114223,0.114146,0.114251
7.414,0.121801,0.122012,0.121209,0.114077,0.114009,0.114115
7.415,0.121674,0.121875,0.121082,0.113939,0.113862,0.113967
7.416,0.121546,0.121747,0.120952,0.113791,0.113723,0.113819
7.417,0.121427,0.121618,0.120832,0.113651,0.113574,0.113679
7.418,0.121287,0.121488,0.120701,0.113501,0.113424,0.113530
7.419,0.121166,0.121357,0.120579,0.113368,0.113282,0.113388
7.420,0.121033,0.121225,0.120436,0.113226,0.113149,0.113246
7.421,0.120890,0.121082,0.120301,0.113092,0.113016,0.113111
7.422,0.120757,0.120949,0.120167,0.112957,0.112880,0.112976
7.423,0.120622,0.120804,0.120031,0.112820,0.112744,0.112840
7.424,0.120476,0.120668,0.119893,0.112684,0.112616,0.112713
7.425,0.120339,0.120521,0.119755,0.112556,0.112478,0.112584
7.426,0.120192,0.120383,0.119607,0.112416,0.112350,0.112445
7.427,0.120043,0.120235,0.119476,0.112286,0.112219,0.112315
7.428,0.119912,0.120095,0.119335,0.112155,0.112088,0.112183
7.429,0.119771,0.119954,0.119203,0.112022,0.111954,0.112051
7.430,0.119639,0.119821,0.119069,0.111889,0.111821,0.111918
7.431,0.119506,0.119687,0.118945,0.111754,0.111677,0.111783
7.432,0.119370,0.119553,0.118809,0.111609,0.111551,0.111637
7.433,0.119235,0.119417,0.118683,0.111482,0.111415,0.111511
7.434,0.119108,0.119291,0.118554,0.111335,0.111268,0.111374
7.435,0.118981,0.119154,0.118426,0.111196,0.111139,0.111235
7.436,0.118851,0.119024,0.118306,0.111067,0.111000,0.111095
7.437,0.118722,0.118895,0.118174,0.110927,0.110868,0.110965
7.438,0.118582,0.118754,0.118043,0.110794,0.110728,0.110823
7.439,0.118459,0.118622,0.117910,0.110652,0.110594,0.110691
7.440,0.118327,0.118489,0.117775,0.110518,0.110461,0.110556
7.441,0.118192,0.118356,0.117651,0.110383,0.110326,0.110421
7.442,0.118057,0.118220,0.117515,0.110257,0.110190,0.110286
7.443,0.117922,0.118084,0.117377,0.110120,0.110053,0.110149
7.444,0.117785,0.117948,0.117250,0.109982,0.109925,0.110020
7.445,0.117647,0.117820,0.117120,0.109853,0.109786,0.109881
7.446,0.117517,0.117681,0.116980,0.109722,0.109655,0.109751
7.447,0.117377,0.117541,0.116849,0.109592,0.109524,0.109621
7.448,0.117246,0.117409,0.116726,0.109450,0.109382,0.109488
7.449,0.117114,0.117277,0.116593,0.109317,0.109249,0.109355
7.450,0.116981,0.117144,0.116459,0.109191,0.109115,0.109220
7.451,0.116846,0.117009,0.116333,0.109056,0.108989,0.109085
7.452,0.116711,0.116874,0.116207,0.108929,0.108863,0.108958
7.453,0.116575,0.116738,0.116069,0.108802,0.108726,0.108831
7.454,0.116448,0.116611,0.115940,0.108664,0.108596,0.108702
7.455,0.116310,0.116472,0.115811,0.108534,0.108467,0.108572
7.456,0.116179,0.116342,0.115689,0.108403,0.108336,0.108442
7.457,0.116049,0.116202,0.115558,0.108262,0.108195,0.108301
7.458,0.115917,0.116070,0.115426,0.108129,0.108062,0.108167
7.459,0.115784,0.115938,0.115292,0.107986,0.107919,0.108025
7.460,0.115651,0.115804,0.115167,0.107851,0.107775,0.107880
7.461,0.115526,0.115670,0.115041,0.107706,0.107639,0.107744
7.462,0.115399,0.115543,0.114913,0.107560,0.107492,0.107598
7.463,0.115263,0.115407,0.114786,0.107422,0.107346,0.107451
7.464,0.115135,0.115279,0.114656,0.107273,0.107207,0.107312
7.465,0.115005,0.115149,0.114526,0.107135,0.107067,0.107163
7.466,0.114865,0.115009,0.114395,0.106994,0.106926,0.107022
7.467,0.114735,0.114869,0.114253,0.106862,0.106794,0.106890
7.468,0.114593,0.114737,0.114120,0.106728,0.106662,0.106757
7.469,0.114451,0.114595,0.113976,0.106594,0.106527,0.106623
7.470,0.114307,0.114451,0.113841,0.106469,0.106401,0.106488
7.471,0.114172,0.114306,0.113695,0.106333,0.106265,0.106352
7.472,0.114017,0.114160,0.113559,0.106196,0.106128,0.106215
7.473,0.113879,0.114013,0.113421,0.106067,0.106000,0.106086
7.474,0.113741,0.113875,0.113282,0.105937,0.105861,0.105956
7.475,0.113592,0.113727,0.113141,0.105797,0.105731,0.105817
7.476,0.113462,0.113597,0.113010,0.105665,0.105598,0.105685
7.477,0.113330,0.113464,0.112887,0.105533,0.105457,0.105552
7.478,0.113188,0.113323,0.112753,0.105400,0.105323,0.105410
7.479,0.113065,0.113189,0.112629,0.105265,0.105189,0.105275
7.480,0.112930,0.113055,0.112493,0.105130,0.105043,0.105140
7.481,0.112795,0.112928,0.112366,0.104993,0.104907,0.104993
7.482,0.112667,0.112792,0.112238,0.104855,0.104769,0.104865
7.483,0.112530,0.112664,0.112109,0.104727,0.104640,0.104727
7.484,0.112401,0.112526,0.111979,0.104587,0.104501,0.104587
7.485,0.112262,0.112386,0.111848,0.104456,0.104370,0.104456
7.486,0.112130,0.112255,0.111726,0.104324,0.104228,0.104324
7.487,0.111998,0.112113,0.111583,0.104192,0.104095,0.104192
7.488,0.111865,0.111980,0.111459,0.104058,0.103961,0.104058
7.489,0.111732,0.111846,0.111324,0.103932,0.103836,0.103923
7.490,0.111588,0.111711,0.111188,0.103797,0.103700,0.103787
7.491,0.111452,0.111566,0.111061,0.103660,0.103563,0.103660
7.492,0.111324,0.111439,0.110932,0.103530,0.103435,0.103531
7.493,0.111186,0.111301,0.110803,0.103392,0.103296,0.103392
7.494,0.111047,0.111162,0.110673,0.103262,0.103166,0.103262
7.495,0.110917,0.111032,0.110541,0.103130,0.103035,0.103130
7.496,0.110786,0.110901,0.110409,0.102998,0.102902,0.102998
7.497,0.110653,0.110758,0.110286,0.102864,0.102769,0.102864
7.498,0.110520,0.110635,0.110151,0.102730,0.102634,0.102730
7.499,0.110386,0.110501,0.110025,0.102595,0.102499,0.102595
7.500,0.110250,0.110365,0.109898,0.102468,0.102373,0.102468
7.501,0.110124,0.110229,0.109761,0.102340,0.102245,0.102340
7.502,0.109986,0.110091,0.109632,0.102202,0.102106,0.102202
7.503,0.109858,0.109962,0.109502,0.102072,0.101977,0.102072
7.504,0.109718,0.109833,0.109372,0.101941,0.101846,0.101941
7.505,0.109587,0.109692,0.109250,0.101801,0.101704,0.101801
7.506,0.109456,0.109560,0.109117,0.101668,0.101562,0.101668
7.507,0.109323,0.109428,0.108983,0.101524,0.101419,0.101524
7.508,0.109189,0.109295,0.108858,0.101380,0.101275,0.101380
7.509,0.109064,0.109160,0.108732,0.101244,0.101139,0.101244
7.510,0.108928,0.109024,0.108605,0.101098,0.100992,0.101098
7.511,0.108801,0.108897,0.108477,0.100950,0.100845,0.100950
7.512,0.108673,0.108759,0.108347,0.100812,0.100706,0.100812
7.513,0.108534,0.108630,0.108217,0.100672,0.100557,0.100672
7.514,0.108404,0.108490,0.108086,0.100531,0.100425,0.100531
7.515,0.108263,0.108349,0.107954,0.100398,0.100293,0.100389
7.516,0.108121,0.108217,0.107821,0.100266,0.100151,0.100256
7.517,0.107988,0.108074,0.107677,0.100132,0.100017,0.100122
7.518,0.107844,0.107931,0.107542,0.100006,0.099891,0.099997
7.519,0.107699,0.107786,0.107406,0.099879,0.099755,0.099860
7.520,0.107554,0.107640,0.107259,0.099743,0.099627,0.099733
7.521,0.107406,0.107493,0.107121,0.099614,0.099499,0.099594
7.522,0.107269,0.107355,0.106991,0.099484,0.099359,0.099465
7.523,0.107129,0.107216,0.106851,0.099344,0.099229,0.099334
7.524,0.106990,0.107076,0.106720,0.099212,0.099097,0.099203
7.525,0.106858,0.106944,0.106596,0.099079,0.098965,0.099071
7.526,0.106735,0.106811,0.106463,0.098946,0.098831,0.098946
7.527,0.106602,0.106678,0.106337,0.098812,0.098697,0.098802
7.528,0.106467,0.106553,0.106211,0.098676,0.098561,0.098676
7.529,0.106341,0.106427,0.106095,0.098539,0.098425,0.098539
7.530,0.106214,0.106291,0.105967,0.098402,0.098287,0.098402
7.531,0.106086,0.106163,0.105838,0.098273,0.098148,0.098273
7.532,0.105957,0.106034,0.105717,0.098133,0.098018,0.098133
7.533,0.105827,0.105894,0.105586,0.098002,0.097878,0.098002
7.534,0.105696,0.105763,0.105463,0.097870,0.097746,0.097870
7.535,0.105564,0.105631,0.105330,0.097738,0.097612,0.097738
7.536,0.105431,0.105498,0.105206,0.097603,0.097479,0.097603
7.537,0.105297,0.105364,0.105072,0.097468,0.097344,0.097468
7.538,0.105162,0.105229,0.104945,0.097333,0.097207,0.097333
7.539,0.105036,0.105092,0.104808,0.097195,0.097071,0.097205
7.540,0.104898,0.104956,0.104679,0.097067,0.096933,0.097067
7.541,0.104761,0.104828,0.104550,0.096928,0.096794,0.096928
7.542,0.104631,0.104698,0.104419,0.096788,0.096664,0.096798
7.543,0.104501,0.104559,0.104288,0.096656,0.096522,0.096656
7.544,0.104359,0.104427,0.104156,0.096525,0.096390,0.096525
7.545,0.104237,0.104294,0.104032,0.096381,0.096247,0.096391
7.546,0.104094,0.104152,0.103898,0.096247,0.096113,0.096256
7.547,0.103959,0.104017,0.103762,0.096111,0.095977,0.096111
7.548,0.103833,0.103891,0.103635,0.095975,0.095840,0.095975
7.549,0.103697,0.103754,0.103507,0.095838,0.095703,0.095847
7.550,0.103560,0.103617,0.103369,0.095699,0.095564,0.095709
7.551,0.103431,0.103479,0.103239,0.095570,0.095435,0.095579
7.552,0.103292,0.103340,0.103108,0.095439,0.095294,0.095439
7.553,0.103161,0.103209,0.102977,0.095297,0.095163,0.095307
7.554,0.103020,0.103067,0.102844,0.095165,0.095030,0.095174
7.555,0.102886,0.102934,0.102710,0.095030,0.094887,0.095040
7.556,0.102752,0.102801,0.102576,0.094886,0.094742,0.094895
7.557,0.102618,0.102656,0.102439,0.094750,0.094607,0.094760
7.558,0.102482,0.102521,0.102312,0.094604,0.094460,0.094623
7.559,0.102354,0.102383,0.102184,0.094466,0.094322,0.094475
7.560,0.102217,0.102246,0.102045,0.094318,0.094173,0.094337
7.561,0.102088,0.102117,0.101915,0.094178,0.094034,0.094197
7.562,0.101957,0.101986,0.101793,0.094028,0.093883,0.094047
7.563,0.101817,0.101846,0.101661,0.093895,0.093742,0.093905
7.564,0.101694,0.101713,0.101528,0.093753,0.093608,0.093772
7.565,0.101561,0.101580,0.101403,0.093618,0.093465,0.093628
7.566,0.101417,0.101436,0.101268,0.093483,0.093339,0.093492
7.567,0.101282,0.101301,0.101132,0.093346,0.093203,0.093366
7.568,0.101145,0.101165,0.100994,0.093219,0.093075,0.093238
7.569,0.101009,0.101027,0.100856,0.093081,0.092947,0.093110
7.570,0.100870,0.100880,0.100726,0.092951,0.092808,0.092980
7.571,0.100731,0.100741,0.100586,0.092821,0.092677,0.092849
7.572,0.100581,0.100601,0.100445,0.092689,0.092545,0.092718
7.573,0.100440,0.100459,0.100312,0.092556,0.092413,0.092585
7.574,0.100307,0.100317,0.100179,0.092423,0.092279,0.092461
7.575,0.100174,0.100184,0.100044,0.092288,0.092144,0.092327
7.576,0.100039,0.100048,0.099909,0.092152,0.092018,0.092191
7.577,0.099903,0.099922,0.099782,0.092015,0.091881,0.092063
7.578,0.099776,0.099786,0.099653,0.091878,0.091744,0.091926
7.579,0.099648,0.099658,0.099534,0.091730,0.091605,0.091788
7.580,0.099520,0.099528,0.099404,0.091600,0.091466,0.091657
7.581,0.099399,0.099399,0.099282,0.091459,0.091324,0.091517
7.582,0.099268,0.099278,0.099160,0.091317,0.091183,0.091384
7.583,0.099145,0.099145,0.099027,0.091175,0.091050,0.091242
7.584,0.099012,0.099013,0.098903,0.091041,0.090907,0.091108
7.585,0.098888,0.098888,0.098777,0.090906,0.090771,0.090973
7.586,0.098752,0.098752,0.098650,0.090760,0.090636,0.090837
7.587,0.098626,0.098617,0.098514,0.090623,0.090499,0.090700
7.588,0.098499,0.098480,0.098385,0.090485,0.090360,0.090561
7.589,0.098360,0.098351,0.098255,0.090356,0.090221,0.090433
7.590,0.098221,0.098202,0.098115,0.090216,0.090090,0.090292
7.591,0.098091,0.098071,0.097984,0.090084,0.089949,0.090161
7.592,0.097960,0.097941,0.097851,0.089942,0.089817,0.090019
7.593,0.097818,0.097799,0.097718,0.089809,0.089683,0.089885
7.594,0.097684,0.097665,0.097583,0.089674,0.089539,0.089751
7.595,0.097550,0.097520,0.097448,0.089529,0.089404,0.089616
7.596,0.097414,0.097385,0.097312,0.089392,0.089268,0.089478
7.597,0.097277,0.097249,0.097174,0.089255,0.089130,0.089341
7.598,0.097150,0.097121,0.097045,0.089117,0.088992,0.089203
7.599,0.097011,0.096983,0.096915,0.088977,0.088852,0.089064
7.600,0.096882,0.096843,0.096785,0.088846,0.088712,0.088932
7.601,0.096750,0.096712,0.096643,0.088705,0.088580,0.088791
7.602,0.096609,0.096581,0.096520,0.088571,0.088447,0.088658
7.603,0.096476,0.096447,0.096386,0.088428,0.088304,0.088524
7.604,0.096342,0.096314,0.096251,0.088303,0.088178,0.088389
7.605,0.096207,0.096179,0.096125,0.088167,0.088042,0.088263
7.606,0.096072,0.096042,0.095988,0.088030,0.087906,0.088126
7.607,0.095944,0.095906,0.095860,0.087902,0.087777,0.087997
7.608,0.095806,0.095777,0.095730,0.087773,0.087638,0.087869
7.609,0.095678,0.095638,0.095600,0.087633,0.087509,0.087738
7.610,0.095537,0.095499,0.095468,0.087492,0.087368,0.087597
7.611,0.095406,0.095368,0.095337,0.087360,0.087226,0.087465
7.612,0.095274,0.095235,0.095203,0.087217,0.087083,0.087322
7.613,0.095140,0.095102,0.095079,0.087082,0.086939,0.087178
7.614,0.095016,0.094968,0.094943,0.086937,0.086794,0.087043
7.615,0.094880,0.094833,0.094816,0.086792,0.086658,0.086897
7.616,0.094754,0.094706,0.094688,0.086645,0.086511,0.086760
7.617,0.094626,0.094578,0.094560,0.086507,0.086372,0.086612
7.618,0.094498,0.094439,0.094440,0.086367,0.086223,0.086472
7.619,0.094367,0.094310,0.094309,0.086227,0.086083,0.086332
7.620,0.094237,0.094179,0.094177,0.086095,0.085952,0.086201
7.621,0.094105,0.094048,0.094054,0.085953,0.085819,0.086058
7.622,0.093972,0.093915,0.093920,0.085819,0.085685,0.085925
7.623,0.093839,0.093772,0.093786,0.085685,0.085550,0.085800
7.624,0.093694,0.093637,0.093650,0.085558,0.085415,0.085664
7.625,0.093559,0.093501,0.093514,0.085421,0.085287,0.085527
7.626,0.093422,0.093355,0.093375,0.085294,0.085150,0.085399
7.627,0.093285,0.093218,0.093237,0.085164,0.085021,0.085270
7.628,0.093145,0.093079,0.093097,0.085024,0.084881,0.085139
7.629,0.092996,0.092929,0.092957,0.084894,0.084740,0.084999
7.630,0.092866,0.092788,0.092824,0.084762,0.084609,0.084867
7.631,0.092724,0.092657,0.092691,0.084619,0.084466,0.084734
7.632,0.092590,0.092523,0.092548,0.084485,0.084332,0.084590
7.633,0.092456,0.092389,0.092413,0.084349,0.084196,0.084455
7.634,0.092331,0.092254,0.092286,0.084204,0.084051,0.084319
7.635,0.092195,0.092118,0.092158,0.084057,0.083904,0.084172
7.636,0.092067,0.091991,0.092030,0.083929,0.083766,0.084034
7.637,0.091939,0.091862,0.091900,0.083790,0.083626,0.083895
7.638,0.091809,0.091733,0.091780,0.083640,0.083486,0.083755
7.639,0.091678,0.091601,0.091648,0.083508,0.083345,0.083613
7.640,0.091537,0.091461,0.091515,0.083366,0.083213,0.083481
7.641,0.091414,0.091328,0.091391,0.083233,0.083069,0.083338
7.642,0.091281,0.091194,0.091257,0.083098,0.082935,0.083203
7.643,0.091146,0.091060,0.091121,0.082963,0.082799,0.083068
7.644,0.091011,0.090925,0.090995,0.082826,0.082663,0.082931
7.645,0.090874,0.090788,0.090857,0.082689,0.082535,0.082804
7.646,0.090737,0.090641,0.090728,0.082559,0.082397,0.082665
7.647,0.090598,0.090502,0.090589,0.082430,0.082266,0.082526
7.648,0.090468,0.090372,0.090448,0.082289,0.082127,0.082395
7.649,0.090328,0.090232,0.090326,0.082157,0.081994,0.082263
7.650,0.090186,0.090090,0.090183,0.082014,0.081861,0.082129
7.651,0.090053,0.089948,0.090049,0.081880,0.081727,0.081995
7.652,0.089919,0.089814,0.089914,0.081756,0.081592,0.081861
7.653,0.089785,0.089688,0.089788,0.081610,0.081456,0.081735
7.654,0.089649,0.089552,0.089651,0.081473,0.081319,0.081598
7.655,0.089512,0.089415,0.089522,0.081335,0.081191,0.081460
7.656,0.089384,0.089287,0.089393,0.081206,0.081052,0.081331
7.657,0.089253,0.089158,0.089263,0.081065,0.080912,0.081190
7.658,0.089123,0.089027,0.089132,0.080924,0.080771,0.081059
7.659,0.088992,0.088896,0.088999,0.080792,0.080639,0.080926
7.660,0.088860,0.088764,0.088875,0.080650,0.080505,0.080793
7.661,0.088727,0.088631,0.088751,0.080515,0.080371,0.080658
7.662,0.088601,0.088496,0.088616,0.080380,0.080236,0.080523
7.663,0.088466,0.088371,0.088488,0.080253,0.080109,0.080387
7.664,0.088330,0.088234,0.088361,0.080115,0.079972,0.080259
7.665,0.088202,0.088106,0.088232,0.079978,0.079833,0.080121
7.666,0.088064,0.087967,0.088103,0.079847,0.079704,0.079991
7.667,0.087934,0.087838,0.087962,0.079716,0.079573,0.079860
7.668,0.087803,0.087707,0.087839,0.079575,0.079431,0.079719
7.669,0.087672,0.087566,0.087707,0.079442,0.079289,0.079586
7.670,0.087539,0.087433,0.087573,0.079299,0.079155,0.079443
7.671,0.087405,0.087299,0.087438,0.079165,0.079011,0.079309
7.672,0.087270,0.087164,0.087302,0.079019,0.078865,0.079163
7.673,0.087144,0.087028,0.087175,0.078873,0.078728,0.079026
7.674,0.087007,0.086893,0.087047,0.078735,0.078581,0.078879
7.675,0.086879,0.086764,0.086908,0.078587,0.078433,0.078731
7.676,0.086750,0.086635,0.086788,0.078447,0.078293,0.078591
7.677,0.086620,0.086505,0.086657,0.078297,0.078152,0.078450
7.678,0.086489,0.086363,0.086525,0.078154,0.078011,0.078309
7.679,0.086356,0.086231,0.086392,0.078021,0.077878,0.078165
7.680,0.086223,0.086098,0.086267,0.077887,0.077734,0.078031
7.681,0.086089,0.085964,0.086131,0.077743,0.077608,0.077896
7.682,0.085954,0.085820,0.085995,0.077616,0.077482,0.077759
7.683,0.085817,0.085683,0.085858,0.077479,0.077345,0.077632
7.684,0.085671,0.085546,0.085720,0.077351,0.077216,0.077494
7.685,0.085532,0.085408,0.085591,0.077211,0.077087,0.077364
7.686,0.085393,0.085269,0.085450,0.077081,0.076956,0.077234
7.687,0.085253,0.085119,0.085309,0.076949,0.076825,0.077112
7.688,0.085112,0.084988,0.085167,0.076816,0.076692,0.076979
7.689,0.084970,0.084845,0.085033,0.076683,0.076558,0.076846
7.690,0.084827,0.084702,0.084889,0.076548,0.076424,0.076711
7.691,0.084683,0.084558,0.084754,0.076412,0.076288,0.076575
7.692,0.084547,0.084422,0.084617,0.076266,0.076151,0.076439
7.693,0.084410,0.084295,0.084479,0.076128,0.076013,0.076310
7.694,0.084272,0.084157,0.084350,0.075990,0.075875,0.076173
7.695,0.084153,0.084028,0.084220,0.075851,0.075735,0.076033
7.696,0.084023,0.083898,0.084089,0.075709,0.075595,0.075892
7.697,0.083892,0.083767,0.083967,0.075568,0.075453,0.075750
7.698,0.083760,0.083645,0.083844,0.075425,0.075320,0.075617
7.699,0.083637,0.083512,0.083710,0.075282,0.075177,0.075474
7.700,0.083512,0.083388,0.083593,0.075147,0.075032,0.075329
7.701,0.083387,0.083263,0.083467,0.075002,0.074896,0.075194
7.702,0.083251,0.083126,0.083340,0.074864,0.074759,0.075056
7.703,0.083123,0.082999,0.083201,0.074727,0.074621,0.074918
7.704,0.082995,0.082861,0.083082,0.074597,0.074482,0.074780
7.705,0.082865,0.082731,0.082952,0.074457,0.074352,0.074639
7.706,0.082726,0.082592,0.082820,0.074326,0.074220,0.074508
7.707,0.082595,0.082460,0.082687,0.074193,0.074078,0.074366
7.708,0.082462,0.082318,0.082554,0.074050,0.073945,0.074232
7.709,0.082319,0.082175,0.082420,0.073916,0.073810,0.074098
7.710,0.082185,0.082032,0.082275,0.073780,0.073675,0.073962
7.711,0.082049,0.081896,0.082139,0.073653,0.073538,0.073826
7.712,0.081912,0.081759,0.082001,0.073517,0.073401,0.073689
7.713,0.081765,0.081612,0.081862,0.073378,0.073262,0.073560
7.714,0.081628,0.081473,0.081723,0.073239,0.073123,0.073421
7.715,0.081498,0.081335,0.081582,0.073108,0.072993,0.073280
7.716,0.081357,0.081204,0.081451,0.072966,0.072851,0.073148
7.717,0.081225,0.081063,0.081318,0.072824,0.072708,0.073006
7.718,0.081083,0.080930,0.081184,0.072680,0.072574,0.072863
7.719,0.080949,0.080795,0.081049,0.072546,0.072430,0.072728
7.720,0.080814,0.080660,0.080914,0.072400,0.072294,0.072591
7.721,0.080688,0.080525,0.080777,0.072253,0.072148,0.072445
7.722,0.080551,0.080388,0.080648,0.072116,0.072011,0.072308
7.723,0.080413,0.080251,0.080510,0.071976,0.071871,0.072159
7.724,0.080284,0.080121,0.080380,0.071837,0.071741,0.072029
7.725,0.080144,0.079981,0.080248,0.071696,0.071600,0.071888
7.726,0.080013,0.079849,0.080116,0.071554,0.071459,0.071746
7.727,0.079871,0.079708,0.079983,0.071421,0.071325,0.071613
7.728,0.079738,0.079574,0.079849,0.071287,0.071191,0.071469
7.729,0.079604,0.079441,0.079713,0.071151,0.071056,0.071334
7.730,0.079468,0.079305,0.079577,0.071016,0.070929,0.071207
7.731,0.079332,0.079169,0.079440,0.070878,0.070792,0.071070
7.732,0.079195,0.079032,0.079311,0.070740,0.070654,0.070931
7.733,0.079056,0.078893,0.079172,0.070600,0.070514,0.070793
7.734,0.078917,0.078754,0.079041,0.070461,0.070383,0.070662
7.735,0.078778,0.078614,0.078900,0.070319,0.070242,0.070521
7.736,0.078636,0.078472,0.078767,0.070187,0.070100,0.070378
7.737,0.078503,0.078340,0.078624,0.070044,0.069957,0.070235
7.738,0.078370,0.078196,0.078489,0.069899,0.069812,0.070101
7.739,0.078235,0.078062,0.078354,0.069754,0.069677,0.069956
7.740,0.078099,0.077926,0.078227,0.069617,0.069540,0.069808
7.741,0.077962,0.077790,0.078089,0.069470,0.069393,0.069671
7.742,0.077834,0.077662,0.077950,0.069322,0.069255,0.069523
7.743,0.077696,0.077524,0.077820,0.069182,0.069115,0.069384
7.744,0.077566,0.077383,0.077689,0.069041,0.068974,0.069242
7.745,0.077435,0.077252,0.077557,0.068909,0.068843,0.069101
7.746,0.077303,0.077121,0.077424,0.068766,0.068709,0.068958
7.747,0.077169,0.076987,0.077290,0.068633,0.068575,0.068824
7.748,0.077036,0.076844,0.077155,0.068497,0.068449,0.068689
7.749,0.076900,0.076709,0.077028,0.068371,0.068313,0.068563
7.750,0.076755,0.076572,0.076882,0.068234,0.068186,0.068435
7.751,0.076618,0.076426,0.076744,0.068105,0.068048,0.068297
7.752,0.076479,0.076288,0.076614,0.067976,0.067928,0.068168
7.753,0.076331,0.076148,0.076474,0.067836,0.067798,0.068037
7.754,0.076191,0.075999,0.076323,0.067704,0.067666,0.067906
7.755,0.076059,0.075868,0.076191,0.067572,0.067524,0.067773
7.756,0.075908,0.075716,0.076048,0.067429,0.067391,0.067640
7.757,0.075765,0.075573,0.075904,0.067294,0.067256,0.067495
7.758,0.075630,0.075438,0.075769,0.067159,0.067121,0.067360
7.759,0.075485,0.075303,0.075623,0.067013,0.066984,0.067224
7.760,0.075358,0.075167,0.075484,0.066866,0.066837,0.067086
7.761,0.075221,0.075029,0.075356,0.066727,0.066698,0.066938
7.762,0.075083,0.074901,0.075216,0.066588,0.066559,0.066799
7.763,0.074952,0.074770,0.075086,0.066437,0.066419,0.066658
7.764,0.074821,0.074639,0.074953,0.066296,0.066268,0.066507
7.765,0.074690,0.074508,0.074830,0.066154,0.066134,0.066365
7.766,0.074556,0.074374,0.074697,0.066010,0.065991,0.066221
7.767,0.074432,0.074250,0.074571,0.065876,0.065856,0.066077
7.768,0.074307,0.074115,0.074436,0.065730,0.065711,0.065941
7.769,0.074171,0.073979,0.074308,0.065593,0.065574,0.065795
7.770,0.074043,0.073852,0.074189,0.065455,0.065446,0.065656
7.771,0.073906,0.073714,0.074051,0.065326,0.065307,0.065517
7.772,0.073776,0.073575,0.073920,0.065186,0.065176,0.065378
7.773,0.073636,0.073445,0.073788,0.065055,0.065045,0.065246
7.774,0.073496,0.073305,0.073646,0.064922,0.064913,0.065114
7.775,0.073364,0.073162,0.073514,0.064798,0.064789,0.064981
7.776,0.073221,0.073019,0.073379,0.064664,0.064664,0.064846
7.777,0.073086,0.072875,0.073235,0.064538,0.064529,0.064720
7.778,0.072941,0.072730,0.073098,0.064402,0.064402,0.064584
7.779,0.072805,0.072594,0.072961,0.064274,0.064275,0.064456
7.780,0.072658,0.072447,0.072813,0.064146,0.064146,0.064328
7.781,0.072520,0.072309,0.072673,0.064016,0.064016,0.064198
7.782,0.072381,0.072170,0.072543,0.063886,0.063885,0.064068
7.783,0.072241,0.072020,0.072401,0.063753,0.063744,0.063936
7.784,0.072099,0.071888,0.072259,0.063621,0.063621,0.063803
7.785,0.071966,0.071746,0.072125,0.063487,0.063488,0.063669
7.786,0.071833,0.071612,0.071981,0.063352,0.063343,0.063534
7.787,0.071698,0.071487,0.071855,0.063207,0.063207,0.063399
7.788,0.071562,0.071351,0.071718,0.063071,0.063070,0.063263
7.789,0.071425,0.071214,0.071580,0.062933,0.062933,0.063115
7.790,0.071297,0.071087,0.071452,0.062794,0.062794,0.062985
7.791,0.071168,0.070957,0.071321,0.062655,0.062654,0.062846
7.792,0.071038,0.070828,0.071191,0.062513,0.062514,0.062696
7.793,0.070907,0.070696,0.071068,0.062372,0.062372,0.062563
7.794,0.070775,0.070564,0.070934,0.062230,0.062229,0.062412
7.795,0.070641,0.070440,0.070810,0.062095,0.062085,0.062277
7.796,0.070517,0.070315,0.070675,0.061950,0.061951,0.062133
7.797,0.070382,0.070181,0.070558,0.061814,0.061805,0.061996
7.798,0.070246,0.070054,0.070430,0.061677,0.061677,0.061859
7.799,0.070118,0.069917,0.070292,0.061539,0.061539,0.061712
7.800,0.069980,0.069779,0.070162,0.061409,0.061400,0.061582
7.801,0.069841,0.069650,0.070032,0.061279,0.061269,0.061442
7.802,0.069711,0.069509,0.069901,0.061138,0.061128,0.061301
7.803,0.069569,0.069377,0.069768,0.061014,0.060996,0.061168
7.804,0.069427,0.069235,0.069634,0.060881,0.060862,0.061034
7.805,0.069294,0.069093,0.069500,0.060747,0.060717,0.060891
7.806,0.069150,0.068957,0.069355,0.060611,0.060582,0.060754
7.807,0.069014,0.068813,0.069218,0.060475,0.060446,0.060618
7.808,0.068868,0.068667,0.069090,0.060337,0.060308,0.060472
7.809,0.068720,0.068519,0.068942,0.060198,0.060170,0.060342
7.810,0.068582,0.068381,0.068803,0.060068,0.060030,0.060193
7.811,0.068442,0.068241,0.068662,0.059928,0.059889,0.060062
7.812,0.068302,0.068101,0.068521,0.059786,0.059748,0.059920
7.813,0.068170,0.067959,0.068388,0.059653,0.059615,0.059768
7.814,0.068027,0.067816,0.068244,0.059520,0.059471,0.059635
7.815,0.067894,0.067682,0.068109,0.059385,0.059327,0.059490
7.816,0.067759,0.067539,0.067973,0.059239,0.059191,0.059354
7.817,0.067623,0.067402,0.067837,0.059102,0.059054,0.059217
7.818,0.067486,0.067265,0.067708,0.058973,0.058916,0.059069
7.819,0.067348,0.067127,0.067569,0.058835,0.058787,0.058940
7.820,0.067209,0.066988,0.067429,0.058704,0.058647,0.058800
7.821,0.067078,0.066858,0.067297,0.058563,0.058516,0.058678
7.822,0.066938,0.066717,0.067165,0.058431,0.058383,0.058537
7.823,0.066796,0.066585,0.067032,0.058307,0.058259,0.058403
7.824,0.066653,0.066441,0.066888,0.058172,0.058125,0.058278
7.825,0.066518,0.066307,0.066753,0.058047,0.057999,0.058152
7.826,0.066383,0.066162,0.066616,0.057920,0.057862,0.058026
7.827,0.066237,0.066026,0.066479,0.057782,0.057735,0.057888
7.828,0.066099,0.065888,0.066349,0.057654,0.057606,0.057760
7.829,0.065952,0.065741,0.066201,0.057525,0.057467,0.057640
7.830,0.065812,0.065611,0.066070,0.057394,0.057336,0.057499
7.831,0.065672,0.065471,0.065929,0.057261,0.057204,0.057376
7.832,0.065530,0.065329,0.065796,0.057120,0.057061,0.057235
7.833,0.065388,0.065187,0.065653,0.056986,0.056919,0.057101
7.834,0.065245,0.065053,0.065518,0.056850,0.056784,0.056965
7.835,0.065110,0.064918,0.065382,0.056706,0.056638,0.056821
7.836,0.064965,0.064782,0.065235,0.056569,0.056492,0.056684
7.837,0.064828,0.064646,0.065107,0.056421,0.056355,0.056546
7.838,0.064690,0.064508,0.064968,0.056283,0.056206,0.056398
7.839,0.064561,0.064379,0.064838,0.056143,0.056066,0.056248
7.840,0.064421,0.064249,0.064707,0.056002,0.055916,0.056117
7.841,0.064290,0.064118,0.064575,0.055851,0.055774,0.055966
7.842,0.064167,0.063985,0.064451,0.055708,0.055631,0.055823
7.843,0.064025,0.063852,0.064317,0.055564,0.055487,0.055679
7.844,0.063900,0.063717,0.064192,0.055428,0.055342,0.055524
7.845,0.063764,0.063582,0.064056,0.055292,0.055206,0.055388
7.846,0.063638,0.063456,0.063928,0.055156,0.055070,0.055251
7.847,0.063501,0.063319,0.063799,0.055026,0.054940,0.055114
7.848,0.063372,0.063180,0.063670,0.054888,0.054802,0.054974
7.849,0.063233,0.063041,0.063539,0.054757,0.054670,0.054834
7.850,0.063093,0.062891,0.063408,0.054625,0.054539,0.054702
7.851,0.062952,0.062760,0.063265,0.054503,0.054416,0.054570
7.852,0.062809,0.062608,0.063131,0.054378,0.054292,0.054445
7.853,0.062676,0.062465,0.062997,0.054253,0.054167,0.054320
7.854,0.062522,0.062321,0.062852,0.054128,0.054050,0.054195
7.855,0.062387,0.062166,0.062715,0.054010,0.053924,0.054068
7.856,0.062240,0.062030,0.062569,0.053891,0.053805,0.053949
7.857,0.062093,0.061882,0.062420,0.053772,0.053686,0.053829
7.858,0.061954,0.061734,0.062280,0.053642,0.053565,0.053709
7.859,0.061805,0.061585,0.062130,0.053520,0.053434,0.053587
7.860,0.061655,0.061434,0.061989,0.053398,0.053321,0.053465
7.861,0.061513,0.061293,0.061846,0.053265,0.053188,0.053341
7.862,0.061371,0.061150,0.061702,0.053140,0.053064,0.053217
7.863,0.061227,0.061016,0.061548,0.053006,0.052929,0.053101
7.864,0.061092,0.060872,0.061412,0.052879,0.052803,0.052966
7.865,0.060956,0.060736,0.061275,0.052742,0.052665,0.052838
7.866,0.060820,0.060598,0.061137,0.052604,0.052537,0.052709
7.867,0.060681,0.060480,0.060998,0.052465,0.052398,0.052580
7.868,0.060552,0.060341,0.060867,0.052335,0.052258,0.052440
7.869,0.060422,0.060219,0.060736,0.052184,0.052117,0.052308
7.870,0.060299,0.060098,0.060603,0.052042,0.051975,0.052167
7.871,0.060167,0.059976,0.060480,0.051899,0.051832,0.052033
7.872,0.060043,0.059851,0.060355,0.051755,0.051688,0.051890
7.873,0.059919,0.059736,0.060230,0.051610,0.051543,0.051754
7.874,0.059792,0.059610,0.060102,0.051464,0.051397,0.051607
7.875,0.059675,0.059493,0.059984,0.051317,0.051250,0.051471
7.876,0.059548,0.059365,0.059864,0.051169,0.051102,0.051322
7.877,0.059428,0.059246,0.059754,0.051029,0.050963,0.051183
7.878,0.059298,0.059126,0.059623,0.050879,0.050812,0.051033
7.879,0.059177,0.059004,0.059511,0.050738,0.050681,0.050891
7.880,0.059045,0.058872,0.059378,0.050595,0.050538,0.050758
7.881,0.058922,0.058749,0.059263,0.050461,0.050395,0.050615
7.882,0.058788,0.058615,0.059138,0.050317,0.050260,0.050480
7.883,0.058663,0.058481,0.059012,0.050191,0.050134,0.050335
7.884,0.058517,0.058345,0.058885,0.050054,0.049997,0.050208
7.885,0.058390,0.058208,0.058756,0.049926,0.049869,0.050070
7.886,0.058252,0.058070,0.058617,0.049797,0.049739,0.049941
7.887,0.058114,0.057921,0.058487,0.049666,0.049609,0.049810
7.888,0.057973,0.057782,0.058346,0.049535,0.049478,0.049679
7.889,0.057833,0.057632,0.058214,0.049423,0.049355,0.049547
7.890,0.057690,0.057489,0.058071,0.049289,0.049222,0.049423
7.891,0.057548,0.057337,0.057927,0.049165,0.049097,0.049289
7.892,0.057405,0.057193,0.057783,0.049038,0.048972,0.049173
7.893,0.057259,0.057039,0.057646,0.048911,0.048845,0.049037
7.894,0.057113,0.056893,0.057489,0.048775,0.048718,0.048909
7.895,0.056976,0.056747,0.057352,0.048655,0.048589,0.048780
7.896,0.056828,0.056598,0.057193,0.048525,0.048459,0.048650
7.897,0.056689,0.056449,0.057053,0.048396,0.048318,0.048520
7.898,0.056549,0.056309,0.056902,0.048254,0.048186,0.048398
7.899,0.056408,0.056168,0.056759,0.048131,0.048055,0.048256
7.900,0.056275,0.056036,0.056616,0.047988,0.047921,0.048131
7.901,0.056132,0.055883,0.056472,0.047853,0.047786,0.047997
7.902,0.055997,0.055758,0.056326,0.047717,0.047650,0.047861
7.903,0.055871,0.055622,0.056199,0.047581,0.047514,0.047724
7.904,0.055744,0.055495,0.056052,0.047434,0.047366,0.047597
7.905,0.055606,0.055357,0.055923,0.047295,0.047227,0.047458
7.906,0.055477,0.055237,0.055793,0.047155,0.047088,0.047318
7.907,0.055356,0.055107,0.055663,0.047014,0.046957,0.047177
7.908,0.055226,0.054996,0.055530,0.046873,0.046815,0.047045
7.909,0.055103,0.054864,0.055407,0.046730,0.046672,0.046902
7.910,0.054979,0.054740,0.055282,0.046586,0.046539,0.046768
7.911,0.054855,0.054616,0.055166,0.046451,0.046394,0.046634
7.912,0.054729,0.054499,0.055030,0.046306,0.046258,0.046497
7.913,0.054603,0.054373,0.054912,0.046178,0.046120,0.046350
7.914,0.054475,0.054245,0.054793,0.046031,0.045982,0.046222
7.915,0.054347,0.054127,0.054664,0.045901,0.045853,0.046083
7.916,0.054217,0.053997,0.054543,0.045760,0.045713,0.045952
7.917,0.054087,0.053866,0.054411,0.045620,0.045571,0.045812
7.918,0.053956,0.053735,0.054288,0.045487,0.045430,0.045669
7.919,0.053823,0.053612,0.054164,0.045344,0.045297,0.045536
7.920,0.053680,0.053469,0.054040,0.045210,0.045162,0.045392
7.921,0.053545,0.053344,0.053905,0.045074,0.045026,0.045266
7.922,0.053410,0.053199,0.053778,0.044938,0.044880,0.045120
7.923,0.053273,0.053063,0.053631,0.044790,0.044743,0.044982
7.924,0.053136,0.052925,0.053501,0.044652,0.044595,0.044834
7.925,0.052998,0.052787,0.053361,0.044503,0.044455,0.044695
7.926,0.052849,0.052638,0.053231,0.044372,0.044314,0.044545
7.927,0.052708,0.052497,0.053089,0.044221,0.044163,0.044412
7.928,0.052576,0.052355,0.052947,0.044088,0.044031,0.044261
7.929,0.052424,0.052204,0.052803,0.043945,0.043887,0.044117
7.930,0.052290,0.052070,0.052659,0.043809,0.043743,0.043972
7.931,0.052145,0.051915,0.052523,0.043664,0.043597,0.043827
7.932,0.052010,0.051780,0.052377,0.043527,0.043460,0.043680
7.933,0.051872,0.051633,0.052238,0.043389,0.043313,0.043543
7.934,0.051745,0.051495,0.052090,0.043250,0.043183,0.043404
7.935,0.051605,0.051356,0.051950,0.043120,0.043043,0.043255
7.936,0.051475,0.051216,0.051809,0.042979,0.042912,0.043123
7.937,0.051334,0.051066,0.051677,0.042847,0.042770,0.042981
7.938,0.051192,0.050933,0.051534,0.042714,0.042646,0.042848
7.939,0.051068,0.050790,0.051400,0.042589,0.042512,0.042704
7.940,0.050925,0.050656,0.051255,0.042454,0.042387,0.042578
7.941,0.050799,0.050512,0.051118,0.042337,0.042260,0.042442
7.942,0.050663,0.050375,0.050981,0.042199,0.042132,0.042314
7.943,0.050535,0.050238,0.050842,0.042080,0.042013,0.042185
7.944,0.050397,0.050090,0.050703,0.041950,0.041874,0.042056
7.945,0.050257,0.049960,0.050563,0.041820,0.041762,0.041935
7.946,0.050117,0.049810,0.050431,0.041707,0.041630,0.041803
7.947,0.049975,0.049678,0.050289,0.041574,0.041507,0.041689
7.948,0.049843,0.049536,0.050156,0.041450,0.041393,0.041565
7.949,0.049700,0.049403,0.050011,0.041325,0.041257,0.041440
7.950,0.049575,0.049258,0.049875,0.041198,0.041141,0.041323
7.951,0.049429,0.049122,0.049738,0.041072,0.041005,0.041196
7.952,0.049292,0.048986,0.049601,0.040934,0.040876,0.041069
7.953,0.049154,0.048838,0.049462,0.040805,0.040757,0.040939
7.954,0.049016,0.048709,0.049322,0.040674,0.040617,0.040818
7.955,0.048885,0.048569,0.049181,0.040534,0.040486,0.040687
7.956,0.048736,0.048439,0.049040,0.040401,0.040344,0.040555
7.957,0.048603,0.048306,0.048907,0.040258,0.040211,0.040422
7.958,0.048470,0.048173,0.048772,0.040115,0.040067,0.040288
7.959,0.048336,0.048039,0.048637,0.039971,0.039932,0.040153
7.960,0.048201,0.047913,0.048502,0.039834,0.039787,0.040007
7.961,0.048074,0.047787,0.048365,0.039678,0.039630,0.039860
7.962,0.047937,0.047650,0.048236,0.039530,0.039492,0.039722
7.963,0.047808,0.047531,0.048097,0.039381,0.039334,0.039563
7.964,0.047688,0.047401,0.047966,0.039222,0.039184,0.039423
7.965,0.047548,0.047270,0.047844,0.039071,0.039024,0.039263
7.966,0.047426,0.047149,0.047701,0.038910,0.038872,0.039121
7.967,0.047294,0.047016,0.047587,0.038767,0.038719,0.038959
7.968,0.047161,0.046892,0.047453,0.038604,0.038565,0.038805
7.969,0.047045,0.046767,0.047327,0.038458,0.038420,0.038650
7.970,0.046909,0.046631,0.047190,0.038303,0.038265,0.038495
7.971,0.046792,0.046514,0.047062,0.038156,0.038117,0.038338
7.972,0.046664,0.046376,0.046934,0.038007,0.037960,0.038180
7.973,0.046535,0.046248,0.046803,0.037849,0.037820,0.038041
7.974,0.046406,0.046108,0.046673,0.037708,0.037670,0.037881
7.975,0.046274,0.045977,0.046550,0.037567,0.037528,0.037730
7.976,0.046142,0.045845,0.046417,0.037424,0.037386,0.037587
7.977,0.046009,0.045703,0.046283,0.037280,0.037242,0.037434
7.978,0.045875,0.045568,0.046148,0.037136,0.037107,0.037299
7.979,0.045740,0.045433,0.046012,0.037010,0.036971,0.037154
7.980,0.045605,0.045288,0.045884,0.036873,0.036844,0.037016
7.981,0.045467,0.045151,0.045738,0.036744,0.036716,0.036878
7.982,0.045329,0.044994,0.045608,0.036615,0.036586,0.036739
7.983,0.045181,0.044855,0.045468,0.036484,0.036465,0.036618
7.984,0.045041,0.044705,0.045318,0.036363,0.036344,0.036478
7.985,0.044890,0.044555,0.045176,0.036240,0.036221,0.036355
7.986,0.044748,0.044413,0.045032,0.036116,0.036107,0.036231
7.987,0.044605,0.044260,0.044888,0.036001,0.035982,0.036106
7.988,0.044452,0.044117,0.044743,0.035866,0.035856,0.035990
7.989,0.044317,0.043961,0.044598,0.035758,0.035748,0.035863
7.990,0.044161,0.043806,0.044451,0.035640,0.035630,0.035745
7.991,0.044014,0.043669,0.044293,0.035511,0.035510,0.035636
7.992,0.043866,0.043511,0.044154,0.035400,0.035391,0.035515
7.993,0.043717,0.043372,0.043994,0.035270,0.035260,0.035394
7.994,0.043577,0.043222,0.043853,0.035147,0.035147,0.035271
7.995,0.043425,0.043080,0.043700,0.035024,0.035015,0.035149
7.996,0.043283,0.042938,0.043558,0.034890,0.034890,0.035034
7.997,0.043140,0.042795,0.043413,0.034765,0.034765,0.034900
7.998,0.042996,0.042659,0.043267,0.034629,0.034630,0.034773
7.999,0.042860,0.042515,0.043121,0.034483,0.034493,0.034646
8.000,0.042713,0.042378,0.042983,0.034354,0.034364,0.034508
8.001,0.042575,0.042249,0.042835,0.034207,0.034216,0.034379
8.002,0.042446,0.042110,0.042695,0.034067,0.034076,0.034249
8.003,0.042307,0.041980,0.042554,0.033926,0.033925,0.034098
8.004,0.042176,0.041849,0.042412,0.033765,0.033774,0.033957
8.005,0.042043,0.041717,0.042279,0.033622,0.033631,0.033814
8.006,0.041910,0.041593,0.042145,0.033469,0.033478,0.033661
8.007,0.041786,0.041468,0.042010,0.033314,0.033324,0.033515
8.008,0.041659,0.041343,0.041874,0.033158,0.033178,0.033360
8.009,0.041523,0.041216,0.041737,0.033002,0.033012,0.033213
8.010,0.041405,0.041099,0.041608,0.032845,0.032864,0.033066
8.011,0.041277,0.040970,0.041488,0.032686,0.032706,0.032897
8.012,0.041147,0.040850,0.041348,0.032527,0.032556,0.032748
8.013,0.041036,0.040719,0.041225,0.032377,0.032405,0.032588
8.014,0.040904,0.040597,0.041103,0.032215,0.032244,0.032435
8.015,0.040771,0.040484,0.040969,0.032063,0.032100,0.032293
8.016,0.040667,0.040359,0.040854,0.031918,0.031957,0.032129
8.017,0.040532,0.040225,0.040727,0.031763,0.031811,0.031984
8.018,0.040405,0.040108,0.040591,0.031617,0.031665,0.031838
8.019,0.040289,0.039972,0.040473,0.031479,0.031528,0.031681
8.020,0.040160,0.039844,0.040353,0.031331,0.031389,0.031542
8.021,0.040021,0.039724,0.040213,0.031202,0.031258,0.031403
8.022,0.039901,0.039585,0.040092,0.031070,0.031127,0.031262
8.023,0.039761,0.039444,0.039960,0.030929,0.030995,0.031130
8.024,0.039629,0.039322,0.039827,0.030815,0.030881,0.030997
8.025,0.039505,0.039180,0.039702,0.030681,0.030757,0.030863
8.026,0.039362,0.039036,0.039567,0.030555,0.030631,0.030747
8.027,0.039227,0.038901,0.039431,0.030439,0.030515,0.030621
8.028,0.039091,0.038755,0.039304,0.030320,0.030397,0.030493
8.029,0.038934,0.038608,0.039156,0.030192,0.030278,0.030374
8.030,0.038796,0.038461,0.039018,0.030082,0.030168,0.030254
8.031,0.038657,0.038312,0.038887,0.029961,0.030047,0.030134
8.032,0.038498,0.038172,0.038736,0.029839,0.029925,0.030021
8.033,0.038357,0.038021,0.038594,0.029726,0.029812,0.029898
8.034,0.038215,0.037870,0.038451,0.029612,0.029688,0.029784
8.035,0.038062,0.037726,0.038298,0.029477,0.029563,0.029669
8.036,0.037918,0.037573,0.038152,0.029361,0.029437,0.029543
8.037,0.037763,0.037418,0.038006,0.029234,0.029320,0.029416
8.038,0.037608,0.037282,0.037860,0.029106,0.029183,0.029297
8.039,0.037470,0.037135,0.037711,0.028968,0.029054,0.029179
8.040,0.037323,0.036987,0.037562,0.028847,0.028924,0.029039
8.041,0.037174,0.036848,0.037413,0.028707,0.028784,0.028908
8.042,0.037033,0.036707,0.037261,0.028565,0.028642,0.028776
8.043,0.036891,0.036566,0.037128,0.028432,0.028500,0.028643
8.044,0.036749,0.036433,0.036975,0.028289,0.028356,0.028500
8.045,0.036615,0.036299,0.036831,0.028144,0.028212,0.028366
8.046,0.036480,0.036164,0.036695,0.027999,0.028066,0.028220
8.047,0.036344,0.036038,0.036549,0.027843,0.027910,0.028073
8.048,0.036217,0.035910,0.036411,0.027695,0.027753,0.027925
8.049,0.036089,0.035773,0.036272,0.027547,0.027615,0.027777
8.050,0.035950,0.035653,0.036141,0.027398,0.027456,0.027618
8.051,0.035830,0.035533,0.036001,0.027248,0.027305,0.027478
8.052,0.035708,0.035401,0.035869,0.027105,0.027163,0.027326
8.053,0.035585,0.035278,0.035744,0.026953,0.027001,0.027164
8.054,0.035452,0.035165,0.035610,0.026800,0.026857,0.027021
8.055,0.035336,0.035049,0.035485,0.026655,0.026712,0.026866
8.056,0.035221,0.034914,0.035358,0.026509,0.026557,0.026711
8.057,0.035094,0.034796,0.035230,0.026362,0.026420,0.026573
8.058,0.034966,0.034679,0.035102,0.026223,0.026281,0.026425
8.059,0.034856,0.034550,0.034991,0.026085,0.026142,0.026276
8.060,0.034727,0.034429,0.034860,0.025944,0.026002,0.026136
8.061,0.034596,0.034309,0.034729,0.025812,0.025870,0.026004
8.062,0.034474,0.034187,0.034606,0.025679,0.025747,0.025862
8.063,0.034351,0.034054,0.034482,0.025547,0.025613,0.025729
8.064,0.034218,0.033930,0.034356,0.025421,0.025488,0.025594
8.065,0.034093,0.033795,0.034221,0.025295,0.025371,0.025468
8.066,0.033967,0.033660,0.034103,0.025168,0.025244,0.025331
8.067,0.033830,0.033523,0.033975,0.025040,0.025116,0.025213
8.068,0.033692,0.033394,0.033836,0.024921,0.024997,0.025084
8.069,0.033563,0.033256,0.033706,0.024809,0.024876,0.024963
8.070,0.033423,0.033107,0.033576,0.024678,0.024755,0.024841
8.071,0.033282,0.032976,0.033444,0.024556,0.024633,0.024719
8.072,0.033141,0.032834,0.033300,0.024442,0.024518,0.024605
8.073,0.033008,0.032692,0.033167,0.024326,0.024394,0.024470
8.074,0.032854,0.032547,0.033032,0.024192,0.024269,0.024355
8.075,0.032710,0.032403,0.032886,0.024075,0.024142,0.024238
8.076,0.032574,0.032257,0.032749,0.023947,0.024015,0.024110
8.077,0.032427,0.032111,0.032610,0.023819,0.023876,0.023982
8.078,0.032280,0.031972,0.032461,0.023689,0.023747,0.023852
8.079,0.032140,0.031824,0.032312,0.023558,0.023616,0.023731
8.080,0.031990,0.031684,0.032171,0.023437,0.023484,0.023591
8.081,0.031850,0.031542,0.032028,0.023295,0.023343,0.023458
8.082,0.031707,0.031410,0.031877,0.023161,0.023200,0.023324
8.083,0.031574,0.031267,0.031742,0.023026,0.023065,0.023189
8.084,0.031429,0.031132,0.031597,0.022892,0.022920,0.023055
8.085,0.031284,0.031006,0.031450,0.022746,0.022774,0.022908
8.086,0.031158,0.030870,0.031303,0.022598,0.022627,0.022771
8.087,0.031030,0.030742,0.031174,0.022460,0.022478,0.022632
8.088,0.030892,0.030613,0.031035,0.022320,0.022329,0.022483
8.089,0.030761,0.030493,0.030895,0.022170,0.022179,0.022332
8.090,0.030640,0.030371,0.030763,0.022019,0.022028,0.022191
8.091,0.030517,0.030240,0.030630,0.021876,0.021886,0.022030
8.092,0.030385,0.030116,0.030495,0.021733,0.021732,0.021886
8.093,0.030261,0.030002,0.030370,0.021578,0.021579,0.021742
8.094,0.030144,0.029886,0.030235,0.021443,0.021443,0.021586
8.095,0.030028,0.029760,0.030117,0.021297,0.021286,0.021440
8.096,0.029901,0.029641,0.029989,0.021149,0.021139,0.021292
8.097,0.029772,0.029523,0.029859,0.021000,0.020990,0.021144
8.098,0.029653,0.029404,0.029739,0.020860,0.020860,0.021004
8.099,0.029532,0.029273,0.029616,0.020729,0.020710,0.020854
8.100,0.029410,0.029151,0.029503,0.020578,0.020568,0.020702
8.101,0.029278,0.029029,0.029370,0.020444,0.020435,0.020569
8.102,0.029154,0.028895,0.029245,0.020310,0.020300,0.020425
8.103,0.029029,0.028770,0.029129,0.020184,0.020165,0.020280
8.104,0.028894,0.028635,0.029002,0.020048,0.020039,0.020153
8.105,0.028758,0.028499,0.028865,0.019920,0.019911,0.020016
8.106,0.028620,0.028371,0.028737,0.019791,0.019782,0.019887
8.107,0.028491,0.028233,0.028607,0.019671,0.019652,0.019748
8.108,0.028352,0.028084,0.028476,0.019540,0.019521,0.019627
8.109,0.028212,0.027943,0.028344,0.019409,0.019399,0.019504
8.110,0.028061,0.027802,0.028201,0.019295,0.019286,0.019372
8.111,0.027928,0.027660,0.028068,0.019171,0.019151,0.019248
8.112,0.027776,0.027506,0.027933,0.019045,0.019026,0.019122
8.113,0.027621,0.027362,0.027788,0.018919,0.018901,0.018996
8.114,0.027476,0.027217,0.027641,0.018793,0.018773,0.018879
8.115,0.027330,0.027062,0.027504,0.018673,0.018645,0.018740
8.116,0.027172,0.026904,0.027355,0.018554,0.018516,0.018612
8.117,0.027015,0.026756,0.027206,0.018425,0.018386,0.018492
8.118,0.026865,0.026616,0.027055,0.018293,0.018255,0.018370
8.119,0.026725,0.026466,0.026905,0.018160,0.018122,0.018237
8.120,0.026573,0.026314,0.026761,0.018037,0.017980,0.018104
8.121,0.026421,0.026162,0.026609,0.017903,0.017836,0.017970
8.122,0.026268,0.026028,0.026454,0.017758,0.017701,0.017835
8.123,0.026132,0.025883,0.026308,0.017622,0.017555,0.017699
8.124,0.025987,0.025737,0.026161,0.017485,0.017409,0.017552
8.125,0.025831,0.025591,0.026013,0.017347,0.017261,0.017414
8.126,0.025692,0.025453,0.025866,0.017198,0.017102,0.017265
8.127,0.025553,0.025323,0.025716,0.017048,0.016953,0.017125
8.128,0.025413,0.025183,0.025575,0.016907,0.016811,0.016974
8.129,0.025281,0.025051,0.025432,0.016755,0.016650,0.016813
8.130,0.025139,0.024919,0.025288,0.016603,0.016488,0.016670
8.131,0.025006,0.024795,0.025144,0.016449,0.016333,0.016516
8.132,0.024881,0.024670,0.025009,0.016295,0.016179,0.016362
8.133,0.024755,0.024543,0.024882,0.016148,0.016023,0.016205
8.134,0.024627,0.024417,0.024744,0.015991,0.015867,0.016039
8.135,0.024500,0.024298,0.024606,0.015834,0.015708,0.015891
8.136,0.024381,0.024188,0.024476,0.015684,0.015560,0.015732
8.137,0.024250,0.024068,0.024354,0.015534,0.015410,0.015573
8.138,0.024139,0.023937,0.024232,0.015383,0.015249,0.015411
8.139,0.024006,0.023824,0.024109,0.015231,0.015096,0.015260
8.140,0.023883,0.023701,0.023985,0.015087,0.014953,0.015116
8.141,0.023759,0.023586,0.023859,0.014943,0.014818,0.014962
8.142,0.023642,0.023460,0.023742,0.014807,0.014673,0.014807
8.143,0.023517,0.023335,0.023625,0.014660,0.014526,0.014660
8.144,0.023389,0.023217,0.023506,0.014522,0.014388,0.014522
8.145,0.023260,0.023088,0.023386,0.014384,0.014258,0.014384
8.146,0.023131,0.022958,0.023255,0.014253,0.014128,0.014234
8.147,0.023011,0.022837,0.023133,0.014122,0.013996,0.014102
8.148,0.022879,0.022706,0.023011,0.013999,0.013864,0.013960
8.149,0.022747,0.022575,0.022887,0.013865,0.013740,0.013837
8.150,0.022604,0.022440,0.022762,0.013741,0.013615,0.013712
8.151,0.022470,0.022296,0.022636,0.013615,0.013499,0.013577
8.152,0.022324,0.022161,0.022500,0.013497,0.013373,0.013449
8.153,0.022188,0.022025,0.022372,0.013379,0.013255,0.013321
8.154,0.022041,0.021888,0.022243,0.013260,0.013126,0.013202
8.155,0.021903,0.021730,0.022113,0.013140,0.013005,0.013083
8.156,0.021743,0.021590,0.021983,0.013009,0.012894,0.012961
8.157,0.021603,0.021450,0.021841,0.012887,0.012771,0.012829
8.158,0.021453,0.021299,0.021699,0.012773,0.012648,0.012706
8.159,0.021300,0.021147,0.021555,0.012659,0.012524,0.012582
8.160,0.021148,0.020995,0.021421,0.012543,0.012399,0.012466
8.161,0.020993,0.020850,0.021275,0.012417,0.012272,0.012350
8.162,0.020839,0.020694,0.021128,0.012289,0.012146,0.012222
8.163,0.020692,0.020549,0.020982,0.012161,0.012017,0.012094
8.164,0.020535,0.020391,0.020833,0.012041,0.011888,0.011964
8.165,0.020386,0.020243,0.020693,0.011912,0.011757,0.011844
8.166,0.020228,0.020093,0.020543,0.011790,0.011616,0.011713
8.167,0.020068,0.019944,0.020391,0.011657,0.011485,0.011581
8.168,0.019926,0.019802,0.020239,0.011515,0.011352,0.011457
8.169,0.019774,0.019649,0.020085,0.011380,0.011218,0.011323
8.170,0.019620,0.019496,0.019941,0.011246,0.011074,0.011179
8.171,0.019477,0.019352,0.019798,0.011121,0.010930,0.011045
8.172,0.019323,0.019208,0.019654,0.010987,0.010786,0.010911
8.173,0.019179,0.019074,0.019510,0.010843,0.010652,0.010776
8.174,0.019045,0.018930,0.019366,0.010709,0.010518,0.010642
8.175,0.018901,0.018796,0.019222,0.010575,0.010374,0.010508
8.176,0.018757,0.018652,0.019088,0.010441,0.010240,0.010364
8.177,0.018614,0.018518,0.018954,0.010307,0.010096,0.010230
8.178,0.018479,0.018384,0.018820,0.010172,0.009962,0.010096
8.179,0.018345,0.018259,0.018685,0.010038,0.009827,0.009961
8.180,0.018221,0.018125,0.018561,0.009904,0.009693,0.009827
8.181,0.018086,0.018000,0.018427,0.009770,0.009569,0.009693
8.182,0.017952,0.017866,0.018302,0.009635,0.009434,0.009559
8.183,0.017818,0.017732,0.018177,0.009511,0.009310,0.009424
8.184,0.017693,0.017607,0.018053,0.009386,0.009176,0.009300
8.185,0.017559,0.017483,0.017928,0.009262,0.009051,0.009175
8.186,0.017434,0.017358,0.017794,0.009137,0.008926,0.009051
8.187,0.017310,0.017233,0.017669,0.009012,0.008811,0.008926
8.188,0.017185,0.017109,0.017554,0.008888,0.008696,0.008801
8.189,0.017051,0.016984,0.017430,0.008773,0.008572,0.008677
8.190,0.016926,0.016859,0.017314,0.008658,0.008456,0.008562
8.191,0.016802,0.016735,0.017190,0.008552,0.008341,0.008447
8.192,0.016687,0.016620,0.017065,0.008437,0.008226,0.008332
8.193,0.016562,0.016495,0.016950,0.008322,0.008121,0.008226
8.194,0.016437,0.016370,0.016826,0.008207,0.008006,0.008111
8.195,0.016313,0.016246,0.016701,0.008101,0.007900,0.007996
8.196,0.016198,0.016131,0.016586,0.007996,0.007795,0.007890
8.197,0.016073,0.016006,0.016471,0.007891,0.007689,0.007785
8.198,0.015958,0.015891,0.016346,0.007785,0.007574,0.007680
8.199,0.015843,0.015776,0.016231,0.007680,0.007469,0.007574
8.200,0.015728,0.015661,0.016106,0.007574,0.007354,0.007478
8.201,0.015613,0.015546,0.015991,0.007469,0.007248,0.007373
8.202,0.015498,0.015431,0.015876,0.007363,0.007153,0.007267
8.203,0.015383,0.015325,0.015761,0.007258,0.007038,0.007162
8.204,0.015268,0.015210,0.015656,0.007152,0.006932,0.007056
8.205,0.015162,0.015105,0.015541,0.007047,0.006817,0.006951
8.206,0.015057,0.014999,0.015426,0.006941,0.006712,0.006845
8.207,0.014951,0.014894,0.015311,0.006836,0.006597,0.006740
8.208,0.014846,0.014788,0.015205,0.006730,0.006491,0.006635
8.209,0.014740,0.014693,0.015100,0.006615,0.006376,0.006529
8.210,0.014644,0.014587,0.014994,0.006510,0.006271,0.006424
8.211,0.014539,0.014491,0.014889,0.006395,0.006155,0.006309
8.212,0.014443,0.014386,0.014793,0.006289,0.006040,0.006203
8.213,0.014347,0.014299,0.014688,0.006184,0.005925,0.006088
8.214,0.014261,0.014204,0.014592,0.006069,0.005810,0.005983
8.215,0.014165,0.014117,0.014496,0.005963,0.005705,0.005877
8.216,0.014079,0.014031,0.014400,0.005848,0.005590,0.005772
8.217,0.013993,0.013945,0.014314,0.005733,0.005484,0.005657
8.218,0.013906,0.013858,0.014218,0.005628,0.005379,0.005542
8.219,0.013820,0.013772,0.014141,0.005522,0.005273,0.005436
8.220,0.013734,0.013686,0.014055,0.005417,0.005158,0.005321
8.221,0.013647,0.013609,0.013968,0.005312,0.005053,0.005216
8.222,0.013571,0.013523,0.013882,0.005206,0.004947,0.005110
8.223,0.013494,0.013456,0.013806,0.005091,0.004852,0.005014
8.224,0.013427,0.013379,0.013719,0.004995,0.004756,0.004909
8.225,0.013350,0.013302,0.013643,0.004890,0.004660,0.004803
8.226,0.013273,0.013235,0.013566,0.004794,0.004564,0.004707
8.227,0.013206,0.013159,0.013489,0.004698,0.004478,0.004612
8.228,0.013130,0.013082,0.013422,0.004602,0.004382,0.004506
8.229,0.013063,0.013015,0.013345,0.004516,0.004296,0.004420
8.230,0.012986,0.012938,0.013278,0.004420,0.004209,0.004324
8.231,0.012919,0.012871,0.013211,0.004334,0.004123,0.004238
8.232,0.012852,0.012804,0.013134,0.004247,0.004046,0.004161
8.233,0.012785,0.012737,0.013067,0.004161,0.003970,0.004075
8.234,0.012717,0.012670,0.013000,0.004075,0.003902,0.003988
8.235,0.012650,0.012603,0.012923,0.003998,0.003826,0.003912
8.236,0.012583,0.012535,0.012856,0.003921,0.003749,0.003825
8.237,0.012516,0.012468,0.012789,0.003854,0.003682,0.003749
8.238,0.012449,0.012401,0.012722,0.003787,0.003615,0.003672
8.239,0.012391,0.012334,0.012665,0.003710,0.003548,0.003605
8.240,0.012324,0.012267,0.012597,0.003643,0.003481,0.003538
8.241,0.012257,0.012200,0.012530,0.003576,0.003413,0.003471
8.242,0.012190,0.012133,0.012473,0.003509,0.003346,0.003404
8.243,0.012123,0.012066,0.012415,0.003442,0.003289,0.003336
8.244,0.012065,0.011999,0.012348,0.003384,0.003222,0.003269
8.245,0.011998,0.011941,0.012291,0.003317,0.003164,0.003212
8.246,0.011941,0.011874,0.012224,0.003250,0.003107,0.003145
8.247,0.011883,0.011816,0.012166,0.003193,0.003040,0.003078
8.248,0.011826,0.011749,0.012109,0.003135,0.002982,0.003020
8.249,0.011759,0.011692,0.012051,0.003078,0.002925,0.002953
8.250,0.011701,0.011634,0.011993,0.003011,0.002867,0.002895
8.251,0.011644,0.011577,0.011936,0.002953,0.002800,0.002828
8.252,0.011586,0.011510,0.011878,0.002895,0.002742,0.002771
8.253,0.011529,0.011452,0.011821,0.002838,0.002685,0.002713
8.254,0.011471,0.011395,0.011773,0.002780,0.002627,0.002656
8.255,0.011414,0.011337,0.011725,0.002723,0.002570,0.002598
8.256,0.011356,0.011279,0.011668,0.002665,0.002522,0.002541
8.257,0.011298,0.011222,0.011620,0.002608,0.002464,0.002483
8.258,0.011241,0.011164,0.011572,0.002550,0.002416,0.002435
8.259,0.011183,0.011107,0.011524,0.002502,0.002368,0.002378
8.260,0.011135,0.011049,0.011476,0.002445,0.002321,0.002320
8.261,0.011078,0.011001,0.011428,0.002397,0.002273,0.002272
8.262,0.011030,0.010953,0.011380,0.002339,0.002234,0.002215
8.263,0.010982,0.010896,0.011332,0.002291,0.002186,0.002167
8.264,0.010925,0.010848,0.011284,0.002244,0.002148,0.002119
8.265,0.010877,0.010791,0.011246,0.002205,0.002110,0.002071
8.266,0.010829,0.010743,0.011198,0.002157,0.002071,0.002023
8.267,0.010781,0.010695,0.011159,0.002119,0.002033,0.001985
8.268,0.010733,0.010637,0.011111,0.002081,0.001995,0.001946
8.269,0.010675,0.010589,0.011073,0.002042,0.001966,0.001908
8.270,0.010627,0.010532,0.011035,0.002004,0.001937,0.001870
8.271,0.010579,0.010484,0.010996,0.001975,0.001908,0.001831
8.272,0.010531,0.010436,0.010958,0.001946,0.001880,0.001802
8.273,0.010484,0.010378,0.010910,0.001918,0.001860,0.001774
8.274,0.010426,0.010330,0.010872,0.001889,0.001832,0.001735
8.275,0.010378,0.010282,0.010833,0.001860,0.001812,0.001716
8.276,0.010330,0.010234,0.010795,0.001841,0.001793,0.001687
8.277,0.010282,0.010186,0.010757,0.001812,0.001774,0.001659
8.278,0.010234,0.010129,0.010709,0.001793,0.001755,0.001640
8.279,0.010186,0.010081,0.010670,0.001774,0.001745,0.001620
8.280,0.010138,0.010033,0.010632,0.001755,0.001726,0.001601
8.281,0.010090,0.009985,0.010594,0.001745,0.001717,0.001582
8.282,0.010043,0.009928,0.010546,0.001726,0.001697,0.001563
8.283,0.009995,0.009880,0.010507,0.001716,0.001688,0.001544
8.284,0.009947,0.009822,0.010469,0.001697,0.001669,0.001534
8.285,0.009889,0.009774,0.010421,0.001687,0.001659,0.001515
8.286,0.009841,0.009717,0.010383,0.001668,0.001649,0.001505
8.287,0.009793,0.009659,0.010344,0.001659,0.001630,0.001496
8.288,0.009736,0.009611,0.010297,0.001649,0.001621,0.001477
8.289,0.009688,0.009554,0.010258,0.001630,0.001611,0.001467
8.290,0.009640,0.009506,0.010220,0.001620,0.001601,0.001457
8.291,0.009582,0.009448,0.010181,0.001611,0.001582,0.001448
8.292,0.009534,0.009400,0.010143,0.001601,0.001573,0.001438
8.293,0.009486,0.009343,0.010105,0.001582,0.001563,0.001419
8.294,0.009429,0.009295,0.010057,0.001572,0.001554,0.001409
8.295,0.009381,0.009247,0.010018,0.001563,0.001544,0.001400
8.296,0.009333,0.009189,0.009980,0.001553,0.001534,0.001390
8.297,0.009285,0.009141,0.009942,0.001534,0.001525,0.001381
8.298,0.009237,0.009084,0.009903,0.001524,0.001515,0.001371
8.299,0.009180,0.009026,0.009865,0.001515,0.001506,0.001361
8.300,0.009132,0.008978,0.009817,0.001505,0.001496,0.001361
8.301,0.009084,0.008921,0.009779,0.001496,0.001486,0.001352
8.302,0.009026,0.008873,0.009740,0.001486,0.001486,0.001342
8.303,0.008978,0.008816,0.009702,0.001477,0.001477,0.001333
8.304,0.008930,0.008768,0.009654,0.001467,0.001467,0.001333
8.305,0.008882,0.008710,0.009616,0.001457,0.001467,0.001323
8.306,0.008835,0.008662,0.009577,0.001457,0.001467,0.001323
8.307,0.008777,0.008614,0.009539,0.001448,0.001458,0.001323
8.308,0.008729,0.008566,0.009501,0.001448,0.001458,0.001314
8.309,0.008681,0.008518,0.009462,0.001438,0.001458,0.001314
8.310,0.008633,0.008461,0.009424,0.001438,0.001458,0.001314
8.311,0.008585,0.008413,0.009386,0.001438,0.001458,0.001314
8.312,0.008537,0.008365,0.009347,0.001438,0.001458,0.001314
8.313,0.008489,0.008307,0.009309,0.001438,0.001458,0.001314
8.314,0.008441,0.008259,0.009261,0.001438,0.001458,0.001314
8.315,0.008394,0.008211,0.009223,0.001438,0.001458,0.001314
8.316,0.008346,0.008154,0.009184,0.001438,0.001458,0.001314
8.317,0.008298,0.008106,0.009146,0.001438,0.001458,0.001314
8.318,0.008250,0.008049,0.009108,0.001438,0.001458,0.001314
8.319,0.008192,0.007991,0.009060,0.001438,0.001458,0.001314
8.320,0.008144,0.007943,0.009021,0.001438,0.001458,0.001314
8.321,0.008087,0.007886,0.008983,0.001438,0.001458,0.001314
8.322,0.008039,0.007838,0.008935,0.001438,0.001458,0.001323
8.323,0.007991,0.007780,0.008897,0.001438,0.001458,0.001323
8.324,0.007943,0.007732,0.008858,0.001438,0.001458,0.001323
8.325,0.007885,0.007684,0.008810,0.001438,0.001458,0.001323
8.326,0.007837,0.007627,0.008763,0.001438,0.001458,0.001323
8.327,0.007789,0.007579,0.008724,0.001438,0.001448,0.001323
8.328,0.007732,0.007521,0.008676,0.001438,0.001448,0.001323
8.329,0.007684,0.007473,0.008638,0.001429,0.001448,0.001323
8.330,0.007636,0.007416,0.008590,0.001429,0.001448,0.001323
8.331,0.007588,0.007368,0.008552,0.001429,0.001448,0.001323
8.332,0.007540,0.007310,0.008504,0.001429,0.001448,0.001323
8.333,0.007483,0.007253,0.008465,0.001429,0.001438,0.001314
8.334,0.007435,0.007205,0.008417,0.001419,0.001438,0.001314
8.335,0.007387,0.007157,0.008369,0.001419,0.001438,0.001314
8.336,0.007329,0.007099,0.008331,0.001419,0.001438,0.001314
8.337,0.007281,0.007051,0.008283,0.001419,0.001438,0.001314
8.338,0.007233,0.007003,0.008235,0.001409,0.001429,0.001314
8.339,0.007176,0.006946,0.008197,0.001409,0.001429,0.001314
8.340,0.007128,0.006898,0.008149,0.001409,0.001429,0.001314
8.341,0.007080,0.006850,0.008101,0.001409,0.001429,0.001314
8.342,0.007032,0.006802,0.008053,0.001400,0.001429,0.001314
8.343,0.006984,0.006754,0.008015,0.001400,0.001429,0.001314
8.344,0.006946,0.006706,0.007967,0.001400,0.001429,0.001314
8.345,0.006898,0.006658,0.007919,0.001400,0.001429,0.001314
8.346,0.006850,0.006601,0.007871,0.001400,0.001429,0.001314
8.347,0.006802,0.006553,0.007833,0.001390,0.001429,0.001314
8.348,0.006754,0.006505,0.007785,0.001390,0.001429,0.001304
8.349,0.006716,0.006457,0.007737,0.001390,0.001429,0.001304
8.350,0.006668,0.006409,0.007698,0.001390,0.001429,0.001304
8.351,0.006620,0.006361,0.007650,0.001390,0.001429,0.001304
8.352,0.006572,0.006313,0.007602,0.001390,0.001429,0.001304
8.353,0.006524,0.006265,0.007555,0.001390,0.001429,0.001304
8.354,0.006476,0.006227,0.007507,0.001390,0.001429,0.001304
8.355,0.006428,0.006179,0.007459,0.001390,0.001429,0.001304
8.356,0.006390,0.006131,0.007420,0.001390,0.001429,0.001304
8.357,0.006342,0.006093,0.007363,0.001390,0.001429,0.001304
8.358,0.006294,0.006045,0.007315,0.001390,0.001429,0.001304
8.359,0.006256,0.006006,0.007267,0.001390,0.001429,0.001304
8.360,0.006208,0.005958,0.007219,0.001390,0.001429,0.001304
8.361,0.006169,0.005911,0.007171,0.001390,0.001429,0.001304
8.362,0.006121,0.005872,0.007123,0.001390,0.001419,0.001304
8.363,0.006083,0.005834,0.007075,0.001390,0.001419,0.001304
8.364,0.006035,0.005786,0.007018,0.001390,0.001419,0.001304
8.365,0.005997,0.005748,0.006970,0.001390,0.001419,0.001304
8.366,0.005958,0.005700,0.006922,0.001390,0.001419,0.001304
8.367,0.005910,0.005661,0.006874,0.001381,0.001419,0.001304
8.368,0.005872,0.005623,0.006826,0.001381,0.001419,0.001304
8.369,0.005834,0.005575,0.006778,0.001381,0.001419,0.001304
8.370,0.005786,0.005537,0.006730,0.001381,0.001419,0.001304
8.371,0.005747,0.005498,0.006682,0.001381,0.001410,0.001304
8.372,0.005709,0.005460,0.006634,0.001381,0.001410,0.001304
8.373,0.005671,0.005422,0.006586,0.001381,0.001410,0.001304
8.374,0.005632,0.005383,0.006529,0.001371,0.001410,0.001304
8.375,0.005594,0.005354,0.006481,0.001371,0.001410,0.001304
8.376,0.005556,0.005316,0.006433,0.001371,0.001410,0.001304
8.377,0.005517,0.005278,0.006385,0.001371,0.001400,0.001304
8.378,0.005479,0.005249,0.006327,0.001362,0.001400,0.001304
8.379,0.005450,0.005211,0.006279,0.001362,0.001400,0.001304
8.380,0.005412,0.005182,0.006231,0.001362,0.001400,0.001304
8.381,0.005383,0.005144,0.006184,0.001362,0.001391,0.001304
8.382,0.005345,0.005115,0.006136,0.001362,0.001391,0.001304
8.383,0.005316,0.005086,0.006088,0.001352,0.001391,0.001294
8.384,0.005287,0.005057,0.006049,0.001352,0.001391,0.001294
8.385,0.005249,0.005019,0.006001,0.001352,0.001391,0.001294
8.386,0.005220,0.004990,0.005953,0.001342,0.001381,0.001294
8.387,0.005191,0.004961,0.005905,0.001342,0.001381,0.001294
8.388,0.005163,0.004933,0.005858,0.001342,0.001381,0.001294
8.389,0.005134,0.004904,0.005810,0.001342,0.001381,0.001294
8.390,0.005105,0.004875,0.005771,0.001342,0.001371,0.001294
8.391,0.005076,0.004856,0.005723,0.001333,0.001371,0.001285
8.392,0.005048,0.004827,0.005675,0.001333,0.001371,0.001285
8.393,0.005019,0.004798,0.005627,0.001333,0.001371,0.001285
8.394,0.004990,0.004779,0.005580,0.001333,0.001371,0.001285
8.395,0.004961,0.004750,0.005532,0.001323,0.001371,0.001285
8.396,0.004942,0.004722,0.005484,0.001323,0.001362,0.001285
8.397,0.004913,0.004703,0.005445,0.001323,0.001362,0.001285
8.398,0.004885,0.004683,0.005397,0.001323,0.001362,0.001285
8.399,0.004856,0.004664,0.005349,0.001323,0.001362,0.001285
8.400,0.004837,0.004635,0.005311,0.001314,0.001362,0.001275
8.401,0.004808,0.004616,0.005263,0.001314,0.001352,0.001275
8.402,0.004789,0.004597,0.005225,0.001314,0.001352,0.001275
8.403,0.004760,0.004578,0.005177,0.001314,0.001352,0.001275
8.404,0.004741,0.004559,0.005138,0.001304,0.001343,0.001275
8.405,0.004722,0.004540,0.005100,0.001304,0.001343,0.001275
8.406,0.004702,0.004520,0.005052,0.001304,0.001343,0.001275
8.407,0.004683,0.004501,0.005014,0.001304,0.001343,0.001275
8.408,0.004664,0.004482,0.004976,0.001294,0.001333,0.001275
8.409,0.004645,0.004472,0.004928,0.001294,0.001333,0.001275
8.410,0.004626,0.004453,0.004889,0.001294,0.001333,0.001275
8.411,0.004606,0.004434,0.004851,0.001285,0.001323,0.001275
8.412,0.004587,0.004424,0.004813,0.001285,0.001323,0.001275
8.413,0.004568,0.004405,0.004774,0.001275,0.001314,0.001275
8.414,0.004559,0.004396,0.004736,0.001275,0.001314,0.001266
8.415,0.004539,0.004377,0.004697,0.001266,0.001314,0.001266
8.416,0.004520,0.004367,0.004659,0.001266,0.001304,0.001266
8.417,0.004511,0.004348,0.004621,0.001256,0.001304,0.001266
8.418,0.004491,0.004338,0.004592,0.001256,0.001295,0.001266
8.419,0.004482,0.004329,0.004554,0.001256,0.001295,0.001256
8.420,0.004472,0.004319,0.004525,0.001246,0.001285,0.001256
8.421,0.004453,0.004309,0.004487,0.001246,0.001285,0.001256
8.422,0.004443,0.004290,0.004458,0.001237,0.001276,0.001256
8.423,0.004434,0.004281,0.004419,0.001237,0.001276,0.001256
8.424,0.004424,0.004271,0.004391,0.001227,0.001276,0.001246
8.425,0.004415,0.004271,0.004362,0.001227,0.001266,0.001246
8.426,0.004405,0.004261,0.004324,0.001218,0.001266,0.001246
8.427,0.004396,0.004252,0.004295,0.001218,0.001256,0.001246
8.428,0.004386,0.004242,0.004266,0.001208,0.001256,0.001237
8.429,0.004376,0.004233,0.004237,0.001208,0.001247,0.001237
8.430,0.004367,0.004233,0.004209,0.001199,0.001247,0.001237
8.431,0.004357,0.004223,0.004180,0.001199,0.001247,0.001237
8.432,0.004348,0.004214,0.004151,0.001189,0.001237,0.001227
8.433,0.004338,0.004214,0.004122,0.001189,0.001237,0.001227
8.434,0.004328,0.004204,0.004093,0.001179,0.001228,0.001227
8.435,0.004328,0.004204,0.004065,0.001179,0.001228,0.001227
8.436,0.004319,0.004194,0.004036,0.001170,0.001218,0.001227
8.437,0.004309,0.004185,0.004017,0.001170,0.001218,0.001218
8.438,0.004309,0.004185,0.003988,0.001160,0.001208,0.001218
8.439,0.004300,0.004185,0.003959,0.001160,0.001208,0.001218
8.440,0.004290,0.004175,0.003940,0.001151,0.001199,0.001218
8.441,0.004290,0.004175,0.003911,0.001151,0.001199,0.001208
8.442,0.004281,0.004166,0.003892,0.001141,0.001199,0.001208
8.443,0.004281,0.004166,0.003863,0.001131,0.001189,0.001208
8.444,0.004271,0.004166,0.003844,0.001131,0.001189,0.001198
8.445,0.004271,0.004156,0.003825,0.001122,0.001180,0.001198
8.446,0.004261,0.004156,0.003806,0.001122,0.001180,0.001198
8.447,0.004261,0.004146,0.003787,0.001112,0.001170,0.001198
8.448,0.004261,0.004146,0.003768,0.001103,0.001160,0.001189
8.449,0.004252,0.004146,0.003748,0.001103,0.001160,0.001189
8.450,0.004252,0.004137,0.003729,0.001093,0.001151,0.001179
8.451,0.004252,0.004137,0.003710,0.001083,0.001151,0.001179
8.452,0.004242,0.004137,0.003700,0.001083,0.001141,0.001179
8.453,0.004242,0.004137,0.003681,0.001074,0.001132,0.001170
8.454,0.004242,0.004127,0.003662,0.001064,0.001132,0.001170
8.455,0.004233,0.004127,0.003652,0.001064,0.001122,0.001160
8.456,0.004233,0.004127,0.003633,0.001055,0.001122,0.001160
8.457,0.004233,0.004127,0.003624,0.001045,0.001113,0.001160
8.458,0.004233,0.004127,0.003605,0.001036,0.001103,0.001151
8.459,0.004233,0.004127,0.003595,0.001036,0.001103,0.001151
8.460,0.004233,0.004118,0.003576,0.001026,0.001093,0.001141
8.461,0.004223,0.004118,0.003566,0.001016,0.001084,0.001141
8.462,0.004223,0.004118,0.003557,0.001016,0.001084,0.001131
8.463,0.004223,0.004118,0.003547,0.001007,0.001074,0.001131
8.464,0.004223,0.004118,0.003528,0.000997,0.001065,0.001122
8.465,0.004223,0.004118,0.003518,0.000988,0.001065,0.001122
8.466,0.004223,0.004118,0.003509,0.000988,0.001055,0.001112
8.467,0.004223,0.004118,0.003499,0.000978,0.001055,0.001103
8.468,0.004223,0.004118,0.003489,0.000968,0.001045,0.001103
8.469,0.004223,0.004118,0.003480,0.000968,0.001036,0.001093
8.470,0.004223,0.004118,0.003470,0.000959,0.001036,0.001093
8.471,0.004223,0.004118,0.003470,0.000949,0.001026,0.001083
8.472,0.004223,0.004118,0.003461,0.000949,0.001017,0.001083
8.473,0.004223,0.004118,0.003451,0.000940,0.001017,0.001074
8.474,0.004213,0.004118,0.003442,0.000930,0.001007,0.001064
8.475,0.004213,0.004118,0.003442,0.000930,0.001007,0.001064
8.476,0.004213,0.004118,0.003432,0.000920,0.000997,0.001055
8.477,0.004213,0.004118,0.003422,0.000911,0.000988,0.001055
8.478,0.004213,0.004118,0.003422,0.000911,0.000988,0.001045
8.479,0.004213,0.004118,0.003413,0.000901,0.000978,0.001045
8.480,0.004213,0.004118,0.003413,0.000901,0.000978,0.001035
8.481,0.004213,0.004118,0.003403,0.000892,0.000969,0.001026
8.482,0.004213,0.004118,0.003403,0.000882,0.000959,0.001026
8.483,0.004213,0.004118,0.003403,0.000882,0.000959,0.001016
8.484,0.004213,0.004118,0.003394,0.000873,0.000950,0.001016
8.485,0.004213,0.004118,0.003394,0.000873,0.000950,0.001007
8.486,0.004213,0.004108,0.003394,0.000863,0.000940,0.000997
8.487,0.004213,0.004108,0.003394,0.000853,0.000930,0.000997
8.488,0.004213,0.004108,0.003384,0.000853,0.000930,0.000988
8.489,0.004213,0.004108,0.003384,0.000844,0.000921,0.000988
8.490,0.004213,0.004108,0.003384,0.000844,0.000921,0.000978
8.491,0.004213,0.004108,0.003384,0.000834,0.000911,0.000968
8.492,0.004213,0.004108,0.003384,0.000825,0.000902,0.000968
8.493,0.004204,0.004108,0.003374,0.000825,0.000902,0.000959
8.494,0.004204,0.004108,0.003374,0.000815,0.000892,0.000949
8.495,0.004204,0.004108,0.003374,0.000815,0.000892,0.000949
8.496,0.004204,0.004098,0.003374,0.000805,0.000882,0.000940
8.497,0.004204,0.004098,0.003374,0.000796,0.000873,0.000930
8.498,0.004204,0.004098,0.003374,0.000796,0.000873,0.000930
8.499,0.004204,0.004098,0.003374,0.000786,0.000863,0.000920
8.500,0.004204,0.004098,0.003374,0.000777,0.000854,0.000911
8.501,0.004204,0.004098,0.003374,0.000777,0.000854,0.000901
8.502,0.004204,0.004098,0.003374,0.000767,0.000844,0.000901
8.503,0.004204,0.004098,0.003374,0.000767,0.000834,0.000892
8.504,0.004194,0.004098,0.003374,0.000757,0.000825,0.000882
8.505,0.004194,0.004098,0.003374,0.000748,0.000825,0.000873
8.506,0.004194,0.004098,0.003374,0.000748,0.000815,0.000863
8.507,0.004194,0.004089,0.003374,0.000738,0.000806,0.000863
8.508,0.004194,0.004089,0.003374,0.000729,0.000806,0.000853
8.509,0.004194,0.004089,0.003374,0.000729,0.000796,0.000844
8.510,0.004194,0.004089,0.003374,0.000719,0.000787,0.000834
8.511,0.004194,0.004089,0.003374,0.000710,0.000787,0.000825
8.512,0.004194,0.004089,0.003374,0.000710,0.000777,0.000825
8.513,0.004194,0.004089,0.003374,0.000700,0.000767,0.000815
8.514,0.004185,0.004089,0.003374,0.000690,0.000767,0.000805
8.515,0.004185,0.004079,0.003374,0.000690,0.000758,0.000796
8.516,0.004185,0.004079,0.003374,0.000681,0.000748,0.000796
8.517,0.004185,0.004079,0.003374,0.000681,0.000748,0.000786
8.518,0.004185,0.004079,0.003374,0.000671,0.000739,0.000777
8.519,0.004185,0.004079,0.003374,0.000662,0.000729,0.000767
8.520,0.004175,0.004079,0.003374,0.000662,0.000729,0.000767
8.521,0.004175,0.004070,0.003374,0.000652,0.000719,0.000757
8.522,0.004175,0.004070,0.003374,0.000652,0.000710,0.000748
8.523,0.004175,0.004070,0.003374,0.000642,0.000710,0.000748
8.524,0.004175,0.004070,0.003374,0.000642,0.000700,0.000738
8.525,0.004165,0.004070,0.003374,0.000633,0.000691,0.000729
8.526,0.004165,0.004060,0.003374,0.000633,0.000691,0.000729
8.527,0.004165,0.004060,0.003374,0.000623,0.000681,0.000719
8.528,0.004165,0.004060,0.003374,0.000614,0.000681,0.000710
8.529,0.004165,0.004060,0.003374,0.000614,0.000671,0.000700
8.530,0.004156,0.004060,0.003374,0.000604,0.000662,0.000700
8.531,0.004156,0.004051,0.003365,0.000604,0.000662,0.000690
8.532,0.004156,0.004051,0.003365,0.000595,0.000652,0.000681
8.533,0.004156,0.004051,0.003365,0.000595,0.000643,0.000681
8.534,0.004146,0.004041,0.003365,0.000585,0.000643,0.000671
8.535,0.004146,0.004041,0.003365,0.000575,0.000633,0.000662
8.536,0.004146,0.004041,0.003365,0.000575,0.000624,0.000662
8.537,0.004137,0.004041,0.003365,0.000566,0.000624,0.000652
8.538,0.004137,0.004031,0.003365,0.000566,0.000614,0.000642
8.539,0.004137,0.004031,0.003365,0.000556,0.000604,0.000642
8.540,0.004137,0.004031,0.003365,0.000547,0.000604,0.000633
8.541,0.004127,0.004022,0.003365,0.000547,0.000595,0.000623
8.542,0.004127,0.004022,0.003365,0.000537,0.000585,0.000623
8.543,0.004118,0.004022,0.003355,0.000537,0.000585,0.000614
8.544,0.004118,0.004012,0.003355,0.000527,0.000576,0.000604
8.545,0.004118,0.004012,0.003355,0.000518,0.000566,0.000604
8.546,0.004108,0.004012,0.003355,0.000518,0.000556,0.000594
8.547,0.004108,0.004003,0.003355,0.000508,0.000556,0.000585
8.548,0.004108,0.004003,0.003355,0.000499,0.000547,0.000585
8.549,0.004098,0.004003,0.003355,0.000499,0.000537,0.000575
8.550,0.004098,0.003993,0.003355,0.000489,0.000528,0.000566
8.551,0.004098,0.003993,0.003355,0.000479,0.000528,0.000566
8.552,0.004089,0.003993,0.003355,0.000479,0.000518,0.000556
8.553,0.004089,0.003983,0.003355,0.000470,0.000509,0.000556
8.554,0.004079,0.003983,0.003355,0.000460,0.000509,0.000547
8.555,0.004079,0.003974,0.003355,0.000460,0.000499,0.000537
8.556,0.004079,0.003974,0.003355,0.000451,0.000489,0.000537
8.557,0.004070,0.003974,0.003355,0.000441,0.000480,0.000527
8.558,0.004070,0.003964,0.003346,0.000441,0.000480,0.000527
8.559,0.004060,0.003964,0.003346,0.000432,0.000470,0.000518
8.560,0.004060,0.003955,0.003346,0.000432,0.000461,0.000518
8.561,0.004050,0.003955,0.003346,0.000422,0.000461,0.000508
8.562,0.004050,0.003945,0.003346,0.000412,0.000451,0.000499
8.563,0.004041,0.003945,0.003346,0.000412,0.000441,0.000499
8.564,0.004041,0.003936,0.003346,0.000403,0.000441,0.000489
8.565,0.004031,0.003936,0.003346,0.000403,0.000432,0.000489
8.566,0.004031,0.003926,0.003346,0.000393,0.000422,0.000479
8.567,0.004022,0.003926,0.003346,0.000393,0.000422,0.000479
8.568,0.004022,0.003916,0.003346,0.000384,0.000413,0.000470
8.569,0.004012,0.003916,0.003346,0.000374,0.000403,0.000470
8.570,0.004012,0.003907,0.003336,0.000374,0.000403,0.000460
8.571,0.004002,0.003907,0.003336,0.000364,0.000393,0.000460
8.572,0.003993,0.003897,0.003336,0.000364,0.000384,0.000460
8.573,0.003993,0.003897,0.003336,0.000355,0.000384,0.000451
8.574,0.003983,0.003888,0.003336,0.000345,0.000374,0.000451
8.575,0.003983,0.003888,0.003336,0.000345,0.000365,0.000441
8.576,0.003974,0.003878,0.003336,0.000336,0.000355,0.000441
8.577,0.003964,0.003868,0.003326,0.000336,0.000355,0.000431
8.578,0.003964,0.003868,0.003326,0.000326,0.000346,0.000431
8.579,0.003955,0.003859,0.003326,0.000316,0.000336,0.000422
8.580,0.003945,0.003859,0.003326,0.000316,0.000336,0.000422
8.581,0.003945,0.003849,0.003326,0.000307,0.000326,0.000422
8.582,0.003935,0.003849,0.003326,0.000297,0.000317,0.000412
8.583,0.003926,0.003840,0.003317,0.000297,0.000317,0.000412
8.584,0.003926,0.003840,0.003317,0.000288,0.000307,0.000403
8.585,0.003916,0.003830,0.003317,0.000278,0.000307,0.000403
8.586,0.003916,0.003820,0.003317,0.000278,0.000298,0.000393
8.587,0.003907,0.003820,0.003317,0.000269,0.000288,0.000393
8.588,0.003897,0.003811,0.003317,0.000269,0.000288,0.000384
8.589,0.003897,0.003811,0.003307,0.000259,0.000278,0.000384
8.590,0.003887,0.003801,0.003307,0.000249,0.000278,0.000384
8.591,0.003878,0.003801,0.003307,0.000249,0.000269,0.000374
8.592,0.003878,0.003792,0.003307,0.000240,0.000259,0.000374
8.593,0.003868,0.003782,0.003307,0.000240,0.000259,0.000364
8.594,0.003859,0.003782,0.003298,0.000230,0.000250,0.000364
8.595,0.003859,0.003773,0.003298,0.000221,0.000250,0.000364
8.596,0.003849,0.003773,0.003298,0.000221,0.000240,0.000355
8.597,0.003839,0.003763,0.003298,0.000211,0.000240,0.000355
8.598,0.003830,0.003763,0.003298,0.000211,0.000230,0.000355
8.599,0.003830,0.003753,0.003288,0.000201,0.000230,0.000345
8.600,0.003820,0.003744,0.003288,0.000201,0.000221,0.000345
8.601,0.003811,0.003744,0.003288,0.000192,0.000221,0.000336
8.602,0.003811,0.003734,0.003288,0.000192,0.000221,0.000336
8.603,0.003801,0.003725,0.003279,0.000182,0.000211,0.000336
8.604,0.003792,0.003725,0.003279,0.000182,0.000211,0.000326
8.605,0.003782,0.003715,0.003279,0.000173,0.000202,0.000326
8.606,0.003782,0.003715,0.003269,0.000173,0.000202,0.000326
8.607,0.003772,0.003705,0.003269,0.000163,0.000202,0.000326
8.608,0.003763,0.003696,0.003269,0.000163,0.000192,0.000316
8.609,0.003753,0.003696,0.003269,0.000153,0.000192,0.000316
8.610,0.003753,0.003686,0.003259,0.000153,0.000192,0.000316
8.611,0.003744,0.003677,0.003259,0.000144,0.000183,0.000307
8.612,0.003734,0.003677,0.003259,0.000144,0.000183,0.000307
8.613,0.003724,0.003667,0.003250,0.000134,0.000173,0.000307
8.614,0.003724,0.003667,0.003250,0.000134,0.000173,0.000297
8.615,0.003715,0.003657,0.003250,0.000125,0.000173,0.000297
8.616,0.003705,0.003648,0.003240,0.000125,0.000163,0.000297
8.617,0.003696,0.003648,0.003240,0.000115,0.000163,0.000288
8.618,0.003696,0.003638,0.003231,0.000115,0.000163,0.000288
8.619,0.003686,0.003638,0.003231,0.000106,0.000163,0.000288
8.620,0.003677,0.003629,0.003231,0.000106,0.000154,0.000288
8.621,0.003677,0.003619,0.003221,0.000106,0.000154,0.000278
8.622,0.003667,0.003619,0.003221,0.000096,0.000154,0.000278
8.623,0.003657,0.003610,0.003221,0.000096,0.000144,0.000278
8.624,0.003648,0.003600,0.003211,0.000086,0.000144,0.000269
8.625,0.003648,0.003600,0.003211,0.000086,0.000144,0.000269
8.626,0.003638,0.003590,0.003202,0.000077,0.000135,0.000269
8.627,0.003629,0.003590,0.003202,0.000077,0.000135,0.000259
8.628,0.003619,0.003581,0.003202,0.000077,0.000135,0.000259
8.629,0.003619,0.003571,0.003192,0.000067,0.000135,0.000259
8.630,0.003609,0.003571,0.003192,0.000067,0.000125,0.000249
8.631,0.003600,0.003562,0.003183,0.000067,0.000125,0.000249
8.632,0.003600,0.003562,0.003183,0.000058,0.000125,0.000249
8.633,0.003590,0.003552,0.003173,0.000058,0.000125,0.000240
8.634,0.003581,0.003542,0.003173,0.000058,0.000115,0.000240
8.635,0.003581,0.003542,0.003173,0.000048,0.000115,0.000240
8.636,0.003571,0.003533,0.003163,0.000048,0.000115,0.000230
8.637,0.003561,0.003523,0.003163,0.000048,0.000115,0.000230
8.638,0.003552,0.003523,0.003154,0.000038,0.000115,0.000230
8.639,0.003552,0.003514,0.003154,0.000038,0.000106,0.000230
8.640,0.003542,0.003514,0.003144,0.000038,0.000106,0.000221
8.641,0.003533,0.003504,0.003144,0.000029,0.000106,0.000221
8.642,0.003533,0.003494,0.003135,0.000029,0.000106,0.000221
8.643,0.003523,0.003494,0.003135,0.000029,0.000106,0.000221
8.644,0.003514,0.003485,0.003135,0.000029,0.000106,0.000211
8.645,0.003504,0.003485,0.003125,0.000019,0.000106,0.000211
8.646,0.003504,0.003475,0.003125,0.000019,0.000106,0.000211
8.647,0.003494,0.003466,0.003116,0.000019,0.000096,0.000211
8.648,0.003485,0.003466,0.003116,0.000019,0.000096,0.000201
8.649,0.003485,0.003456,0.003106,0.000010,0.000096,0.000201
8.650,0.003475,0.003447,0.003106,0.000010,0.000096,0.000201
8.651,0.003466,0.003447,0.003096,0.000010,0.000096,0.000201
8.652,0.003456,0.003437,0.003096,0.000010,0.000096,0.000192
8.653,0.003456,0.003427,0.003087,0.000010,0.000096,0.000192
8.654,0.003446,0.003427,0.003087,0.000000,0.000096,0.000192
8.655,0.003437,0.003418,0.003077,0.000000,0.000096,0.000192
8.656,0.003427,0.003408,0.003077,0.000000,0.000096,0.000192
8.657,0.003427,0.003408,0.003068,0.000000,0.000096,0.000182
8.658,0.003418,0.003399,0.003058,0.000000,0.000087,0.000182
8.659,0.003408,0.003399,0.003058,0.000000,0.000087,0.000182
8.660,0.003408,0.003389,0.003048,-0.000009,0.000087,0.000182
8.661,0.003398,0.003379,0.003048,-0.000009,0.000087,0.000182
8.662,0.003389,0.003379,0.003039,-0.000009,0.000087,0.000173
8.663,0.003379,0.003370,0.003039,-0.000009,0.000087,0.000173
8.664,0.003379,0.003360,0.003029,-0.000009,0.000087,0.000173
8.665,0.003370,0.003360,0.003020,-0.000009,0.000087,0.000173
8.666,0.003360,0.003351,0.003020,-0.000019,0.000087,0.000163
8.667,0.003351,0.003341,0.003010,-0.000019,0.000087,0.000163
8.668,0.003351,0.003341,0.003010,-0.000019,0.000087,0.000163
8.669,0.003341,0.003332,0.003001,-0.000019,0.000087,0.000163
8.670,0.003331,0.003322,0.003001,-0.000019,0.000087,0.000153
8.671,0.003331,0.003322,0.002991,-0.000019,0.000077,0.000153
8.672,0.003322,0.003312,0.002991,-0.000019,0.000077,0.000153
8.673,0.003312,0.003312,0.002981,-0.000019,0.000077,0.000153
8.674,0.003303,0.003303,0.002972,-0.000019,0.000077,0.000153
8.675,0.003303,0.003293,0.002972,-0.000029,0.000077,0.000144
8.676,0.003293,0.003293,0.002962,-0.000029,0.000077,0.000144
8.677,0.003283,0.003284,0.002962,-0.000029,0.000077,0.000144
8.678,0.003283,0.003284,0.002953,-0.000029,0.000077,0.000144
8.679,0.003274,0.003274,0.002953,-0.000029,0.000077,0.000134
8.680,0.003264,0.003264,0.002943,-0.000029,0.000077,0.000134
8.681,0.003264,0.003264,0.002943,-0.000029,0.000077,0.000134
8.682,0.003255,0.003255,0.002933,-0.000029,0.000077,0.000134
8.683,0.003245,0.003245,0.002924,-0.000029,0.000077,0.000134
8.684,0.003235,0.003245,0.002924,-0.000029,0.000077,0.000125
8.685,0.003235,0.003236,0.002914,-0.000029,0.000077,0.000125
8.686,0.003226,0.003226,0.002914,-0.000029,0.000077,0.000125
8.687,0.003216,0.003226,0.002905,-0.000029,0.000077,0.000125
8.688,0.003216,0.003216,0.002905,-0.000038,0.000077,0.000125
8.689,0.003207,0.003216,0.002895,-0.000038,0.000077,0.000115
8.690,0.003197,0.003207,0.002885,-0.000038,0.000077,0.000115
8.691,0.003188,0.003197,0.002885,-0.000038,0.000077,0.000115
8.692,0.003188,0.003197,0.002876,-0.000038,0.000067,0.000115
8.693,0.003178,0.003188,0.002876,-0.000038,0.000067,0.000115
8.694,0.003168,0.003178,0.002866,-0.000038,0.000067,0.000106
8.695,0.003168,0.003178,0.002866,-0.000038,0.000067,0.000106
8.696,0.003159,0.003169,0.002857,-0.000038,0.000067,0.000106
8.697,0.003149,0.003169,0.002857,-0.000038,0.000067,0.000106
8.698,0.003149,0.003159,0.002847,-0.000038,0.000067,0.000106
8.699,0.003140,0.003149,0.002847,-0.000038,0.000067,0.000096
8.700,0.003130,0.003149,0.002838,-0.000038,0.000067,0.000096
8.701,0.003130,0.003140,0.002828,-0.000038,0.000067,0.000096
8.702,0.003120,0.003130,0.002828,-0.000038,0.000067,0.000096
8.703,0.003111,0.003130,0.002818,-0.000038,0.000067,0.000096
8.704,0.003111,0.003121,0.002818,-0.000038,0.000067,0.000096
8.705,0.003101,0.003111,0.002809,-0.000038,0.000067,0.000086
8.706,0.003092,0.003111,0.002809,-0.000038,0.000067,0.000086
8.707,0.003092,0.003101,0.002799,-0.000038,0.000067,0.000086
8.708,0.003082,0.003101,0.002799,-0.000038,0.000067,0.000086
8.709,0.003072,0.003092,0.002790,-0.000038,0.000067,0.000086
8.710,0.003072,0.003082,0.002790,-0.000038,0.000067,0.000086
8.711,0.003063,0.003082,0.002780,-0.000038,0.000067,0.000086
8.712,0.003053,0.003073,0.002780,-0.000038,0.000067,0.000077
8.713,0.003053,0.003063,0.002770,-0.000038,0.000067,0.000077
8.714,0.003044,0.003063,0.002770,-0.000038,0.000067,0.000077
8.715,0.003034,0.003053,0.002761,-0.000038,0.000067,0.000077
8.716,0.003034,0.003044,0.002761,-0.000038,0.000067,0.000077
8.717,0.003025,0.003044,0.002751,-0.000038,0.000067,0.000077
8.718,0.003025,0.003034,0.002751,-0.000038,0.000067,0.000067
8.719,0.003015,0.003034,0.002742,-0.000038,0.000067,0.000067
8.720,0.003005,0.003025,0.002742,-0.000038,0.000067,0.000067
8.721,0.003005,0.003015,0.002732,-0.000038,0.000067,0.000067
8.722,0.002996,0.003015,0.002732,-0.000038,0.000067,0.000067
8.723,0.002996,0.003006,0.002722,-0.000038,0.000058,0.000067
8.724,0.002986,0.003006,0.002722,-0.000038,0.000058,0.000058
8.725,0.002986,0.002996,0.002713,-0.000038,0.000058,0.000058
8.726,0.002977,0.002996,0.002713,-0.000048,0.000058,0.000058
8.727,0.002967,0.002986,0.002703,-0.000048,0.000058,0.000058
8.728,0.002967,0.002977,0.002703,-0.000048,0.000058,0.000058
8.729,0.002957,0.002977,0.002694,-0.000048,0.000058,0.000058
8.730,0.002957,0.002967,0.002694,-0.000048,0.000058,0.000048
8.731,0.002948,0.002967,0.002694,-0.000048,0.000058,0.000048
8.732,0.002948,0.002958,0.002684,-0.000048,0.000058,0.000048
8.733,0.002938,0.002958,0.002684,-0.000048,0.000058,0.000048
8.734,0.002938,0.002948,0.002675,-0.000048,0.000058,0.000048
8.735,0.002929,0.002938,0.002675,-0.000048,0.000058,0.000048
8.736,0.002929,0.002938,0.002665,-0.000048,0.000058,0.000038
8.737,0.002919,0.002929,0.002665,-0.000048,0.000058,0.000038
8.738,0.002919,0.002929,0.002655,-0.000048,0.000058,0.000038
8.739,0.002910,0.002919,0.002655,-0.000048,0.000058,0.000038
8.740,0.002910,0.002919,0.002655,-0.000048,0.000058,0.000038
8.741,0.002900,0.002910,0.002646,-0.000048,0.000058,0.000038
8.742,0.002900,0.002910,0.002646,-0.000048,0.000058,0.000029
8.743,0.002890,0.002900,0.002636,-0.000048,0.000058,0.000029
8.744,0.002890,0.002900,0.002636,-0.000048,0.000058,0.000029
8.745,0.002881,0.002890,0.002627,-0.000048,0.000058,0.000029
8.746,0.002881,0.002890,0.002627,-0.000048,0.000058,0.000029
8.747,0.002871,0.002881,0.002617,-0.000048,0.000058,0.000029
8.748,0.002871,0.002881,0.002617,-0.000048,0.000058,0.000019
8.749,0.002862,0.002871,0.002617,-0.000048,0.000058,0.000019
8.750,0.002862,0.002871,0.002607,-0.000048,0.000058,0.000019
8.751,0.002862,0.002862,0.002607,-0.000048,0.000058,0.000019
8.752,0.002852,0.002862,0.002598,-0.000048,0.000058,0.000019
8.753,0.002852,0.002862,0.002598,-0.000048,0.000058,0.000019
8.754,0.002842,0.002852,0.002598,-0.000048,0.000058,0.000010
8.755,0.002842,0.002852,0.002588,-0.000048,0.000058,0.000010
8.756,0.002842,0.002843,0.002588,-0.000048,0.000058,0.000010
8.757,0.002833,0.002843,0.002579,-0.000048,0.000058,0.000010
8.758,0.002833,0.002843,0.002579,-0.000048,0.000058,0.000010
8.759,0.002833,0.002833,0.002569,-0.000048,0.000058,0.000010
8.760,0.002823,0.002833,0.002569,-0.000048,0.000058,0.000010
8.761,0.002823,0.002823,0.002569,-0.000048,0.000048,0.000000
8.762,0.002823,0.002823,0.002559,-0.000048,0.000048,0.000000
8.763,0.002814,0.002823,0.002559,-0.000048,0.000048,0.000000
8.764,0.002814,0.002814,0.002550,-0.000048,0.000048,0.000000
8.765,0.002814,0.002814,0.002550,-0.000048,0.000048,0.000000
8.766,0.002804,0.002814,0.002540,-0.000048,0.000048,0.000000
8.767,0.002804,0.002804,0.002540,-0.000048,0.000048,0.000000
8.768,0.002804,0.002804,0.002540,-0.000048,0.000048,-0.000010
8.769,0.002794,0.002795,0.002531,-0.000048,0.000048,-0.000010
8.770,0.002794,0.002795,0.002531,-0.000048,0.000048,-0.000010
8.771,0.002794,0.002795,0.002521,-0.000048,0.000048,-0.000010
8.772,0.002785,0.002785,0.002521,-0.000048,0.000048,-0.000010
8.773,0.002785,0.002785,0.002512,-0.000048,0.000048,-0.000010
8.774,0.002785,0.002785,0.002512,-0.000048,0.000048,-0.000010
8.775,0.002785,0.002775,0.002512,-0.000048,0.000048,-0.000010
8.776,0.002775,0.002775,0.002502,-0.000048,0.000048,-0.000010
8.777,0.002775,0.002775,0.002502,-0.000048,0.000048,-0.000010
8.778,0.002775,0.002766,0.002492,-0.000048,0.000048,-0.000010
8.779,0.002766,0.002766,0.002492,-0.000048,0.000048,-0.000010
8.780,0.002766,0.002766,0.002483,-0.000048,0.000048,-0.000010
8.781,0.002766,0.002756,0.002483,-0.000048,0.000048,-0.000019
8.782,0.002766,0.002756,0.002483,-0.000048,0.000048,-0.000019
8.783,0.002756,0.002756,0.002473,-0.000048,0.000048,-0.000019
8.784,0.002756,0.002747,0.002473,-0.000048,0.000048,-0.000019
8.785,0.002756,0.002747,0.002464,-0.000048,0.000048,-0.000019
8.786,0.002756,0.002747,0.002464,-0.000048,0.000048,-0.000019
8.787,0.002756,0.002747,0.002454,-0.000048,0.000048,-0.000019
8.788,0.002747,0.002737,0.002454,-0.000048,0.000048,-0.000019
8.789,0.002747,0.002737,0.002444,-0.000048,0.000048,-0.000019
8.790,0.002747,0.002737,0.002444,-0.000057,0.000048,-0.000019
8.791,0.002747,0.002737,0.002444,-0.000057,0.000048,-0.000019
8.792,0.002737,0.002728,0.002435,-0.000057,0.000048,-0.000019
8.793,0.002737,0.002728,0.002435,-0.000057,0.000048,-0.000029
8.794,0.002737,0.002728,0.002425,-0.000057,0.000048,-0.000029
8.795,0.002737,0.002728,0.002425,-0.000057,0.000048,-0.000029
8.796,0.002737,0.002718,0.002416,-0.000057,0.000048,-0.000029
8.797,0.002727,0.002718,0.002416,-0.000057,0.000048,-0.000029
8.798,0.002727,0.002718,0.002406,-0.000057,0.000048,-0.000029
8.799,0.002727,0.002718,0.002406,-0.000057,0.000048,-0.000029
8.800,0.002727,0.002708,0.002397,-0.000057,0.000048,-0.000029
8.801,0.002727,0.002708,0.002397,-0.000057,0.000048,-0.000029
8.802,0.002718,0.002708,0.002397,-0.000057,0.000048,-0.000029
8.803,0.002718,0.002708,0.002387,-0.000057,0.000048,-0.000029
8.804,0.002718,0.002699,0.002387,-0.000057,0.000048,-0.000029
8.805,0.002718,0.002699,0.002377,-0.000057,0.000048,-0.000029
8.806,0.002718,0.002699,0.002377,-0.000057,0.000048,-0.000029
8.807,0.002718,0.002699,0.002368,-0.000057,0.000048,-0.000029
8.808,0.002708,0.002689,0.002368,-0.000057,0.000048,-0.000029
8.809,0.002708,0.002689,0.002368,-0.000057,0.000048,-0.000029
8.810,0.002708,0.002689,0.002358,-0.000057,0.000048,-0.000029
8.811,0.002708,0.002689,0.002358,-0.000057,0.000048,-0.000029
8.812,0.002708,0.002689,0.002349,-0.000057,0.000048,-0.000029
8.813,0.002708,0.002680,0.002349,-0.000057,0.000048,-0.000038
8.814,0.002699,0.002680,0.002339,-0.000057,0.000048,-0.000038
8.815,0.002699,0.002680,0.002339,-0.000057,0.000048,-0.000038
8.816,0.002699,0.002680,0.002339,-0.000057,0.000048,-0.000038
8.817,0.002699,0.002670,0.002329,-0.000057,0.000048,-0.000038
8.818,0.002699,0.002670,0.002329,-0.000057,0.000048,-0.000038
8.819,0.002699,0.002670,0.002320,-0.000057,0.000039,-0.000038
8.820,0.002689,0.002670,0.002320,-0.000057,0.000039,-0.000038
8.821,0.002689,0.002660,0.002310,-0.000057,0.000039,-0.000038
8.822,0.002689,0.002660,0.002310,-0.000057,0.000039,-0.000038
8.823,0.002689,0.002660,0.002301,-0.000057,0.000039,-0.000038
8.824,0.002689,0.002660,0.002301,-0.000057,0.000039,-0.000038
8.825,0.002679,0.002651,0.002301,-0.000057,0.000039,-0.000038
8.826,0.002679,0.002651,0.002291,-0.000057,0.000039,-0.000038
8.827,0.002679,0.002651,0.002291,-0.000057,0.000039,-0.000038
8.828,0.002679,0.002651,0.002281,-0.000057,0.000039,-0.000038
8.829,0.002670,0.002641,0.002281,-0.000057,0.000039,-0.000038
8.830,0.002670,0.002641,0.002272,-0.000057,0.000039,-0.000038
8.831,0.002670,0.002641,0.002272,-0.000057,0.000039,-0.000038
8.832,0.002670,0.002632,0.002262,-0.000057,0.000039,-0.000038
8.833,0.002670,0.002632,0.002262,-0.000057,0.000039,-0.000038
8.834,0.002660,0.002632,0.002253,-0.000057,0.000039,-0.000038
8.835,0.002660,0.002632,0.002253,-0.000057,0.000039,-0.000038
8.836,0.002660,0.002622,0.002243,-0.000057,0.000039,-0.000038
8.837,0.002660,0.002622,0.002243,-0.000057,0.000039,-0.000038
8.838,0.002660,0.002622,0.002234,-0.000057,0.000039,-0.000038
8.839,0.002651,0.002622,0.002234,-0.000057,0.000039,-0.000038
8.840,0.002651,0.002622,0.002234,-0.000057,0.000039,-0.000038
8.841,0.002651,0.002612,0.002224,-0.000057,0.000039,-0.000038
8.842,0.002651,0.002612,0.002224,-0.000057,0.000039,-0.000048
8.843,0.002651,0.002612,0.002214,-0.000057,0.000039,-0.000048
8.844,0.002641,0.002612,0.002214,-0.000057,0.000039,-0.000048
8.845,0.002641,0.002603,0.002205,-0.000057,0.000039,-0.000048
8.846,0.002641,0.002603,0.002205,-0.000057,0.000039,-0.000048
8.847,0.002641,0.002603,0.002195,-0.000057,0.000039,-0.000048
8.848,0.002641,0.002593,0.002195,-0.000057,0.000039,-0.000048
8.849,0.002631,0.002593,0.002195,-0.000057,0.000039,-0.000048
8.850,0.002631,0.002593,0.002186,-0.000057,0.000039,-0.000048
8.851,0.002631,0.002593,0.002186,-0.000057,0.000039,-0.000048
8.852,0.002631,0.002584,0.002176,-0.000057,0.000039,-0.000048
8.853,0.002631,0.002584,0.002176,-0.000057,0.000039,-0.000048
8.854,0.002622,0.002584,0.002166,-0.000057,0.000039,-0.000048
8.855,0.002622,0.002574,0.002166,-0.000057,0.000039,-0.000048
8.856,0.002622,0.002574,0.002166,-0.000057,0.000039,-0.000048
8.857,0.002622,0.002574,0.002157,-0.000057,0.000039,-0.000048
8.858,0.002612,0.002574,0.002157,-0.000057,0.000039,-0.000048
8.859,0.002612,0.002565,0.002147,-0.000057,0.000039,-0.000048
8.860,0.002612,0.002565,0.002147,-0.000057,0.000039,-0.000048
8.861,0.002612,0.002565,0.002147,-0.000057,0.000039,-0.000048
8.862,0.002603,0.002555,0.002138,-0.000057,0.000039,-0.000048
8.863,0.002603,0.002555,0.002138,-0.000057,0.000039,-0.000048
8.864,0.002603,0.002555,0.002128,-0.000057,0.000039,-0.000048
8.865,0.002603,0.002545,0.002128,-0.000057,0.000039,-0.000048
8.866,0.002593,0.002545,0.002128,-0.000057,0.000039,-0.000048
8.867,0.002593,0.002545,0.002118,-0.000057,0.000039,-0.000048
8.868,0.002593,0.002536,0.002118,-0.000057,0.000039,-0.000048
8.869,0.002593,0.002536,0.002109,-0.000057,0.000039,-0.000048
8.870,0.002584,0.002536,0.002109,-0.000057,0.000039,-0.000048
8.871,0.002584,0.002526,0.002109,-0.000057,0.000039,-0.000048
8.872,0.002584,0.002526,0.002099,-0.000057,0.000039,-0.000048
8.873,0.002574,0.002517,0.002099,-0.000057,0.000039,-0.000048
8.874,0.002574,0.002517,0.002090,-0.000057,0.000039,-0.000048
8.875,0.002574,0.002517,0.002090,-0.000057,0.000039,-0.000048
8.876,0.002564,0.002507,0.002090,-0.000057,0.000039,-0.000048
8.877,0.002564,0.002507,0.002080,-0.000057,0.000039,-0.000057
8.878,0.002555,0.002497,0.002080,-0.000057,0.000039,-0.000057
8.879,0.002555,0.002497,0.002080,-0.000057,0.000039,-0.000057
8.880,0.002555,0.002497,0.002071,-0.000057,0.000029,-0.000057
8.881,0.002545,0.002488,0.002071,-0.000057,0.000029,-0.000057
8.882,0.002545,0.002488,0.002071,-0.000057,0.000029,-0.000057
8.883,0.002545,0.002478,0.002061,-0.000057,0.000029,-0.000057
8.884,0.002536,0.002478,0.002061,-0.000057,0.000029,-0.000057
8.885,0.002536,0.002478,0.002061,-0.000057,0.000029,-0.000057
8.886,0.002526,0.002469,0.002051,-0.000057,0.000029,-0.000057
8.887,0.002526,0.002469,0.002051,-0.000057,0.000029,-0.000057
8.888,0.002526,0.002459,0.002051,-0.000057,0.000029,-0.000057
8.889,0.002516,0.002459,0.002042,-0.000057,0.000029,-0.000057
8.890,0.002516,0.002449,0.002042,-0.000057,0.000029,-0.000057
8.891,0.002507,0.002449,0.002042,-0.000057,0.000029,-0.000057
8.892,0.002507,0.002440,0.002032,-0.000057,0.000029,-0.000057
8.893,0.002507,0.002440,0.002032,-0.000057,0.000029,-0.000057
8.894,0.002497,0.002440,0.002032,-0.000057,0.000029,-0.000057
8.895,0.002497,0.002430,0.002023,-0.000057,0.000029,-0.000057
8.896,0.002488,0.002430,0.002023,-0.000057,0.000029,-0.000057
8.897,0.002488,0.002421,0.002023,-0.000057,0.000029,-0.000057
8.898,0.002478,0.002421,0.002013,-0.000057,0.000029,-0.000057
8.899,0.002478,0.002411,0.002013,-0.000057,0.000029,-0.000057
8.900,0.002478,0.002411,0.002013,-0.000057,0.000029,-0.000057
8.901,0.002468,0.002402,0.002003,-0.000057,0.000029,-0.000057
8.902,0.002468,0.002402,0.002003,-0.000057,0.000029,-0.000057
8.903,0.002459,0.002392,0.002003,-0.000057,0.000029,-0.000057
8.904,0.002459,0.002392,0.001994,-0.000057,0.000029,-0.000057
8.905,0.002449,0.002382,0.001994,-0.000057,0.000029,-0.000057
8.906,0.002449,0.002373,0.001994,-0.000057,0.000029,-0.000057
8.907,0.002440,0.002373,0.001994,-0.000057,0.000029,-0.000057
8.908,0.002440,0.002363,0.001984,-0.000057,0.000029,-0.000057
8.909,0.002430,0.002363,0.001984,-0.000057,0.000029,-0.000057
8.910,0.002421,0.002354,0.001984,-0.000057,0.000029,-0.000057
8.911,0.002421,0.002354,0.001984,-0.000057,0.000029,-0.000057
8.912,0.002411,0.002344,0.001975,-0.000067,0.000029,-0.000057
8.913,0.002411,0.002334,0.001975,-0.000067,0.000029,-0.000057
8.914,0.002401,0.002334,0.001975,-0.000067,0.000029,-0.000057
8.915,0.002401,0.002325,0.001975,-0.000067,0.000029,-0.000057
8.916,0.002392,0.002325,0.001965,-0.000067,0.000029,-0.000057
8.917,0.002382,0.002315,0.001965,-0.000067,0.000029,-0.000057
8.918,0.002382,0.002306,0.001965,-0.000067,0.000029,-0.000057
8.919,0.002373,0.002306,0.001965,-0.000067,0.000029,-0.000057
8.920,0.002373,0.002296,0.001955,-0.000067,0.000029,-0.000057
8.921,0.002363,0.002296,0.001955,-0.000067,0.000029,-0.000057
8.922,0.002363,0.002286,0.001955,-0.000067,0.000029,-0.000057
8.923,0.002353,0.002277,0.001955,-0.000067,0.000029,-0.000057
8.924,0.002344,0.002277,0.001946,-0.000067,0.000029,-0.000057
8.925,0.002344,0.002267,0.001946,-0.000067,0.000029,-0.000057
8.926,0.002334,0.002258,0.001946,-0.000067,0.000029,-0.000057
8.927,0.002325,0.002258,0.001946,-0.000067,0.000029,-0.000057
8.928,0.002325,0.002248,0.001936,-0.000067,0.000029,-0.000057
8.929,0.002315,0.002239,0.001936,-0.000067,0.000029,-0.000057
8.930,0.002315,0.002239,0.001936,-0.000067,0.000029,-0.000057
8.931,0.002306,0.002229,0.001936,-0.000067,0.000029,-0.000057
8.932,0.002296,0.002219,0.001936,-0.000067,0.000029,-0.000057
8.933,0.002296,0.002219,0.001927,-0.000067,0.000029,-0.000057
8.934,0.002286,0.002210,0.001927,-0.000067,0.000029,-0.000057
8.935,0.002277,0.002200,0.001927,-0.000067,0.000029,-0.000057
8.936,0.002277,0.002200,0.001927,-0.000067,0.000029,-0.000057
8.937,0.002267,0.002191,0.001927,-0.000067,0.000029,-0.000057
8.938,0.002258,0.002181,0.001927,-0.000067,0.000029,-0.000057
8.939,0.002258,0.002171,0.001917,-0.000067,0.000029,-0.000057
8.940,0.002248,0.002171,0.001917,-0.000067,0.000029,-0.000057
8.941,0.002238,0.002162,0.001917,-0.000067,0.000029,-0.000057
8.942,0.002229,0.002152,0.001917,-0.000067,0.000029,-0.000057
8.943,0.002229,0.002143,0.001917,-0.000067,0.000029,-0.000057
8.944,0.002219,0.002143,0.001908,-0.000067,0.000029,-0.000057
8.945,0.002210,0.002133,0.001908,-0.000067,0.000029,-0.000057
8.946,0.002200,0.002123,0.001908,-0.000067,0.000029,-0.000057
8.947,0.002200,0.002114,0.001908,-0.000067,0.000029,-0.000057
8.948,0.002190,0.002114,0.001908,-0.000067,0.000029,-0.000057
8.949,0.002181,0.002104,0.001898,-0.000067,0.000020,-0.000057
8.950,0.002171,0.002095,0.001898,-0.000067,0.000020,-0.000067
8.951,0.002171,0.002085,0.001898,-0.000067,0.000020,-0.000067
8.952,0.002162,0.002085,0.001898,-0.000067,0.000020,-0.000067
8.953,0.002152,0.002076,0.001898,-0.000067,0.000020,-0.000067
8.954,0.002143,0.002066,0.001888,-0.000067,0.000020,-0.000067
8.955,0.002143,0.002056,0.001888,-0.000067,0.000020,-0.000067
8.956,0.002133,0.002047,0.001888,-0.000067,0.000020,-0.000067
8.957,0.002123,0.002047,0.001888,-0.000067,0.000020,-0.000067
8.958,0.002114,0.002037,0.001888,-0.000067,0.000020,-0.000067
8.959,0.002114,0.002028,0.001888,-0.000067,0.000020,-0.000067
8.960,0.002104,0.002018,0.001879,-0.000067,0.000020,-0.000067
8.961,0.002095,0.002008,0.001879,-0.000067,0.000020,-0.000067
8.962,0.002085,0.002008,0.001879,-0.000067,0.000020,-0.000067
8.963,0.002075,0.001999,0.001879,-0.000067,0.000020,-0.000067
8.964,0.002075,0.001989,0.001879,-0.000067,0.000020,-0.000067
8.965,0.002066,0.001980,0.001879,-0.000067,0.000020,-0.000067
8.966,0.002056,0.001970,0.001879,-0.000067,0.000020,-0.000067
8.967,0.002047,0.001970,0.001869,-0.000067,0.000020,-0.000067
8.968,0.002037,0.001961,0.001869,-0.000067,0.000020,-0.000067
8.969,0.002037,0.001951,0.001869,-0.000067,0.000020,-0.000067
8.970,0.002027,0.001941,0.001869,-0.000067,0.000020,-0.000067
8.971,0.002018,0.001932,0.001869,-0.000067,0.000020,-0.000067
8.972,0.002008,0.001922,0.001869,-0.000067,0.000020,-0.000067
8.973,0.001999,0.001922,0.001860,-0.000067,0.000020,-0.000067
8.974,0.001989,0.001913,0.001860,-0.000067,0.000020,-0.000067
8.975,0.001989,0.001903,0.001860,-0.000067,0.000020,-0.000067
8.976,0.001980,0.001893,0.001860,-0.000067,0.000020,-0.000067
8.977,0.001970,0.001884,0.001860,-0.000067,0.000020,-0.000067
8.978,0.001960,0.001874,0.001860,-0.000067,0.000020,-0.000067
8.979,0.001951,0.001865,0.001860,-0.000067,0.000020,-0.000067
8.980,0.001941,0.001855,0.001850,-0.000067,0.000020,-0.000067
8.981,0.001932,0.001855,0.001850,-0.000067,0.000020,-0.000067
8.982,0.001932,0.001845,0.001850,-0.000067,0.000020,-0.000067
8.983,0.001922,0.001836,0.001850,-0.000067,0.000020,-0.000067
8.984,0.001912,0.001826,0.001850,-0.000067,0.000020,-0.000067
8.985,0.001903,0.001817,0.001850,-0.000067,0.000020,-0.000067
8.986,0.001893,0.001807,0.001850,-0.000067,0.000020,-0.000067
8.987,0.001884,0.001798,0.001840,-0.000067,0.000020,-0.000067
8.988,0.001874,0.001788,0.001840,-0.000067,0.000020,-0.000067
8.989,0.001864,0.001778,0.001840,-0.000067,0.000020,-0.000067
8.990,0.001855,0.001769,0.001840,-0.000067,0.000020,-0.000067
8.991,0.001845,0.001759,0.001840,-0.000067,0.000020,-0.000067
8.992,0.001836,0.001750,0.001840,-0.000067,0.000020,-0.000067
8.993,0.001826,0.001740,0.001840,-0.000067,0.000020,-0.000067
8.994,0.001817,0.001730,0.001831,-0.000067,0.000020,-0.000067
8.995,0.001807,0.001721,0.001831,-0.000067,0.000020,-0.000067
8.996,0.001797,0.001711,0.001831,-0.000067,0.000020,-0.000067
8.997,0.001788,0.001711,0.001831,-0.000067,0.000020,-0.000067
8.998,0.001778,0.001702,0.001831,-0.000067,0.000020,-0.000067
8.999,0.001769,0.001692,0.001831,-0.000067,0.000020,-0.000067
9.000,0.001759,0.001682,0.001821,-0.000067,0.000020,-0.000067
9.001,0.001749,0.001673,0.001821,-0.000067,0.000020,-0.000067
9.002,0.001740,0.001663,0.001821,-0.000067,0.000020,-0.000067
9.003,0.001740,0.001654,0.001821,-0.000067,0.000020,-0.000067
9.004,0.001730,0.001644,0.001821,-0.000067,0.000020,-0.000067
9.005,0.001721,0.001635,0.001812,-0.000067,0.000020,-0.000067
9.006,0.001711,0.001625,0.001812,-0.000067,0.000020,-0.000067
9.007,0.001701,0.001615,0.001812,-0.000067,0.000020,-0.000067
9.008,0.001692,0.001606,0.001812,-0.000067,0.000020,-0.000067
9.009,0.001682,0.001596,0.001812,-0.000067,0.000020,-0.000067
9.010,0.001673,0.001587,0.001812,-0.000067,0.000020,-0.000067
9.011,0.001663,0.001587,0.001802,-0.000067,0.000020,-0.000067
9.012,0.001654,0.001577,0.001802,-0.000067,0.000020,-0.000067
9.013,0.001644,0.001567,0.001802,-0.000067,0.000020,-0.000067
9.014,0.001634,0.001558,0.001802,-0.000067,0.000020,-0.000067
9.015,0.001625,0.001548,0.001802,-0.000067,0.000020,-0.000067
9.016,0.001615,0.001539,0.001792,-0.000067,0.000020,-0.000067
9.017,0.001606,0.001529,0.001792,-0.000067,0.000020,-0.000067
9.018,0.001596,0.001529,0.001792,-0.000067,0.000020,-0.000067
9.019,0.001586,0.001519,0.001792,-0.000067,0.000020,-0.000067
9.020,0.001577,0.001510,0.001792,-0.000067,0.000020,-0.000067
9.021,0.001567,0.001500,0.001792,-0.000067,0.000010,-0.000067
9.022,0.001567,0.001491,0.001783,-0.000067,0.000010,-0.000067
9.023,0.001558,0.001481,0.001783,-0.000067,0.000010,-0.000067
9.024,0.001548,0.001472,0.001783,-0.000067,0.000010,-0.000067
9.025,0.001539,0.001472,0.001783,-0.000067,0.000010,-0.000067
9.026,0.001529,0.001462,0.001783,-0.000067,0.000010,-0.000067
9.027,0.001519,0.001452,0.001773,-0.000067,0.000010,-0.000067
9.028,0.001510,0.001443,0.001773,-0.000067,0.000010,-0.000067
9.029,0.001510,0.001433,0.001773,-0.000067,0.000010,-0.000067
9.030,0.001500,0.001433,0.001773,-0.000067,0.000010,-0.000067
9.031,0.001491,0.001424,0.001773,-0.000067,0.000010,-0.000067
9.032,0.001481,0.001414,0.001764,-0.000067,0.000010,-0.000067
9.033,0.001471,0.001404,0.001764,-0.000067,0.000010,-0.000067
9.034,0.001462,0.001395,0.001764,-0.000067,0.000010,-0.000067
9.035,0.001462,0.001385,0.001764,-0.000067,0.000010,-0.000067
9.036,0.001452,0.001385,0.001764,-0.000067,0.000010,-0.000067
9.037,0.001443,0.001376,0.001754,-0.000067,0.000010,-0.000067
9.038,0.001433,0.001366,0.001754,-0.000067,0.000010,-0.000067
9.039,0.001423,0.001357,0.001754,-0.000067,0.000010,-0.000067
9.040,0.001414,0.001347,0.001754,-0.000067,0.000010,-0.000067
9.041,0.001414,0.001347,0.001745,-0.000067,0.000010,-0.000067
9.042,0.001404,0.001337,0.001745,-0.000067,0.000010,-0.000067
9.043,0.001395,0.001328,0.001745,-0.000067,0.000010,-0.000067
9.044,0.001385,0.001318,0.001745,-0.000067,0.000010,-0.000067
9.045,0.001376,0.001309,0.001735,-0.000067,0.000010,-0.000067
9.046,0.001366,0.001309,0.001735,-0.000067,0.000010,-0.000067
9.047,0.001366,0.001299,0.001735,-0.000067,0.000010,-0.000067
9.048,0.001356,0.001289,0.001735,-0.000067,0.000010,-0.000067
9.049,0.001347,0.001280,0.001725,-0.000067,0.000010,-0.000067
9.050,0.001337,0.001280,0.001725,-0.000067,0.000010,-0.000067
9.051,0.001328,0.001270,0.001725,-0.000067,0.000010,-0.000067
9.052,0.001328,0.001261,0.001716,-0.000067,0.000010,-0.000067
9.053,0.001318,0.001251,0.001716,-0.000067,0.000010,-0.000067
9.054,0.001308,0.001251,0.001716,-0.000067,0.000010,-0.000067
9.055,0.001299,0.001241,0.001716,-0.000067,0.000010,-0.000067
9.056,0.001289,0.001232,0.001706,-0.000067,0.000010,-0.000067
9.057,0.001289,0.001222,0.001706,-0.000067,0.000010,-0.000067
9.058,0.001280,0.001222,0.001706,-0.000067,0.000010,-0.000067
9.059,0.001270,0.001213,0.001697,-0.000067,0.000010,-0.000067
9.060,0.001260,0.001203,0.001697,-0.000067,0.000010,-0.000067
9.061,0.001260,0.001194,0.001697,-0.000067,0.000010,-0.000067
9.062,0.001251,0.001194,0.001697,-0.000067,0.000010,-0.000067
9.063,0.001241,0.001184,0.001687,-0.000067,0.000010,-0.000067
9.064,0.001232,0.001174,0.001687,-0.000067,0.000010,-0.000067
9.065,0.001232,0.001165,0.001687,-0.000067,0.000010,-0.000067
9.066,0.001222,0.001165,0.001677,-0.000067,0.000010,-0.000067
9.067,0.001213,0.001155,0.001677,-0.000067,0.000010,-0.000067
9.068,0.001213,0.001146,0.001677,-0.000067,0.000010,-0.000067
9.069,0.001203,0.001136,0.001668,-0.000067,0.000010,-0.000067
9.070,0.001193,0.001136,0.001668,-0.000067,0.000010,-0.000067
9.071,0.001184,0.001126,0.001668,-0.000067,0.000010,-0.000067
9.072,0.001184,0.001117,0.001658,-0.000067,0.000010,-0.000067
9.073,0.001174,0.001107,0.001658,-0.000067,0.000010,-0.000067
9.074,0.001165,0.001107,0.001658,-0.000067,0.000010,-0.000067
9.075,0.001155,0.001098,0.001658,-0.000067,0.000010,-0.000067
9.076,0.001155,0.001088,0.001649,-0.000067,0.000010,-0.000067
9.077,0.001145,0.001078,0.001649,-0.000067,0.000010,-0.000067
9.078,0.001136,0.001078,0.001649,-0.000067,0.000010,-0.000067
9.079,0.001136,0.001069,0.001639,-0.000067,0.000010,-0.000067
9.080,0.001126,0.001059,0.001639,-0.000067,0.000010,-0.000067
9.081,0.001117,0.001059,0.001639,-0.000067,0.000010,-0.000067
9.082,0.001107,0.001050,0.001630,-0.000067,0.000010,-0.000067
9.083,0.001107,0.001040,0.001630,-0.000067,0.000010,-0.000067
9.084,0.001097,0.001031,0.001630,-0.000067,0.000010,-0.000067
9.085,0.001088,0.001031,0.001620,-0.000067,0.000010,-0.000067
9.086,0.001078,0.001021,0.001620,-0.000067,0.000010,-0.000067
9.087,0.001078,0.001011,0.001620,-0.000067,0.000010,-0.000067
9.088,0.001069,0.001002,0.001610,-0.000067,0.000010,-0.000067
9.089,0.001059,0.001002,0.001610,-0.000067,0.000010,-0.000067
9.090,0.001050,0.000992,0.001601,-0.000067,0.000010,-0.000067
9.091,0.001050,0.000983,0.001601,-0.000067,0.000010,-0.000067
9.092,0.001040,0.000973,0.001601,-0.000067,0.000010,-0.000067
9.093,0.001030,0.000973,0.001591,-0.000067,0.000010,-0.000067
9.094,0.001030,0.000963,0.001591,-0.000067,0.000010,-0.000067
9.095,0.001021,0.000954,0.001591,-0.000067,0.000010,-0.000067
9.096,0.001011,0.000944,0.001582,-0.000067,0.000010,-0.000067
9.097,0.001002,0.000944,0.001582,-0.000067,0.000010,-0.000067
9.098,0.001002,0.000935,0.001572,-0.000067,0.000010,-0.000067
9.099,0.000992,0.000925,0.001572,-0.000067,0.000010,-0.000067
9.100,0.000982,0.000915,0.001572,-0.000067,0.000010,-0.000067
9.101,0.000973,0.000915,0.001562,-0.000067,0.000010,-0.000067
9.102,0.000973,0.000906,0.001562,-0.000067,0.000010,-0.000067
9.103,0.000963,0.000896,0.001553,-0.000067,0.000010,-0.000067
9.104,0.000954,0.000896,0.001553,-0.000067,0.000010,-0.000067
9.105,0.000944,0.000887,0.001553,-0.000067,0.000010,-0.000067
9.106,0.000944,0.000877,0.001543,-0.000067,0.000000,-0.000067
9.107,0.000935,0.000868,0.001543,-0.000067,0.000000,-0.000067
9.108,0.000925,0.000868,0.001534,-0.000067,0.000000,-0.000067
9.109,0.000915,0.000858,0.001534,-0.000067,0.000000,-0.000067
9.110,0.000915,0.000848,0.001534,-0.000067,0.000000,-0.000067
9.111,0.000906,0.000848,0.001524,-0.000067,0.000000,-0.000067
9.112,0.000896,0.000839,0.001524,-0.000067,0.000000,-0.000067
9.113,0.000896,0.000829,0.001514,-0.000067,0.000000,-0.000067
9.114,0.000887,0.000829,0.001514,-0.000067,0.000000,-0.000067
9.115,0.000877,0.000820,0.001505,-0.000067,0.000000,-0.000067
9.116,0.000867,0.000810,0.001505,-0.000067,0.000000,-0.000067
9.117,0.000867,0.000800,0.001495,-0.000067,0.000000,-0.000067
9.118,0.000858,0.000800,0.001495,-0.000067,0.000000,-0.000067
9.119,0.000848,0.000791,0.001495,-0.000067,0.000000,-0.000067
9.120,0.000839,0.000781,0.001486,-0.000067,0.000000,-0.000067
9.121,0.000839,0.000781,0.001486,-0.000067,0.000000,-0.000067
9.122,0.000829,0.000772,0.001476,-0.000067,0.000000,-0.000067
9.123,0.000819,0.000762,0.001476,-0.000067,0.000000,-0.000067
9.124,0.000819,0.000762,0.001467,-0.000067,0.000000,-0.000067
9.125,0.000810,0.000752,0.001467,-0.000067,0.000000,-0.000067
9.126,0.000800,0.000743,0.001457,-0.000067,0.000000,-0.000067
9.127,0.000791,0.000743,0.001457,-0.000067,0.000000,-0.000067
9.128,0.000791,0.000733,0.001447,-0.000067,0.000000,-0.000067
9.129,0.000781,0.000733,0.001447,-0.000067,0.000000,-0.000067
9.130,0.000772,0.000724,0.001438,-0.000067,0.000000,-0.000067
9.131,0.000772,0.000714,0.001438,-0.000067,0.000000,-0.000067
9.132,0.000762,0.000714,0.001428,-0.000067,0.000000,-0.000067
9.133,0.000752,0.000705,0.001428,-0.000067,0.000000,-0.000067
9.134,0.000752,0.000705,0.001428,-0.000067,0.000000,-0.000067
9.135,0.000743,0.000695,0.001419,-0.000067,0.000000,-0.000067
9.136,0.000733,0.000685,0.001419,-0.000067,0.000000,-0.000067
9.137,0.000733,0.000685,0.001409,-0.000067,0.000000,-0.000067
9.138,0.000724,0.000676,0.001409,-0.000067,0.000000,-0.000067
9.139,0.000724,0.000676,0.001399,-0.000067,0.000000,-0.000067
9.140,0.000714,0.000666,0.001399,-0.000067,0.000000,-0.000067
9.141,0.000704,0.000666,0.001390,-0.000067,0.000000,-0.000067
9.142,0.000704,0.000657,0.001390,-0.000067,0.000000,-0.000067
9.143,0.000695,0.000657,0.001380,-0.000067,0.000000,-0.000067
9.144,0.000695,0.000647,0.001380,-0.000067,0.000000,-0.000067
9.145,0.000685,0.000647,0.001371,-0.000067,0.000000,-0.000067
9.146,0.000685,0.000637,0.001371,-0.000067,0.000000,-0.000067
9.147,0.000676,0.000637,0.001361,-0.000067,0.000000,-0.000067
9.148,0.000676,0.000628,0.001361,-0.000067,0.000000,-0.000067
9.149,0.000666,0.000628,0.001351,-0.000067,0.000000,-0.000067
9.150,0.000666,0.000618,0.001351,-0.000067,0.000000,-0.000067
9.151,0.000656,0.000618,0.001342,-0.000067,0.000000,-0.000067
9.152,0.000656,0.000618,0.001342,-0.000067,0.000000,-0.000067
9.153,0.000647,0.000609,0.001332,-0.000067,0.000000,-0.000067
9.154,0.000647,0.000609,0.001332,-0.000067,0.000000,-0.000067
9.155,0.000637,0.000599,0.001332,-0.000067,0.000000,-0.000067
9.156,0.000637,0.000599,0.001323,-0.000067,0.000000,-0.000067
9.157,0.000628,0.000599,0.001323,-0.000067,0.000000,-0.000067
9.158,0.000628,0.000590,0.001313,-0.000067,0.000000,-0.000067
9.159,0.000618,0.000590,0.001313,-0.000067,0.000000,-0.000067
9.160,0.000618,0.000590,0.001304,-0.000067,0.000000,-0.000067
9.161,0.000609,0.000580,0.001304,-0.000067,0.000000,-0.000067
9.162,0.000609,0.000580,0.001294,-0.000067,0.000000,-0.000067
9.163,0.000609,0.000580,0.001294,-0.000067,0.000000,-0.000067
9.164,0.000599,0.000570,0.001284,-0.000067,0.000000,-0.000067
9.165,0.000599,0.000570,0.001275,-0.000067,0.000000,-0.000067
9.166,0.000589,0.000570,0.001275,-0.000067,0.000000,-0.000067
9.167,0.000589,0.000561,0.001265,-0.000067,0.000000,-0.000067
9.168,0.000589,0.000561,0.001265,-0.000067,0.000000,-0.000067
9.169,0.000580,0.000561,0.001256,-0.000067,0.000000,-0.000067
9.170,0.000580,0.000551,0.001256,-0.000067,0.000000,-0.000067
9.171,0.000580,0.000551,0.001246,-0.000067,0.000000,-0.000067
9.172,0.000570,0.000551,0.001246,-0.000067,0.000000,-0.000067
9.173,0.000570,0.000551,0.001236,-0.000067,0.000000,-0.000067
9.174,0.000570,0.000542,0.001236,-0.000067,0.000000,-0.000067
9.175,0.000561,0.000542,0.001227,-0.000067,0.000000,-0.000067
9.176,0.000561,0.000542,0.001227,-0.000067,0.000000,-0.000067
9.177,0.000561,0.000542,0.001217,-0.000067,0.000000,-0.000067
9.178,0.000561,0.000542,0.001208,-0.000067,0.000000,-0.000067
9.179,0.000551,0.000532,0.001208,-0.000067,0.000000,-0.000067
9.180,0.000551,0.000532,0.001198,-0.000067,0.000000,-0.000067
9.181,0.000551,0.000532,0.001198,-0.000067,0.000000,-0.000067
9.182,0.000551,0.000532,0.001188,-0.000067,0.000000,-0.000067
9.183,0.000541,0.000532,0.001179,-0.000067,0.000000,-0.000067
9.184,0.000541,0.000532,0.001179,-0.000067,0.000000,-0.000067
9.185,0.000541,0.000532,0.001169,-0.000067,0.000000,-0.000067
9.186,0.000541,0.000522,0.001169,-0.000067,0.000000,-0.000067
9.187,0.000541,0.000522,0.001160,-0.000067,0.000000,-0.000067
9.188,0.000541,0.000522,0.001150,-0.000067,0.000000,-0.000067
9.189,0.000532,0.000522,0.001150,-0.000067,0.000000,-0.000067
9.190,0.000532,0.000522,0.001141,-0.000067,0.000000,-0.000067
9.191,0.000532,0.000522,0.001141,-0.000067,0.000000,-0.000067
9.192,0.000532,0.000522,0.001131,-0.000067,0.000000,-0.000067
9.193,0.000532,0.000522,0.001131,-0.000067,0.000000,-0.000067
9.194,0.000532,0.000522,0.001121,-0.000067,0.000000,-0.000067
9.195,0.000522,0.000513,0.001112,-0.000067,0.000000,-0.000067
9.196,0.000522,0.000513,0.001112,-0.000067,0.000000,-0.000067
9.197,0.000522,0.000513,0.001102,-0.000067,0.000000,-0.000067
9.198,0.000522,0.000513,0.001093,-0.000067,0.000000,-0.000067
9.199,0.000522,0.000513,0.001093,-0.000067,0.000000,-0.000067
9.200,0.000522,0.000513,0.001083,-0.000067,0.000000,-0.000067
9.201,0.000522,0.000513,0.001083,-0.000067,-0.000009,-0.000067
9.202,0.000522,0.000513,0.001073,-0.000067,-0.000009,-0.000067
9.203,0.000522,0.000513,0.001064,-0.000067,-0.000009,-0.000067
9.204,0.000513,0.000513,0.001064,-0.000067,-0.000009,-0.000067
9.205,0.000513,0.000513,0.001054,-0.000067,-0.000009,-0.000067
9.206,0.000513,0.000513,0.001045,-0.000067,-0.000009,-0.000067
9.207,0.000513,0.000513,0.001045,-0.000067,-0.000009,-0.000067
9.208,0.000513,0.000513,0.001035,-0.000067,-0.000009,-0.000067
9.209,0.000513,0.000513,0.001035,-0.000067,-0.000009,-0.000067
9.210,0.000513,0.000503,0.001026,-0.000067,-0.000009,-0.000067
9.211,0.000513,0.000503,0.001016,-0.000067,-0.000009,-0.000067
9.212,0.000513,0.000503,0.001016,-0.000067,-0.000009,-0.000067
9.213,0.000513,0.000503,0.001006,-0.000067,-0.000009,-0.000067
9.214,0.000513,0.000503,0.000997,-0.000067,-0.000009,-0.000067
9.215,0.000513,0.000503,0.000987,-0.000067,-0.000009,-0.000067
9.216,0.000513,0.000503,0.000987,-0.000067,-0.000009,-0.000067
9.217,0.000513,0.000503,0.000978,-0.000067,-0.000009,-0.000067
9.218,0.000513,0.000503,0.000968,-0.000067,-0.000009,-0.000067
9.219,0.000513,0.000503,0.000968,-0.000067,-0.000009,-0.000067
9.220,0.000513,0.000503,0.000958,-0.000067,-0.000009,-0.000067
9.221,0.000503,0.000503,0.000949,-0.000067,-0.000009,-0.000067
9.222,0.000503,0.000503,0.000949,-0.000067,-0.000009,-0.000067
9.223,0.000503,0.000503,0.000939,-0.000067,-0.000009,-0.000067
9.224,0.000503,0.000503,0.000930,-0.000067,-0.000009,-0.000067
9.225,0.000503,0.000503,0.000920,-0.000067,-0.000009,-0.000067
9.226,0.000503,0.000503,0.000920,-0.000067,-0.000009,-0.000067
9.227,0.000503,0.000503,0.000910,-0.000067,-0.000009,-0.000067
9.228,0.000503,0.000503,0.000901,-0.000067,-0.000009,-0.000067
9.229,0.000503,0.000494,0.000901,-0.000067,-0.000009,-0.000067
9.230,0.000503,0.000494,0.000891,-0.000067,-0.000009,-0.000067
9.231,0.000503,0.000494,0.000882,-0.000067,-0.000009,-0.000067
9.232,0.000503,0.000494,0.000882,-0.000067,-0.000009,-0.000067
9.233,0.000503,0.000494,0.000872,-0.000067,-0.000009,-0.000067
9.234,0.000503,0.000494,0.000863,-0.000067,-0.000009,-0.000067
9.235,0.000503,0.000494,0.000863,-0.000067,-0.000009,-0.000067
9.236,0.000503,0.000494,0.000853,-0.000067,-0.000009,-0.000067
9.237,0.000503,0.000494,0.000843,-0.000067,-0.000009,-0.000067
9.238,0.000503,0.000494,0.000843,-0.000067,-0.000009,-0.000067
9.239,0.000503,0.000494,0.000834,-0.000067,-0.000009,-0.000067
9.240,0.000503,0.000494,0.000824,-0.000067,-0.000009,-0.000067
9.241,0.000493,0.000494,0.000824,-0.000067,-0.000009,-0.000067
9.242,0.000493,0.000494,0.000815,-0.000067,-0.000009,-0.000067
9.243,0.000493,0.000494,0.000805,-0.000067,-0.000009,-0.000067
9.244,0.000493,0.000494,0.000805,-0.000067,-0.000009,-0.000067
9.245,0.000493,0.000494,0.000795,-0.000067,-0.000009,-0.000067
9.246,0.000493,0.000494,0.000786,-0.000067,-0.000009,-0.000067
9.247,0.000493,0.000494,0.000786,-0.000067,-0.000009,-0.000067
9.248,0.000493,0.000494,0.000776,-0.000067,-0.000009,-0.000067
9.249,0.000493,0.000494,0.000767,-0.000067,-0.000009,-0.000067
9.250,0.000493,0.000494,0.000767,-0.000067,-0.000009,-0.000067
9.251,0.000493,0.000494,0.000757,-0.000067,-0.000009,-0.000067
9.252,0.000493,0.000494,0.000757,-0.000067,-0.000009,-0.000067
9.253,0.000493,0.000494,0.000747,-0.000067,-0.000009,-0.000067
9.254,0.000493,0.000494,0.000738,-0.000067,-0.000009,-0.000067
9.255,0.000493,0.000494,0.000738,-0.000067,-0.000009,-0.000067
9.256,0.000493,0.000494,0.000728,-0.000067,-0.000009,-0.000067
9.257,0.000493,0.000494,0.000719,-0.000067,-0.000009,-0.000067
9.258,0.000493,0.000494,0.000719,-0.000067,-0.000009,-0.000067
9.259,0.000493,0.000484,0.000709,-0.000067,-0.000009,-0.000067
9.260,0.000493,0.000484,0.000709,-0.000067,-0.000009,-0.000067
9.261,0.000493,0.000484,0.000700,-0.000067,-0.000009,-0.000067
9.262,0.000493,0.000484,0.000690,-0.000067,-0.000009,-0.000067
9.263,0.000493,0.000484,0.000690,-0.000067,-0.000009,-0.000067
9.264,0.000493,0.000484,0.000680,-0.000067,-0.000009,-0.000067
9.265,0.000493,0.000484,0.000680,-0.000067,-0.000009,-0.000067
9.266,0.000493,0.000484,0.000671,-0.000067,-0.000009,-0.000067
9.267,0.000493,0.000484,0.000671,-0.000067,-0.000009,-0.000067
9.268,0.000493,0.000484,0.000661,-0.000067,-0.000009,-0.000067
9.269,0.000493,0.000484,0.000661,-0.000067,-0.000009,-0.000067
9.270,0.000484,0.000484,0.000652,-0.000067,-0.000009,-0.000067
9.271,0.000484,0.000484,0.000652,-0.000067,-0.000009,-0.000067
9.272,0.000484,0.000484,0.000642,-0.000067,-0.000009,-0.000067
9.273,0.000484,0.000484,0.000642,-0.000067,-0.000009,-0.000067
9.274,0.000484,0.000484,0.000632,-0.000067,-0.000009,-0.000067
9.275,0.000484,0.000484,0.000632,-0.000067,-0.000009,-0.000067
9.276,0.000484,0.000484,0.000623,-0.000067,-0.000009,-0.000067
9.277,0.000484,0.000484,0.000623,-0.000067,-0.000009,-0.000067
9.278,0.000484,0.000484,0.000613,-0.000067,-0.000009,-0.000067
9.279,0.000484,0.000484,0.000613,-0.000067,-0.000009,-0.000067
9.280,0.000484,0.000484,0.000604,-0.000067,-0.000009,-0.000067
9.281,0.000484,0.000484,0.000604,-0.000067,-0.000009,-0.000067
9.282,0.000484,0.000484,0.000594,-0.000067,-0.000009,-0.000067
9.283,0.000484,0.000484,0.000594,-0.000067,-0.000009,-0.000067
9.284,0.000484,0.000484,0.000584,-0.000067,-0.000009,-0.000067
9.285,0.000484,0.000484,0.000584,-0.000067,-0.000009,-0.000067
9.286,0.000484,0.000484,0.000575,-0.000067,-0.000009,-0.000067
9.287,0.000484,0.000484,0.000575,-0.000067,-0.000009,-0.000067
9.288,0.000484,0.000474,0.000565,-0.000067,-0.000009,-0.000067
9.289,0.000484,0.000474,0.000565,-0.000067,-0.000009,-0.000067
9.290,0.000484,0.000474,0.000556,-0.000067,-0.000009,-0.000067
9.291,0.000484,0.000474,0.000556,-0.000067,-0.000009,-0.000067
9.292,0.000484,0.000474,0.000556,-0.000067,-0.000009,-0.000067
9.293,0.000484,0.000474,0.000546,-0.000067,-0.000009,-0.000067
9.294,0.000484,0.000474,0.000546,-0.000067,-0.000009,-0.000067
9.295,0.000474,0.000474,0.000537,-0.000067,-0.000009,-0.000067
9.296,0.000474,0.000474,0.000537,-0.000067,-0.000009,-0.000067
9.297,0.000474,0.000474,0.000527,-0.000067,-0.000009,-0.000067
9.298,0.000474,0.000474,0.000527,-0.000067,-0.000009,-0.000067
9.299,0.000474,0.000474,0.000527,-0.000067,-0.000009,-0.000067
9.300,0.000474,0.000474,0.000517,-0.000067,-0.000009,-0.000067
9.301,0.000474,0.000474,0.000517,-0.000067,-0.000009,-0.000067
9.302,0.000474,0.000474,0.000508,-0.000067,-0.000009,-0.000067
9.303,0.000474,0.000474,0.000508,-0.000067,-0.000009,-0.000067
9.304,0.000474,0.000474,0.000508,-0.000067,-0.000009,-0.000067
9.305,0.000474,0.000474,0.000498,-0.000067,-0.000009,-0.000067
9.306,0.000474,0.000474,0.000498,-0.000067,-0.000009,-0.000067
9.307,0.000474,0.000474,0.000498,-0.000067,-0.000009,-0.000067
9.308,0.000474,0.000474,0.000489,-0.000067,-0.000009,-0.000067
9.309,0.000474,0.000474,0.000489,-0.000067,-0.000009,-0.000067
9.310,0.000474,0.000474,0.000489,-0.000067,-0.000009,-0.000067
9.311,0.000474,0.000474,0.000479,-0.000067,-0.000009,-0.000067
9.312,0.000474,0.000474,0.000479,-0.000067,-0.000009,-0.000067
9.313,0.000474,0.000474,0.000479,-0.000067,-0.000009,-0.000067
9.314,0.000474,0.000474,0.000469,-0.000067,-0.000009,-0.000067
9.315,0.000474,0.000474,0.000469,-0.000067,-0.000009,-0.000067
9.316,0.000474,0.000474,0.000469,-0.000067,-0.000009,-0.000067
9.317,0.000474,0.000474,0.000460,-0.000067,-0.000009,-0.000067
9.318,0.000474,0.000474,0.000460,-0.000067,-0.000009,-0.000067
9.319,0.000474,0.000474,0.000460,-0.000067,-0.000009,-0.000067
9.320,0.000474,0.000474,0.000460,-0.000067,-0.000009,-0.000067
9.321,0.000474,0.000474,0.000450,-0.000067,-0.000009,-0.000067
9.322,0.000474,0.000465,0.000450,-0.000067,-0.000009,-0.000067
9.323,0.000474,0.000465,0.000450,-0.000067,-0.000009,-0.000067
9.324,0.000474,0.000465,0.000441,-0.000067,-0.000009,-0.000067
9.325,0.000474,0.000465,0.000441,-0.000067,-0.000009,-0.000067
9.326,0.000474,0.000465,0.000441,-0.000067,-0.000009,-0.000067
9.327,0.000474,0.000465,0.000441,-0.000067,-0.000009,-0.000067
9.328,0.000474,0.000465,0.000431,-0.000067,-0.000009,-0.000067
9.329,0.000465,0.000465,0.000431,-0.000067,-0.000009,-0.000067
9.330,0.000465,0.000465,0.000431,-0.000067,-0.000009,-0.000067
9.331,0.000465,0.000465,0.000431,-0.000067,-0.000009,-0.000067
9.332,0.000465,0.000465,0.000431,-0.000067,-0.000009,-0.000067
9.333,0.000465,0.000465,0.000421,-0.000067,-0.000009,-0.000067
9.334,0.000465,0.000465,0.000421,-0.000067,-0.000009,-0.000067
9.335,0.000465,0.000465,0.000421,-0.000067,-0.000009,-0.000067
9.336,0.000465,0.000465,0.000421,-0.000067,-0.000009,-0.000067
9.337,0.000465,0.000465,0.000412,-0.000067,-0.000009,-0.000067
9.338,0.000465,0.000465,0.000412,-0.000067,-0.000009,-0.000067
9.339,0.000465,0.000465,0.000412,-0.000067,-0.000009,-0.000067
9.340,0.000465,0.000465,0.000412,-0.000067,-0.000009,-0.000067
9.341,0.000465,0.000465,0.000402,-0.000067,-0.000009,-0.000067
9.342,0.000465,0.000465,0.000402,-0.000067,-0.000009,-0.000067
9.343,0.000465,0.000465,0.000402,-0.000067,-0.000009,-0.000067
9.344,0.000465,0.000465,0.000402,-0.000067,-0.000009,-0.000067
9.345,0.000465,0.000465,0.000402,-0.000067,-0.000009,-0.000067
9.346,0.000465,0.000465,0.000393,-0.000067,-0.000009,-0.000067
9.347,0.000465,0.000465,0.000393,-0.000067,-0.000009,-0.000067
9.348,0.000465,0.000465,0.000393,-0.000067,-0.000009,-0.000067
9.349,0.000465,0.000465,0.000393,-0.000067,-0.000009,-0.000067
9.350,0.000465,0.000465,0.000393,-0.000067,-0.000009,-0.000067
9.351,0.000465,0.000465,0.000393,-0.000067,-0.000009,-0.000067
9.352,0.000465,0.000465,0.000383,-0.000067,-0.000009,-0.000067
9.353,0.000465,0.000465,0.000383,-0.000067,-0.000009,-0.000067
9.354,0.000465,0.000465,0.000383,-0.000067,-0.000009,-0.000067
9.355,0.000465,0.000465,0.000383,-0.000067,-0.000009,-0.000067
9.356,0.000465,0.000465,0.000383,-0.000067,-0.000009,-0.000067
9.357,0.000465,0.000465,0.000383,-0.000067,-0.000009,-0.000067
9.358,0.000465,0.000455,0.000374,-0.000067,-0.000009,-0.000067
9.359,0.000455,0.000455,0.000374,-0.000067,-0.000009,-0.000067
9.360,0.000455,0.000455,0.000374,-0.000067,-0.000009,-0.000067
9.361,0.000455,0.000455,0.000374,-0.000067,-0.000009,-0.000067
9.362,0.000455,0.000455,0.000374,-0.000067,-0.000009,-0.000067
9.363,0.000455,0.000455,0.000374,-0.000067,-0.000019,-0.000067
9.364,0.000455,0.000455,0.000374,-0.000067,-0.000019,-0.000067
9.365,0.000455,0.000455,0.000364,-0.000067,-0.000019,-0.000067
9.366,0.000455,0.000455,0.000364,-0.000067,-0.000019,-0.000067
9.367,0.000455,0.000455,0.000364,-0.000067,-0.000019,-0.000067
9.368,0.000455,0.000455,0.000364,-0.000067,-0.000019,-0.000067
9.369,0.000455,0.000455,0.000364,-0.000067,-0.000019,-0.000067
9.370,0.000455,0.000455,0.000364,-0.000067,-0.000019,-0.000067
9.371,0.000455,0.000455,0.000364,-0.000067,-0.000019,-0.000067
9.372,0.000455,0.000455,0.000354,-0.000067,-0.000019,-0.000067
9.373,0.000455,0.000455,0.000354,-0.000067,-0.000019,-0.000067
9.374,0.000455,0.000455,0.000354,-0.000067,-0.000019,-0.000067
9.375,0.000455,0.000455,0.000354,-0.000067,-0.000019,-0.000067
9.376,0.000455,0.000455,0.000354,-0.000067,-0.000019,-0.000067
9.377,0.000455,0.000455,0.000354,-0.000067,-0.000019,-0.000067
9.378,0.000455,0.000455,0.000354,-0.000067,-0.000019,-0.000067
9.379,0.000455,0.000455,0.000354,-0.000067,-0.000019,-0.000067
9.380,0.000455,0.000455,0.000354,-0.000067,-0.000019,-0.000067
9.381,0.000455,0.000455,0.000345,-0.000067,-0.000019,-0.000067
9.382,0.000455,0.000455,0.000345,-0.000067,-0.000019,-0.000067
9.383,0.000455,0.000455,0.000345,-0.000067,-0.000019,-0.000067
9.384,0.000455,0.000455,0.000345,-0.000067,-0.000019,-0.000067
9.385,0.000455,0.000455,0.000345,-0.000067,-0.000019,-0.000067
9.386,0.000455,0.000455,0.000345,-0.000067,-0.000019,-0.000067
9.387,0.000455,0.000455,0.000345,-0.000067,-0.000019,-0.000067
9.388,0.000455,0.000455,0.000345,-0.000067,-0.000019,-0.000067
9.389,0.000446,0.000455,0.000335,-0.000067,-0.000019,-0.000067
9.390,0.000446,0.000455,0.000335,-0.000067,-0.000019,-0.000067
9.391,0.000446,0.000455,0.000335,-0.000067,-0.000019,-0.000067
9.392,0.000446,0.000455,0.000335,-0.000067,-0.000019,-0.000067
9.393,0.000446,0.000455,0.000335,-0.000067,-0.000019,-0.000067
9.394,0.000446,0.000446,0.000335,-0.000067,-0.000019,-0.000067
9.395,0.000446,0.000446,0.000335,-0.000067,-0.000019,-0.000067
9.396,0.000446,0.000446,0.000335,-0.000067,-0.000019,-0.000067
9.397,0.000446,0.000446,0.000335,-0.000067,-0.000019,-0.000067
9.398,0.000446,0.000446,0.000326,-0.000067,-0.000019,-0.000067
9.399,0.000446,0.000446,0.000326,-0.000067,-0.000019,-0.000067
9.400,0.000446,0.000446,0.000326,-0.000067,-0.000019,-0.000067
9.401,0.000446,0.000446,0.000326,-0.000067,-0.000019,-0.000067
9.402,0.000446,0.000446,0.000326,-0.000067,-0.000019,-0.000067
9.403,0.000446,0.000446,0.000326,-0.000067,-0.000019,-0.000067
9.404,0.000446,0.000446,0.000326,-0.000067,-0.000019,-0.000067
9.405,0.000446,0.000446,0.000326,-0.000067,-0.000019,-0.000067
9.406,0.000446,0.000446,0.000316,-0.000067,-0.000019,-0.000067
9.407,0.000446,0.000446,0.000316,-0.000067,-0.000019,-0.000067
9.408,0.000446,0.000446,0.000316,-0.000067,-0.000019,-0.000067
9.409,0.000446,0.000446,0.000316,-0.000067,-0.000019,-0.000067
9.410,0.000446,0.000446,0.000316,-0.000067,-0.000019,-0.000067
9.411,0.000446,0.000446,0.000316,-0.000067,-0.000019,-0.000067
9.412,0.000446,0.000446,0.000316,-0.000067,-0.000019,-0.000067
9.413,0.000446,0.000446,0.000316,-0.000067,-0.000019,-0.000067
9.414,0.000446,0.000446,0.000306,-0.000067,-0.000019,-0.000067
9.415,0.000446,0.000446,0.000306,-0.000067,-0.000019,-0.000067
9.416,0.000446,0.000446,0.000306,-0.000067,-0.000019,-0.000067
9.417,0.000436,0.000446,0.000306,-0.000067,-0.000019,-0.000067
9.418,0.000436,0.000446,0.000306,-0.000067,-0.000019,-0.000067
9.419,0.000436,0.000446,0.000306,-0.000067,-0.000019,-0.000067
9.420,0.000436,0.000446,0.000306,-0.000067,-0.000019,-0.000067
9.421,0.000436,0.000446,0.000306,-0.000067,-0.000019,-0.000067
9.422,0.000436,0.000446,0.000306,-0.000067,-0.000019,-0.000067
9.423,0.000436,0.000446,0.000306,-0.000067,-0.000019,-0.000067
9.424,0.000436,0.000446,0.000297,-0.000067,-0.000019,-0.000067
9.425,0.000436,0.000436,0.000297,-0.000067,-0.000019,-0.000067
9.426,0.000436,0.000436,0.000297,-0.000067,-0.000019,-0.000067
9.427,0.000436,0.000436,0.000297,-0.000067,-0.000019,-0.000067
9.428,0.000436,0.000436,0.000297,-0.000067,-0.000019,-0.000067
9.429,0.000436,0.000436,0.000297,-0.000067,-0.000019,-0.000067
9.430,0.000436,0.000436,0.000297,-0.000067,-0.000019,-0.000067
9.431,0.000436,0.000436,0.000297,-0.000067,-0.000019,-0.000067
9.432,0.000436,0.000436,0.000297,-0.000067,-0.000019,-0.000067
9.433,0.000436,0.000436,0.000297,-0.000067,-0.000019,-0.000067
9.434,0.000436,0.000436,0.000287,-0.000067,-0.000019,-0.000067
9.435,0.000436,0.000436,0.000287,-0.000067,-0.000019,-0.000067
9.436,0.000436,0.000436,0.000287,-0.000067,-0.000019,-0.000067
9.437,0.000436,0.000436,0.000287,-0.000067,-0.000019,-0.000067
9.438,0.000436,0.000436,0.000287,-0.000067,-0.000019,-0.000067
9.439,0.000436,0.000436,0.000287,-0.000067,-0.000019,-0.000067
9.440,0.000436,0.000436,0.000287,-0.000067,-0.000019,-0.000067
9.441,0.000436,0.000436,0.000287,-0.000067,-0.000019,-0.000067
9.442,0.000436,0.000436,0.000287,-0.000067,-0.000019,-0.000067
9.443,0.000436,0.000436,0.000287,-0.000067,-0.000019,-0.000067
9.444,0.000436,0.000436,0.000287,-0.000067,-0.000019,-0.000067
9.445,0.000426,0.000436,0.000278,-0.000067,-0.000019,-0.000067
9.446,0.000426,0.000436,0.000278,-0.000067,-0.000019,-0.000067
9.447,0.000426,0.000436,0.000278,-0.000067,-0.000019,-0.000067
9.448,0.000426,0.000436,0.000278,-0.000067,-0.000019,-0.000067
9.449,0.000426,0.000436,0.000278,-0.000067,-0.000019,-0.000067
9.450,0.000426,0.000436,0.000278,-0.000067,-0.000019,-0.000067
9.451,0.000426,0.000436,0.000278,-0.000067,-0.000019,-0.000067
9.452,0.000426,0.000427,0.000278,-0.000067,-0.000019,-0.000067
9.453,0.000426,0.000427,0.000278,-0.000067,-0.000019,-0.000067
9.454,0.000426,0.000427,0.000278,-0.000067,-0.000019,-0.000067
9.455,0.000426,0.000427,0.000278,-0.000067,-0.000019,-0.000067
9.456,0.000426,0.000427,0.000268,-0.000067,-0.000019,-0.000067
9.457,0.000426,0.000427,0.000268,-0.000067,-0.000019,-0.000067
9.458,0.000426,0.000427,0.000268,-0.000067,-0.000019,-0.000067
9.459,0.000426,0.000427,0.000268,-0.000067,-0.000019,-0.000067
9.460,0.000426,0.000427,0.000268,-0.000067,-0.000019,-0.000067
9.461,0.000426,0.000427,0.000268,-0.000067,-0.000019,-0.000067
9.462,0.000426,0.000427,0.000268,-0.000067,-0.000019,-0.000067
9.463,0.000426,0.000427,0.000268,-0.000067,-0.000019,-0.000067
9.464,0.000426,0.000427,0.000268,-0.000067,-0.000019,-0.000067
9.465,0.000426,0.000427,0.000268,-0.000067,-0.000019,-0.000067
9.466,0.000426,0.000427,0.000259,-0.000067,-0.000019,-0.000067
9.467,0.000417,0.000427,0.000259,-0.000067,-0.000019,-0.000067
9.468,0.000417,0.000427,0.000259,-0.000067,-0.000019,-0.000067
9.469,0.000417,0.000427,0.000259,-0.000067,-0.000019,-0.000067
9.470,0.000417,0.000427,0.000259,-0.000067,-0.000019,-0.000067
9.471,0.000417,0.000427,0.000259,-0.000067,-0.000019,-0.000067
9.472,0.000417,0.000427,0.000259,-0.000067,-0.000019,-0.000067
9.473,0.000417,0.000427,0.000259,-0.000067,-0.000019,-0.000067
9.474,0.000417,0.000427,0.000259,-0.000067,-0.000019,-0.000067
9.475,0.000417,0.000427,0.000249,-0.000067,-0.000019,-0.000067
9.476,0.000417,0.000427,0.000249,-0.000067,-0.000019,-0.000067
9.477,0.000417,0.000427,0.000249,-0.000067,-0.000019,-0.000067
9.478,0.000417,0.000417,0.000249,-0.000067,-0.000019,-0.000067
9.479,0.000417,0.000417,0.000249,-0.000067,-0.000019,-0.000067
9.480,0.000417,0.000417,0.000249,-0.000067,-0.000019,-0.000067
9.481,0.000417,0.000417,0.000249,-0.000067,-0.000019,-0.000067
9.482,0.000417,0.000417,0.000249,-0.000067,-0.000019,-0.000067
9.483,0.000417,0.000417,0.000249,-0.000067,-0.000019,-0.000067
9.484,0.000417,0.000417,0.000249,-0.000067,-0.000019,-0.000067
9.485,0.000417,0.000417,0.000249,-0.000067,-0.000019,-0.000067
9.486,0.000417,0.000417,0.000239,-0.000067,-0.000019,-0.000067
9.487,0.000417,0.000417,0.000239,-0.000067,-0.000019,-0.000067
9.488,0.000407,0.000417,0.000239,-0.000067,-0.000019,-0.000067
9.489,0.000407,0.000417,0.000239,-0.000067,-0.000019,-0.000067
9.490,0.000407,0.000417,0.000239,-0.000067,-0.000019,-0.000067
9.491,0.000407,0.000417,0.000239,-0.000067,-0.000019,-0.000067
9.492,0.000407,0.000417,0.000239,-0.000067,-0.000019,-0.000067
9.493,0.000407,0.000417,0.000239,-0.000067,-0.000019,-0.000067
9.494,0.000407,0.000417,0.000239,-0.000067,-0.000019,-0.000067
9.495,0.000407,0.000417,0.000239,-0.000067,-0.000019,-0.000067
9.496,0.000407,0.000417,0.000230,-0.000067,-0.000019,-0.000067
9.497,0.000407,0.000417,0.000230,-0.000067,-0.000019,-0.000067
9.498,0.000407,0.000417,0.000230,-0.000067,-0.000019,-0.000067
9.499,0.000407,0.000417,0.000230,-0.000067,-0.000019,-0.000067
9.500,0.000407,0.000407,0.000230,-0.000067,-0.000019,-0.000067
9.501,0.000407,0.000407,0.000230,-0.000067,-0.000019,-0.000067
9.502,0.000407,0.000407,0.000230,-0.000067,-0.000019,-0.000067
9.503,0.000407,0.000407,0.000230,-0.000067,-0.000019,-0.000067
9.504,0.000398,0.000407,0.000230,-0.000067,-0.000019,-0.000067
9.505,0.000398,0.000407,0.000230,-0.000067,-0.000019,-0.000067
9.506,0.000398,0.000407,0.000220,-0.000067,-0.000019,-0.000067
9.507,0.000398,0.000407,0.000220,-0.000067,-0.000019,-0.000067
9.508,0.000398,0.000407,0.000220,-0.000067,-0.000019,-0.000067
9.509,0.000398,0.000407,0.000220,-0.000067,-0.000019,-0.000067
9.510,0.000398,0.000407,0.000220,-0.000067,-0.000019,-0.000067
9.511,0.000398,0.000407,0.000220,-0.000067,-0.000019,-0.000067
9.512,0.000398,0.000407,0.000220,-0.000067,-0.000019,-0.000067
9.513,0.000398,0.000398,0.000220,-0.000067,-0.000019,-0.000067
9.514,0.000398,0.000398,0.000220,-0.000067,-0.000019,-0.000067
9.515,0.000398,0.000398,0.000220,-0.000067,-0.000019,-0.000067
9.516,0.000398,0.000398,0.000211,-0.000067,-0.000019,-0.000067
9.517,0.000388,0.000398,0.000211,-0.000067,-0.000019,-0.000067
9.518,0.000388,0.000398,0.000211,-0.000067,-0.000019,-0.000067
9.519,0.000388,0.000398,0.000211,-0.000067,-0.000019,-0.000067
9.520,0.000388,0.000398,0.000211,-0.000067,-0.000019,-0.000067
9.521,0.000388,0.000398,0.000211,-0.000067,-0.000019,-0.000067
9.522,0.000388,0.000398,0.000211,-0.000067,-0.000019,-0.000067
9.523,0.000388,0.000398,0.000211,-0.000067,-0.000019,-0.000067
9.524,0.000388,0.000398,0.000211,-0.000067,-0.000019,-0.000067
9.525,0.000388,0.000398,0.000211,-0.000067,-0.000019,-0.000067
9.526,0.000388,0.000398,0.000211,-0.000067,-0.000019,-0.000067
9.527,0.000388,0.000388,0.000211,-0.000067,-0.000019,-0.000067
9.528,0.000388,0.000388,0.000201,-0.000067,-0.000019,-0.000067
9.529,0.000388,0.000388,0.000201,-0.000067,-0.000019,-0.000067
9.530,0.000388,0.000388,0.000201,-0.000067,-0.000019,-0.000067
9.531,0.000378,0.000388,0.000201,-0.000067,-0.000019,-0.000067
9.532,0.000378,0.000388,0.000201,-0.000067,-0.000019,-0.000067
9.533,0.000378,0.000388,0.000201,-0.000067,-0.000019,-0.000067
9.534,0.000378,0.000388,0.000201,-0.000067,-0.000019,-0.000067
9.535,0.000378,0.000388,0.000201,-0.000067,-0.000019,-0.000067
9.536,0.000378,0.000388,0.000201,-0.000067,-0.000019,-0.000067
9.537,0.000378,0.000388,0.000201,-0.000067,-0.000019,-0.000067
9.538,0.000378,0.000388,0.000201,-0.000067,-0.000019,-0.000067
9.539,0.000378,0.000388,0.000201,-0.000067,-0.000019,-0.000067
9.540,0.000378,0.000379,0.000191,-0.000067,-0.000019,-0.000067
9.541,0.000378,0.000379,0.000191,-0.000067,-0.000019,-0.000067
9.542,0.000378,0.000379,0.000191,-0.000067,-0.000019,-0.000067
9.543,0.000378,0.000379,0.000191,-0.000067,-0.000019,-0.000067
9.544,0.000369,0.000379,0.000191,-0.000067,-0.000019,-0.000067
9.545,0.000369,0.000379,0.000191,-0.000067,-0.000019,-0.000067
9.546,0.000369,0.000379,0.000191,-0.000067,-0.000019,-0.000067
9.547,0.000369,0.000379,0.000191,-0.000067,-0.000019,-0.000067
9.548,0.000369,0.000379,0.000191,-0.000067,-0.000019,-0.000067
9.549,0.000369,0.000379,0.000191,-0.000067,-0.000019,-0.000067
9.550,0.000369,0.000379,0.000191,-0.000067,-0.000019,-0.000067
9.551,0.000369,0.000369,0.000191,-0.000067,-0.000019,-0.000067
9.552,0.000369,0.000369,0.000191,-0.000067,-0.000019,-0.000067
9.553,0.000369,0.000369,0.000182,-0.000067,-0.000019,-0.000067
9.554,0.000369,0.000369,0.000182,-0.000067,-0.000019,-0.000067
9.555,0.000369,0.000369,0.000182,-0.000067,-0.000019,-0.000067
9.556,0.000369,0.000369,0.000182,-0.000067,-0.000019,-0.000067
9.557,0.000359,0.000369,0.000182,-0.000067,-0.000019,-0.000067
9.558,0.000359,0.000369,0.000182,-0.000067,-0.000019,-0.000067
9.559,0.000359,0.000369,0.000182,-0.000067,-0.000019,-0.000067
9.560,0.000359,0.000369,0.000182,-0.000067,-0.000019,-0.000067
9.561,0.000359,0.000369,0.000182,-0.000067,-0.000019,-0.000067
9.562,0.000359,0.000359,0.000182,-0.000067,-0.000019,-0.000067
9.563,0.000359,0.000359,0.000182,-0.000067,-0.000019,-0.000067
9.564,0.000359,0.000359,0.000172,-0.000067,-0.000019,-0.000067
9.565,0.000359,0.000359,0.000172,-0.000067,-0.000019,-0.000067
9.566,0.000359,0.000359,0.000172,-0.000067,-0.000019,-0.000067
9.567,0.000359,0.000359,0.000172,-0.000067,-0.000019,-0.000067
9.568,0.000359,0.000359,0.000172,-0.000067,-0.000019,-0.000067
9.569,0.000350,0.000359,0.000172,-0.000067,-0.000019,-0.000067
9.570,0.000350,0.000359,0.000172,-0.000067,-0.000019,-0.000067
9.571,0.000350,0.000359,0.000172,-0.000067,-0.000019,-0.000067
9.572,0.000350,0.000350,0.000172,-0.000067,-0.000019,-0.000067
9.573,0.000350,0.000350,0.000172,-0.000067,-0.000019,-0.000067
9.574,0.000350,0.000350,0.000172,-0.000067,-0.000019,-0.000067
9.575,0.000350,0.000350,0.000172,-0.000067,-0.000019,-0.000067
9.576,0.000350,0.000350,0.000163,-0.000067,-0.000019,-0.000067
9.577,0.000350,0.000350,0.000163,-0.000067,-0.000019,-0.000067
9.578,0.000350,0.000350,0.000163,-0.000067,-0.000019,-0.000067
9.579,0.000350,0.000350,0.000163,-0.000067,-0.000019,-0.000067
9.580,0.000340,0.000340,0.000163,-0.000067,-0.000019,-0.000067
9.581,0.000340,0.000340,0.000163,-0.000067,-0.000019,-0.000067
9.582,0.000340,0.000340,0.000163,-0.000067,-0.000019,-0.000067
9.583,0.000340,0.000340,0.000163,-0.000067,-0.000019,-0.000067
9.584,0.000340,0.000340,0.000163,-0.000067,-0.000019,-0.000067
9.585,0.000340,0.000340,0.000153,-0.000067,-0.000019,-0.000067
9.586,0.000340,0.000340,0.000153,-0.000067,-0.000019,-0.000067
9.587,0.000340,0.000340,0.000153,-0.000067,-0.000019,-0.000067
9.588,0.000340,0.000340,0.000153,-0.000067,-0.000019,-0.000067
9.589,0.000340,0.000331,0.000153,-0.000067,-0.000019,-0.000067
9.590,0.000330,0.000331,0.000153,-0.000067,-0.000019,-0.000067
9.591,0.000330,0.000331,0.000153,-0.000067,-0.000019,-0.000067
9.592,0.000330,0.000331,0.000153,-0.000067,-0.000019,-0.000067
9.593,0.000330,0.000331,0.000153,-0.000067,-0.000019,-0.000067
9.594,0.000330,0.000331,0.000153,-0.000067,-0.000019,-0.000067
9.595,0.000330,0.000331,0.000153,-0.000067,-0.000019,-0.000067
9.596,0.000330,0.000331,0.000143,-0.000067,-0.000019,-0.000067
9.597,0.000330,0.000321,0.000143,-0.000067,-0.000019,-0.000067
9.598,0.000330,0.000321,0.000143,-0.000067,-0.000019,-0.000067
9.599,0.000330,0.000321,0.000143,-0.000067,-0.000019,-0.000067
9.600,0.000330,0.000321,0.000143,-0.000067,-0.000019,-0.000067
9.601,0.000321,0.000321,0.000143,-0.000067,-0.000019,-0.000067
9.602,0.000321,0.000321,0.000143,-0.000067,-0.000019,-0.000067
9.603,0.000321,0.000321,0.000143,-0.000067,-0.000019,-0.000067
9.604,0.000321,0.000321,0.000143,-0.000067,-0.000019,-0.000067
9.605,0.000321,0.000321,0.000143,-0.000067,-0.000019,-0.000067
9.606,0.000321,0.000311,0.000134,-0.000067,-0.000019,-0.000067
9.607,0.000321,0.000311,0.000134,-0.000067,-0.000019,-0.000067
9.608,0.000321,0.000311,0.000134,-0.000067,-0.000019,-0.000067
9.609,0.000321,0.000311,0.000134,-0.000067,-0.000019,-0.000067
9.610,0.000311,0.000311,0.000134,-0.000067,-0.000019,-0.000067
9.611,0.000311,0.000311,0.000134,-0.000067,-0.000019,-0.000067
9.612,0.000311,0.000311,0.000134,-0.000067,-0.000019,-0.000067
9.613,0.000311,0.000311,0.000134,-0.000067,-0.000019,-0.000067
9.614,0.000311,0.000311,0.000134,-0.000067,-0.000019,-0.000067
9.615,0.000311,0.000302,0.000134,-0.000067,-0.000019,-0.000067
9.616,0.000311,0.000302,0.000124,-0.000067,-0.000019,-0.000067
9.617,0.000311,0.000302,0.000124,-0.000067,-0.000019,-0.000067
9.618,0.000311,0.000302,0.000124,-0.000067,-0.000019,-0.000067
9.619,0.000302,0.000302,0.000124,-0.000067,-0.000019,-0.000067
9.620,0.000302,0.000302,0.000124,-0.000067,-0.000019,-0.000067
9.621,0.000302,0.000302,0.000124,-0.000067,-0.000019,-0.000067
9.622,0.000302,0.000302,0.000124,-0.000067,-0.000019,-0.000067
9.623,0.000302,0.000292,0.000124,-0.000067,-0.000019,-0.000067
9.624,0.000302,0.000292,0.000124,-0.000067,-0.000019,-0.000067
9.625,0.000302,0.000292,0.000115,-0.000067,-0.000019,-0.000067
9.626,0.000302,0.000292,0.000115,-0.000067,-0.000019,-0.000067
9.627,0.000292,0.000292,0.000115,-0.000067,-0.000019,-0.000067
9.628,0.000292,0.000292,0.000115,-0.000067,-0.000019,-0.000067
9.629,0.000292,0.000292,0.000115,-0.000067,-0.000019,-0.000067
9.630,0.000292,0.000283,0.000115,-0.000067,-0.000019,-0.000067
9.631,0.000292,0.000283,0.000115,-0.000067,-0.000019,-0.000067
9.632,0.000292,0.000283,0.000115,-0.000067,-0.000019,-0.000067
9.633,0.000292,0.000283,0.000115,-0.000067,-0.000019,-0.000067
9.634,0.000283,0.000283,0.000115,-0.000067,-0.000019,-0.000067
9.635,0.000283,0.000283,0.000105,-0.000067,-0.000019,-0.000067
9.636,0.000283,0.000283,0.000105,-0.000067,-0.000019,-0.000067
9.637,0.000283,0.000283,0.000105,-0.000067,-0.000019,-0.000067
9.638,0.000283,0.000273,0.000105,-0.000067,-0.000019,-0.000067
9.639,0.000283,0.000273,0.000105,-0.000067,-0.000019,-0.000067
9.640,0.000283,0.000273,0.000105,-0.000067,-0.000019,-0.000067
9.641,0.000283,0.000273,0.000105,-0.000067,-0.000019,-0.000067
9.642,0.000273,0.000273,0.000105,-0.000067,-0.000019,-0.000067
9.643,0.000273,0.000273,0.000105,-0.000067,-0.000019,-0.000067
9.644,0.000273,0.000273,0.000096,-0.000067,-0.000019,-0.000067
9.645,0.000273,0.000273,0.000096,-0.000067,-0.000019,-0.000067
9.646,0.000273,0.000264,0.000096,-0.000067,-0.000019,-0.000067
9.647,0.000273,0.000264,0.000096,-0.000067,-0.000019,-0.000067
9.648,0.000273,0.000264,0.000096,-0.000067,-0.000019,-0.000067
9.649,0.000273,0.000264,0.000096,-0.000067,-0.000019,-0.000067
9.650,0.000263,0.000264,0.000096,-0.000067,-0.000019,-0.000067
9.651,0.000263,0.000264,0.000096,-0.000067,-0.000019,-0.000067
9.652,0.000263,0.000264,0.000096,-0.000067,-0.000019,-0.000067
9.653,0.000263,0.000254,0.000096,-0.000067,-0.000019,-0.000067
9.654,0.000263,0.000254,0.000096,-0.000067,-0.000019,-0.000067
9.655,0.000263,0.000254,0.000086,-0.000067,-0.000019,-0.000067
9.656,0.000263,0.000254,0.000086,-0.000067,-0.000019,-0.000067
9.657,0.000254,0.000254,0.000086,-0.000067,-0.000019,-0.000067
9.658,0.000254,0.000254,0.000086,-0.000067,-0.000019,-0.000067
9.659,0.000254,0.000254,0.000086,-0.000067,-0.000019,-0.000067
9.660,0.000254,0.000254,0.000086,-0.000067,-0.000019,-0.000067
9.661,0.000254,0.000244,0.000086,-0.000067,-0.000019,-0.000067
9.662,0.000254,0.000244,0.000086,-0.000067,-0.000019,-0.000067
9.663,0.000254,0.000244,0.000086,-0.000067,-0.000019,-0.000067
9.664,0.000244,0.000244,0.000086,-0.000067,-0.000019,-0.000067
9.665,0.000244,0.000244,0.000086,-0.000067,-0.000019,-0.000067
9.666,0.000244,0.000244,0.000076,-0.000067,-0.000019,-0.000067
9.667,0.000244,0.000244,0.000076,-0.000067,-0.000019,-0.000067
9.668,0.000244,0.000235,0.000076,-0.000067,-0.000019,-0.000067
9.669,0.000244,0.000235,0.000076,-0.000067,-0.000019,-0.000067
9.670,0.000244,0.000235,0.000076,-0.000067,-0.000019,-0.000067
9.671,0.000235,0.000235,0.000076,-0.000067,-0.000019,-0.000067
9.672,0.000235,0.000235,0.000076,-0.000067,-0.000019,-0.000067
9.673,0.000235,0.000235,0.000076,-0.000067,-0.000019,-0.000067
9.674,0.000235,0.000235,0.000076,-0.000067,-0.000019,-0.000067
9.675,0.000235,0.000225,0.000076,-0.000067,-0.000019,-0.000067
9.676,0.000235,0.000225,0.000076,-0.000067,-0.000019,-0.000067
9.677,0.000235,0.000225,0.000076,-0.000067,-0.000019,-0.000067
9.678,0.000235,0.000225,0.000076,-0.000067,-0.000019,-0.000067
9.679,0.000225,0.000225,0.000067,-0.000067,-0.000019,-0.000067
9.680,0.000225,0.000225,0.000067,-0.000067,-0.000019,-0.000067
9.681,0.000225,0.000225,0.000067,-0.000067,-0.000019,-0.000067
9.682,0.000225,0.000216,0.000067,-0.000067,-0.000019,-0.000067
9.683,0.000225,0.000216,0.000067,-0.000067,-0.000019,-0.000067
9.684,0.000225,0.000216,0.000067,-0.000067,-0.000019,-0.000067
9.685,0.000215,0.000216,0.000067,-0.000067,-0.000019,-0.000067
9.686,0.000215,0.000216,0.000067,-0.000067,-0.000019,-0.000067
9.687,0.000215,0.000216,0.000067,-0.000067,-0.000019,-0.000067
9.688,0.000215,0.000216,0.000067,-0.000067,-0.000019,-0.000067
9.689,0.000215,0.000206,0.000067,-0.000067,-0.000019,-0.000067
9.690,0.000215,0.000206,0.000067,-0.000067,-0.000019,-0.000067
9.691,0.000215,0.000206,0.000067,-0.000067,-0.000019,-0.000067
9.692,0.000206,0.000206,0.000057,-0.000067,-0.000019,-0.000067
9.693,0.000206,0.000206,0.000057,-0.000067,-0.000019,-0.000067
9.694,0.000206,0.000206,0.000057,-0.000067,-0.000019,-0.000067
9.695,0.000206,0.000206,0.000057,-0.000067,-0.000019,-0.000067
9.696,0.000206,0.000206,0.000057,-0.000067,-0.000019,-0.000067
9.697,0.000206,0.000196,0.000057,-0.000067,-0.000019,-0.000067
9.698,0.000196,0.000196,0.000057,-0.000067,-0.000019,-0.000067
9.699,0.000196,0.000196,0.000057,-0.000067,-0.000019,-0.000067
9.700,0.000196,0.000196,0.000057,-0.000067,-0.000019,-0.000067
9.701,0.000196,0.000196,0.000057,-0.000067,-0.000019,-0.000067
9.702,0.000196,0.000196,0.000057,-0.000067,-0.000019,-0.000067
9.703,0.000196,0.000196,0.000057,-0.000067,-0.000019,-0.000067
9.704,0.000196,0.000196,0.000057,-0.000067,-0.000019,-0.000067
9.705,0.000187,0.000187,0.000057,-0.000067,-0.000019,-0.000067
9.706,0.000187,0.000187,0.000057,-0.000067,-0.000019,-0.000067
9.707,0.000187,0.000187,0.000057,-0.000067,-0.000019,-0.000067
9.708,0.000187,0.000187,0.000057,-0.000067,-0.000019,-0.000067
9.709,0.000187,0.000187,0.000057,-0.000067,-0.000019,-0.000067
9.710,0.000187,0.000187,0.000057,-0.000067,-0.000019,-0.000067
9.711,0.000187,0.000187,0.000048,-0.000067,-0.000019,-0.000067
9.712,0.000177,0.000187,0.000048,-0.000067,-0.000019,-0.000067
9.713,0.000177,0.000177,0.000048,-0.000067,-0.000019,-0.000067
9.714,0.000177,0.000177,0.000048,-0.000067,-0.000019,-0.000067
9.715,0.000177,0.000177,0.000048,-0.000067,-0.000019,-0.000067
9.716,0.000177,0.000177,0.000048,-0.000067,-0.000019,-0.000067
9.717,0.000177,0.000177,0.000048,-0.000067,-0.000019,-0.000067
9.718,0.000177,0.000177,0.000048,-0.000067,-0.000019,-0.000067
9.719,0.000168,0.000177,0.000048,-0.000067,-0.000019,-0.000067
9.720,0.000168,0.000177,0.000048,-0.000067,-0.000019,-0.000067
9.721,0.000168,0.000168,0.000048,-0.000067,-0.000019,-0.000067
9.722,0.000168,0.000168,0.000048,-0.000067,-0.000019,-0.000067
9.723,0.000168,0.000168,0.000048,-0.000067,-0.000019,-0.000067
9.724,0.000168,0.000168,0.000048,-0.000067,-0.000019,-0.000067
9.725,0.000168,0.000168,0.000048,-0.000067,-0.000019,-0.000067
9.726,0.000158,0.000168,0.000048,-0.000067,-0.000019,-0.000067
9.727,0.000158,0.000168,0.000048,-0.000067,-0.000019,-0.000067
9.728,0.000158,0.000168,0.000048,-0.000067,-0.000019,-0.000067
9.729,0.000158,0.000158,0.000048,-0.000067,-0.000019,-0.000067
9.730,0.000158,0.000158,0.000048,-0.000067,-0.000019,-0.000067
9.731,0.000158,0.000158,0.000048,-0.000067,-0.000019,-0.000067
9.732,0.000148,0.000158,0.000048,-0.000067,-0.000019,-0.000067
9.733,0.000148,0.000158,0.000048,-0.000067,-0.000019,-0.000067
9.734,0.000148,0.000158,0.000048,-0.000067,-0.000019,-0.000067
9.735,0.000148,0.000158,0.000048,-0.000067,-0.000019,-0.000067
9.736,0.000148,0.000148,0.000048,-0.000067,-0.000028,-0.000067
9.737,0.000148,0.000148,0.000048,-0.000067,-0.000028,-0.000067
9.738,0.000148,0.000148,0.000048,-0.000067,-0.000028,-0.000067
9.739,0.000139,0.000148,0.000048,-0.000067,-0.000028,-0.000067
9.740,0.000139,0.000148,0.000048,-0.000067,-0.000028,-0.000067
9.741,0.000139,0.000148,0.000048,-0.000067,-0.000028,-0.000067
9.742,0.000139,0.000148,0.000038,-0.000067,-0.000028,-0.000067
9.743,0.000139,0.000148,0.000038,-0.000067,-0.000028,-0.000067
9.744,0.000139,0.000139,0.000038,-0.000067,-0.000028,-0.000067
9.745,0.000129,0.000139,0.000038,-0.000067,-0.000028,-0.000067
9.746,0.000129,0.000139,0.000038,-0.000067,-0.000028,-0.000067
9.747,0.000129,0.000139,0.000038,-0.000067,-0.000028,-0.000067
9.748,0.000129,0.000139,0.000038,-0.000067,-0.000028,-0.000067
9.749,0.000129,0.000139,0.000038,-0.000067,-0.000028,-0.000067
9.750,0.000129,0.000139,0.000038,-0.000067,-0.000028,-0.000067
9.751,0.000129,0.000139,0.000038,-0.000067,-0.000028,-0.000067
9.752,0.000120,0.000129,0.000038,-0.000067,-0.000028,-0.000067
9.753,0.000120,0.000129,0.000038,-0.000067,-0.000028,-0.000067
9.754,0.000120,0.000129,0.000038,-0.000067,-0.000028,-0.000067
9.755,0.000120,0.000129,0.000038,-0.000067,-0.000028,-0.000067
9.756,0.000120,0.000129,0.000038,-0.000067,-0.000028,-0.000067
9.757,0.000120,0.000129,0.000038,-0.000067,-0.000028,-0.000067
9.758,0.000110,0.000129,0.000038,-0.000067,-0.000028,-0.000067
9.759,0.000110,0.000129,0.000038,-0.000067,-0.000028,-0.000067
9.760,0.000110,0.000129,0.000038,-0.000067,-0.000028,-0.000067
9.761,0.000110,0.000120,0.000038,-0.000067,-0.000028,-0.000067
9.762,0.000110,0.000120,0.000038,-0.000067,-0.000028,-0.000067
9.763,0.000110,0.000120,0.000038,-0.000067,-0.000028,-0.000067
9.764,0.000110,0.000120,0.000038,-0.000067,-0.000028,-0.000067
9.765,0.000100,0.000120,0.000038,-0.000067,-0.000028,-0.000067
9.766,0.000100,0.000120,0.000038,-0.000067,-0.000028,-0.000067
9.767,0.000100,0.000120,0.000038,-0.000067,-0.000028,-0.000067
9.768,0.000100,0.000110,0.000038,-0.000067,-0.000028,-0.000067
9.769,0.000100,0.000110,0.000038,-0.000067,-0.000028,-0.000067
9.770,0.000100,0.000110,0.000038,-0.000067,-0.000028,-0.000067
9.771,0.000091,0.000110,0.000038,-0.000067,-0.000028,-0.000067
9.772,0.000091,0.000110,0.000038,-0.000067,-0.000028,-0.000067
9.773,0.000091,0.000110,0.000038,-0.000067,-0.000028,-0.000067
9.774,0.000091,0.000110,0.000038,-0.000067,-0.000028,-0.000067
9.775,0.000091,0.000110,0.000038,-0.000067,-0.000028,-0.000067
9.776,0.000091,0.000101,0.000038,-0.000067,-0.000028,-0.000067
9.777,0.000081,0.000101,0.000038,-0.000067,-0.000028,-0.000067
9.778,0.000081,0.000101,0.000038,-0.000067,-0.000028,-0.000067
9.779,0.000081,0.000101,0.000038,-0.000067,-0.000028,-0.000067
9.780,0.000081,0.000101,0.000038,-0.000067,-0.000028,-0.000067
9.781,0.000081,0.000101,0.000038,-0.000067,-0.000028,-0.000067
9.782,0.000072,0.000101,0.000038,-0.000067,-0.000028,-0.000067
9.783,0.000072,0.000091,0.000038,-0.000067,-0.000028,-0.000067
9.784,0.000072,0.000091,0.000038,-0.000067,-0.000028,-0.000067
9.785,0.000072,0.000091,0.000028,-0.000067,-0.000028,-0.000067
9.786,0.000072,0.000091,0.000028,-0.000067,-0.000028,-0.000067
9.787,0.000062,0.000091,0.000028,-0.000067,-0.000028,-0.000067
9.788,0.000062,0.000091,0.000028,-0.000067,-0.000028,-0.000067
9.789,0.000062,0.000091,0.000028,-0.000067,-0.000028,-0.000067
9.790,0.000062,0.000081,0.000028,-0.000067,-0.000028,-0.000067
9.791,0.000062,0.000081,0.000028,-0.000067,-0.000028,-0.000067
9.792,0.000052,0.000081,0.000028,-0.000067,-0.000028,-0.000067
9.793,0.000052,0.000081,0.000028,-0.000067,-0.000028,-0.000067
9.794,0.000052,0.000081,0.000028,-0.000067,-0.000028,-0.000067
9.795,0.000052,0.000081,0.000028,-0.000067,-0.000028,-0.000067
9.796,0.000052,0.000072,0.000028,-0.000067,-0.000028,-0.000067
9.797,0.000043,0.000072,0.000028,-0.000067,-0.000028,-0.000067
9.798,0.000043,0.000072,0.000028,-0.000067,-0.000028,-0.000067
9.799,0.000043,0.000072,0.000028,-0.000067,-0.000028,-0.000067
9.800,0.000043,0.000072,0.000028,-0.000067,-0.000028,-0.000067
9.801,0.000033,0.000072,0.000028,-0.000067,-0.000028,-0.000067
9.802,0.000033,0.000072,0.000028,-0.000067,-0.000028,-0.000067
9.803,0.000033,0.000062,0.000028,-0.000067,-0.000028,-0.000067
9.804,0.000033,0.000062,0.000028,-0.000067,-0.000028,-0.000067
9.805,0.000033,0.000062,0.000028,-0.000067,-0.000028,-0.000067
9.806,0.000024,0.000062,0.000028,-0.000067,-0.000028,-0.000067
9.807,0.000024,0.000062,0.000028,-0.000067,-0.000028,-0.000067
9.808,0.000024,0.000062,0.000028,-0.000067,-0.000028,-0.000067
9.809,0.000024,0.000053,0.000028,-0.000067,-0.000028,-0.000067
9.810,0.000014,0.000053,0.000028,-0.000067,-0.000028,-0.000067
9.811,0.000014,0.000053,0.000028,-0.000067,-0.000028,-0.000067
9.812,0.000014,0.000053,0.000028,-0.000067,-0.000028,-0.000067
9.813,0.000014,0.000053,0.000028,-0.000067,-0.000028,-0.000067
9.814,0.000005,0.000053,0.000028,-0.000067,-0.000028,-0.000067
9.815,0.000005,0.000053,0.000028,-0.000067,-0.000028,-0.000067
9.816,0.000005,0.000043,0.000028,-0.000067,-0.000028,-0.000067
9.817,0.000005,0.000043,0.000028,-0.000067,-0.000028,-0.000067
9.818,-0.000005,0.000043,0.000028,-0.000067,-0.000028,-0.000067
9.819,-0.000005,0.000043,0.000028,-0.000067,-0.000028,-0.000067
9.820,-0.000005,0.000043,0.000028,-0.000067,-0.000028,-0.000067
9.821,-0.000005,0.000043,0.000028,-0.000067,-0.000028,-0.000067
9.822,-0.000005,0.000033,0.000028,-0.000067,-0.000028,-0.000067
9.823,-0.000015,0.000033,0.000028,-0.000067,-0.000028,-0.000067
9.824,-0.000015,0.000033,0.000028,-0.000067,-0.000028,-0.000067
9.825,-0.000015,0.000033,0.000028,-0.000067,-0.000028,-0.000067
9.826,-0.000015,0.000033,0.000028,-0.000067,-0.000028,-0.000067
9.827,-0.000024,0.000033,0.000028,-0.000067,-0.000028,-0.000067
9.828,-0.000024,0.000033,0.000028,-0.000067,-0.000028,-0.000067
9.829,-0.000024,0.000024,0.000028,-0.000067,-0.000028,-0.000067
9.830,-0.000024,0.000024,0.000028,-0.000067,-0.000028,-0.000067
9.831,-0.000034,0.000024,0.000028,-0.000067,-0.000028,-0.000067
9.832,-0.000034,0.000024,0.000028,-0.000067,-0.000028,-0.000067
9.833,-0.000034,0.000024,0.000028,-0.000067,-0.000028,-0.000067
9.834,-0.000043,0.000024,0.000019,-0.000067,-0.000028,-0.000067
9.835,-0.000043,0.000014,0.000019,-0.000067,-0.000028,-0.000067
9.836,-0.000043,0.000014,0.000019,-0.000067,-0.000028,-0.000067
9.837,-0.000043,0.000014,0.000019,-0.000067,-0.000028,-0.000067
9.838,-0.000053,0.000014,0.000019,-0.000067,-0.000028,-0.000067
9.839,-0.000053,0.000014,0.000019,-0.000067,-0.000028,-0.000067
9.840,-0.000053,0.000005,0.000019,-0.000067,-0.000028,-0.000067
9.841,-0.000053,0.000005,0.000019,-0.000067,-0.000028,-0.000067
9.842,-0.000063,0.000005,0.000019,-0.000067,-0.000028,-0.000067
9.843,-0.000063,0.000005,0.000019,-0.000067,-0.000028,-0.000067
9.844,-0.000063,0.000005,0.000019,-0.000067,-0.000028,-0.000067
9.845,-0.000063,-0.000005,0.000019,-0.000067,-0.000028,-0.000067
9.846,-0.000072,-0.000005,0.000019,-0.000067,-0.000028,-0.000067
9.847,-0.000072,-0.000005,0.000019,-0.000067,-0.000028,-0.000067
9.848,-0.000072,-0.000005,0.000019,-0.000067,-0.000028,-0.000067
9.849,-0.000082,-0.000005,0.000019,-0.000067,-0.000028,-0.000067
9.850,-0.000082,-0.000014,0.000019,-0.000067,-0.000028,-0.000067
9.851,-0.000082,-0.000014,0.000019,-0.000067,-0.000028,-0.000067
9.852,-0.000091,-0.000014,0.000019,-0.000067,-0.000028,-0.000067
9.853,-0.000091,-0.000014,0.000019,-0.000067,-0.000028,-0.000067
9.854,-0.000091,-0.000014,0.000019,-0.000067,-0.000028,-0.000067
9.855,-0.000101,-0.000024,0.000019,-0.000067,-0.000028,-0.000067
9.856,-0.000101,-0.000024,0.000019,-0.000067,-0.000028,-0.000067
9.857,-0.000101,-0.000024,0.000019,-0.000067,-0.000028,-0.000067
9.858,-0.000111,-0.000024,0.000019,-0.000067,-0.000028,-0.000067
9.859,-0.000111,-0.000024,0.000019,-0.000067,-0.000028,-0.000067
9.860,-0.000111,-0.000034,0.000019,-0.000067,-0.000028,-0.000067
9.861,-0.000120,-0.000034,0.000019,-0.000067,-0.000028,-0.000067
9.862,-0.000120,-0.000034,0.000019,-0.000067,-0.000028,-0.000067
9.863,-0.000120,-0.000034,0.000019,-0.000067,-0.000028,-0.000067
9.864,-0.000130,-0.000043,0.000019,-0.000067,-0.000028,-0.000067
9.865,-0.000130,-0.000043,0.000019,-0.000067,-0.000028,-0.000067
9.866,-0.000130,-0.000043,0.000019,-0.000067,-0.000028,-0.000067
9.867,-0.000130,-0.000043,0.000019,-0.000067,-0.000028,-0.000067
9.868,-0.000139,-0.000053,0.000019,-0.000067,-0.000028,-0.000067
9.869,-0.000139,-0.000053,0.000019,-0.000067,-0.000028,-0.000067
9.870,-0.000139,-0.000053,0.000019,-0.000067,-0.000028,-0.000067
9.871,-0.000149,-0.000053,0.000019,-0.000067,-0.000028,-0.000067
9.872,-0.000149,-0.000053,0.000019,-0.000067,-0.000028,-0.000067
9.873,-0.000149,-0.000062,0.000019,-0.000067,-0.000028,-0.000067
9.874,-0.000158,-0.000062,0.000019,-0.000067,-0.000028,-0.000067
9.875,-0.000158,-0.000062,0.000019,-0.000067,-0.000028,-0.000067
9.876,-0.000158,-0.000062,0.000019,-0.000067,-0.000028,-0.000067
9.877,-0.000168,-0.000072,0.000019,-0.000067,-0.000028,-0.000067
9.878,-0.000168,-0.000072,0.000019,-0.000067,-0.000028,-0.000067
9.879,-0.000178,-0.000072,0.000019,-0.000067,-0.000028,-0.000067
9.880,-0.000178,-0.000072,0.000019,-0.000067,-0.000028,-0.000067
9.881,-0.000178,-0.000082,0.000019,-0.000067,-0.000028,-0.000067
9.882,-0.000187,-0.000082,0.000019,-0.000067,-0.000028,-0.000067
9.883,-0.000187,-0.000082,0.000019,-0.000067,-0.000028,-0.000067
9.884,-0.000187,-0.000082,0.000019,-0.000067,-0.000028,-0.000067
9.885,-0.000197,-0.000091,0.000019,-0.000067,-0.000028,-0.000067
9.886,-0.000197,-0.000091,0.000019,-0.000067,-0.000028,-0.000067
9.887,-0.000206,-0.000091,0.000019,-0.000067,-0.000028,-0.000067
9.888,-0.000206,-0.000091,0.000019,-0.000067,-0.000028,-0.000067
9.889,-0.000206,-0.000101,0.000019,-0.000067,-0.000028,-0.000067
9.890,-0.000216,-0.000101,0.000019,-0.000067,-0.000028,-0.000067
9.891,-0.000216,-0.000101,0.000019,-0.000067,-0.000028,-0.000067
9.892,-0.000226,-0.000110,0.000019,-0.000067,-0.000028,-0.000067
9.893,-0.000226,-0.000110,0.000019,-0.000067,-0.000028,-0.000067
9.894,-0.000226,-0.000110,0.000019,-0.000067,-0.000028,-0.000067
9.895,-0.000235,-0.000110,0.000019,-0.000067,-0.000028,-0.000067
9.896,-0.000235,-0.000120,0.000009,-0.000067,-0.000028,-0.000067
9.897,-0.000245,-0.000120,0.000009,-0.000067,-0.000028,-0.000067
9.898,-0.000245,-0.000120,0.000009,-0.000067,-0.000028,-0.000067
9.899,-0.000245,-0.000130,0.000009,-0.000067,-0.000028,-0.000067
9.900,-0.000254,-0.000130,0.000009,-0.000067,-0.000028,-0.000067
9.901,-0.000254,-0.000130,0.000009,-0.000067,-0.000028,-0.000067
9.902,-0.000264,-0.000130,0.000009,-0.000067,-0.000028,-0.000067
9.903,-0.000264,-0.000139,0.000009,-0.000067,-0.000028,-0.000067
9.904,-0.000274,-0.000139,0.000009,-0.000067,-0.000028,-0.000067
9.905,-0.000274,-0.000139,0.000009,-0.000067,-0.000028,-0.000067
9.906,-0.000283,-0.000149,0.000009,-0.000067,-0.000028,-0.000067
9.907,-0.000283,-0.000149,0.000009,-0.000067,-0.000028,-0.000067
9.908,-0.000283,-0.000158,0.000009,-0.000067,-0.000028,-0.000067
9.909,-0.000293,-0.000158,0.000009,-0.000067,-0.000028,-0.000067
9.910,-0.000293,-0.000158,0.000009,-0.000067,-0.000028,-0.000067
9.911,-0.000302,-0.000168,0.000009,-0.000067,-0.000028,-0.000067
9.912,-0.000302,-0.000168,0.000009,-0.000067,-0.000028,-0.000067
9.913,-0.000312,-0.000168,0.000009,-0.000067,-0.000028,-0.000067
9.914,-0.000312,-0.000177,0.000009,-0.000067,-0.000028,-0.000067
9.915,-0.000321,-0.000177,0.000009,-0.000067,-0.000028,-0.000067
9.916,-0.000321,-0.000177,0.000009,-0.000067,-0.000028,-0.000067
9.917,-0.000331,-0.000187,0.000009,-0.000067,-0.000028,-0.000067
9.918,-0.000331,-0.000187,0.000009,-0.000067,-0.000028,-0.000067
9.919,-0.000341,-0.000187,0.000009,-0.000067,-0.000028,-0.000067
9.920,-0.000341,-0.000197,0.000009,-0.000067,-0.000028,-0.000067
9.921,-0.000350,-0.000197,0.000009,-0.000067,-0.000028,-0.000067
9.922,-0.000350,-0.000197,0.000009,-0.000067,-0.000028,-0.000067
9.923,-0.000360,-0.000206,0.000009,-0.000067,-0.000028,-0.000067
9.924,-0.000360,-0.000206,0.000009,-0.000067,-0.000028,-0.000067
9.925,-0.000360,-0.000206,0.000009,-0.000067,-0.000028,-0.000067
9.926,-0.000369,-0.000216,0.000009,-0.000067,-0.000028,-0.000067
9.927,-0.000369,-0.000216,0.000009,-0.000067,-0.000028,-0.000067
9.928,-0.000379,-0.000216,0.000009,-0.000067,-0.000028,-0.000067
9.929,-0.000379,-0.000225,0.000009,-0.000067,-0.000028,-0.000067
9.930,-0.000389,-0.000225,0.000009,-0.000067,-0.000028,-0.000067
9.931,-0.000389,-0.000225,0.000009,-0.000067,-0.000028,-0.000067
9.932,-0.000398,-0.000235,0.000009,-0.000067,-0.000028,-0.000067
9.933,-0.000398,-0.000235,0.000009,-0.000067,-0.000028,-0.000067
9.934,-0.000408,-0.000235,0.000009,-0.000067,-0.000028,-0.000067
9.935,-0.000408,-0.000245,0.000009,-0.000067,-0.000028,-0.000067
9.936,-0.000417,-0.000245,0.000009,-0.000067,-0.000028,-0.000067
9.937,-0.000417,-0.000254,0.000009,-0.000067,-0.000028,-0.000067
9.938,-0.000427,-0.000254,0.000009,-0.000067,-0.000028,-0.000067
9.939,-0.000436,-0.000254,0.000009,-0.000067,-0.000028,-0.000067
9.940,-0.000436,-0.000264,0.000009,-0.000067,-0.000028,-0.000067
9.941,-0.000446,-0.000264,0.000009,-0.000067,-0.000028,-0.000067
9.942,-0.000446,-0.000273,0.000009,-0.000067,-0.000028,-0.000067
9.943,-0.000456,-0.000273,0.000009,-0.000067,-0.000028,-0.000067
9.944,-0.000456,-0.000273,0.000009,-0.000067,-0.000028,-0.000067
9.945,-0.000465,-0.000283,0.000009,-0.000067,-0.000028,-0.000067
9.946,-0.000465,-0.000283,0.000009,-0.000067,-0.000028,-0.000067
9.947,-0.000475,-0.000293,0.000009,-0.000067,-0.000028,-0.000067
9.948,-0.000475,-0.000293,0.000009,-0.000067,-0.000028,-0.000067
9.949,-0.000484,-0.000302,0.000009,-0.000067,-0.000028,-0.000067
9.950,-0.000484,-0.000302,0.000009,-0.000067,-0.000028,-0.000067
9.951,-0.000494,-0.000302,0.000009,-0.000067,-0.000028,-0.000067
9.952,-0.000494,-0.000312,0.000009,-0.000067,-0.000028,-0.000067
9.953,-0.000504,-0.000312,0.000009,-0.000067,-0.000028,-0.000067
9.954,-0.000504,-0.000321,0.000009,-0.000067,-0.000028,-0.000067
9.955,-0.000513,-0.000321,0.000009,-0.000067,-0.000028,-0.000067
9.956,-0.000513,-0.000331,0.000009,-0.000067,-0.000028,-0.000067
9.957,-0.000523,-0.000331,0.000009,-0.000067,-0.000028,-0.000067
9.958,-0.000523,-0.000340,0.000009,-0.000067,-0.000028,-0.000067
9.959,-0.000532,-0.000340,0.000009,-0.000067,-0.000028,-0.000067
9.960,-0.000532,-0.000340,0.000009,-0.000067,-0.000028,-0.000067
9.961,-0.000542,-0.000350,0.000009,-0.000067,-0.000028,-0.000067
9.962,-0.000542,-0.000350,0.000009,-0.000067,-0.000028,-0.000067
9.963,-0.000552,-0.000360,0.000009,-0.000067,-0.000028,-0.000067
9.964,-0.000561,-0.000360,0.000009,-0.000067,-0.000028,-0.000067
9.965,-0.000561,-0.000369,0.000009,-0.000067,-0.000028,-0.000067
9.966,-0.000571,-0.000369,0.000009,-0.000067,-0.000028,-0.000067
9.967,-0.000571,-0.000379,0.000009,-0.000067,-0.000028,-0.000067
9.968,-0.000580,-0.000379,0.000009,-0.000067,-0.000028,-0.000067
9.969,-0.000580,-0.000388,0.000009,-0.000067,-0.000028,-0.000067
9.970,-0.000590,-0.000388,0.000009,-0.000067,-0.000028,-0.000067
9.971,-0.000599,-0.000398,0.000009,-0.000067,-0.000028,-0.000067
9.972,-0.000599,-0.000408,-0.000000,-0.000067,-0.000028,-0.000067
9.973,-0.000609,-0.000408,-0.000000,-0.000067,-0.000028,-0.000067
9.974,-0.000609,-0.000417,-0.000000,-0.000067,-0.000028,-0.000067
9.975,-0.000619,-0.000417,-0.000000,-0.000067,-0.000028,-0.000067
9.976,-0.000619,-0.000427,-0.000000,-0.000067,-0.000028,-0.000067
9.977,-0.000628,-0.000427,-0.000000,-0.000067,-0.000028,-0.000067
9.978,-0.000628,-0.000436,-0.000000,-0.000067,-0.000028,-0.000067
9.979,-0.000638,-0.000436,-0.000000,-0.000067,-0.000028,-0.000067
9.980,-0.000647,-0.000446,-0.000000,-0.000067,-0.000028,-0.000067
9.981,-0.000647,-0.000446,-0.000000,-0.000067,-0.000028,-0.000067
9.982,-0.000657,-0.000456,-0.000000,-0.000067,-0.000028,-0.000067
9.983,-0.000657,-0.000456,-0.000000,-0.000067,-0.000028,-0.000067
9.984,-0.000667,-0.000465,-0.000000,-0.000067,-0.000028,-0.000067
9.985,-0.000667,-0.000465,-0.000000,-0.000067,-0.000028,-0.000067
9.986,-0.000676,-0.000475,-0.000000,-0.000067,-0.000028,-0.000067
9.987,-0.000676,-0.000484,-0.000000,-0.000067,-0.000028,-0.000067
9.988,-0.000686,-0.000484,-0.000000,-0.000067,-0.000028,-0.000067
9.989,-0.000686,-0.000494,-0.000000,-0.000067,-0.000028,-0.000067
9.990,-0.000695,-0.000494,-0.000000,-0.000067,-0.000028,-0.000067
9.991,-0.000695,-0.000503,-0.000000,-0.000067,-0.000028,-0.000067
9.992,-0.000705,-0.000503,-0.000000,-0.000067,-0.000028,-0.000067
9.993,-0.000705,-0.000513,-0.000000,-0.000067,-0.000028,-0.000067
9.994,-0.000715,-0.000523,-0.000000,-0.000067,-0.000028,-0.000067
9.995,-0.000715,-0.000523,-0.000000,-0.000067,-0.000028,-0.000067
9.996,-0.000724,-0.000532,-0.000000,-0.000067,-0.000028,-0.000067
9.997,-0.000724,-0.000532,-0.000000,-0.000067,-0.000028,-0.000067
9.998,-0.000734,-0.000542,-0.000000,-0.000067,-0.000028,-0.000067
9.999,-0.000734,-0.000542,-0.000000,-0.000067,-0.000028,-0.000067
10.000,-0.000743,-0.000551,-0.000000,-0.000067,-0.000028,-0.000067
10.001,-0.000743,-0.000561,-0.000000,-0.000067,-0.000028,-0.000067
10.002,-0.000753,-0.000561,-0.000000,-0.000067,-0.000028,-0.000067
10.003,-0.000753,-0.000571,-0.000000,-0.000067,-0.000028,-0.000067
10.004,-0.000762,-0.000571,-0.000000,-0.000067,-0.000028,-0.000067
10.005,-0.000762,-0.000580,-0.000000,-0.000067,-0.000028,-0.000067
10.006,-0.000772,-0.000580,-0.000000,-0.000067,-0.000028,-0.000067
10.007,-0.000772,-0.000590,-0.000000,-0.000067,-0.000028,-0.000067
10.008,-0.000782,-0.000590,-0.000000,-0.000067,-0.000028,-0.000067
10.009,-0.000782,-0.000599,-0.000000,-0.000067,-0.000028,-0.000067
10.010,-0.000791,-0.000609,-0.000000,-0.000067,-0.000028,-0.000067
10.011,-0.000801,-0.000609,-0.000000,-0.000067,-0.000028,-0.000067
10.012,-0.000801,-0.000619,-0.000000,-0.000067,-0.000028,-0.000067
10.013,-0.000810,-0.000619,-0.000000,-0.000067,-0.000028,-0.000067
10.014,-0.000810,-0.000628,-0.000000,-0.000067,-0.000028,-0.000067
10.015,-0.000820,-0.000638,-0.000000,-0.000067,-0.000028,-0.000067
10.016,-0.000820,-0.000638,-0.000000,-0.000067,-0.000028,-0.000067
10.017,-0.000830,-0.000647,-0.000000,-0.000067,-0.000028,-0.000067
10.018,-0.000830,-0.000647,-0.000000,-0.000067,-0.000028,-0.000067
10.019,-0.000839,-0.000657,-0.000000,-0.000067,-0.000028,-0.000067
10.020,-0.000839,-0.000666,-0.000000,-0.000067,-0.000028,-0.000067
10.021,-0.000849,-0.000666,-0.000000,-0.000067,-0.000028,-0.000067
10.022,-0.000849,-0.000676,-0.000000,-0.000067,-0.000028,-0.000067
10.023,-0.000858,-0.000676,-0.000000,-0.000067,-0.000028,-0.000067
10.024,-0.000858,-0.000686,-0.000000,-0.000067,-0.000028,-0.000067
10.025,-0.000858,-0.000695,-0.000000,-0.000067,-0.000028,-0.000067
10.026,-0.000868,-0.000695,-0.000000,-0.000067,-0.000028,-0.000067
10.027,-0.000868,-0.000705,-0.000000,-0.000067,-0.000028,-0.000067
10.028,-0.000878,-0.000705,-0.000000,-0.000067,-0.000028,-0.000067
10.029,-0.000878,-0.000714,-0.000000,-0.000067,-0.000028,-0.000067
10.030,-0.000887,-0.000714,-0.000000,-0.000067,-0.000028,-0.000067
10.031,-0.000887,-0.000724,-0.000000,-0.000067,-0.000028,-0.000067
10.032,-0.000897,-0.000724,-0.000000,-0.000067,-0.000028,-0.000067
10.033,-0.000897,-0.000734,-0.000000,-0.000067,-0.000028,-0.000067
10.034,-0.000906,-0.000743,-0.000000,-0.000067,-0.000028,-0.000067
10.035,-0.000906,-0.000743,-0.000000,-0.000067,-0.000028,-0.000067
10.036,-0.000916,-0.000753,-0.000000,-0.000067,-0.000028,-0.000067
10.037,-0.000916,-0.000753,-0.000000,-0.000067,-0.000028,-0.000067
10.038,-0.000925,-0.000762,-0.000000,-0.000067,-0.000028,-0.000067
10.039,-0.000925,-0.000762,-0.000000,-0.000067,-0.000028,-0.000067
10.040,-0.000935,-0.000772,-0.000000,-0.000067,-0.000028,-0.000067
10.041,-0.000935,-0.000772,-0.000000,-0.000067,-0.000028,-0.000067
10.042,-0.000935,-0.000781,-0.000000,-0.000067,-0.000028,-0.000067
10.043,-0.000945,-0.000791,-0.000000,-0.000067,-0.000028,-0.000067
10.044,-0.000945,-0.000791,-0.000000,-0.000067,-0.000028,-0.000067
10.045,-0.000954,-0.000801,-0.000000,-0.000067,-0.000028,-0.000067
10.046,-0.000954,-0.000801,-0.000000,-0.000067,-0.000028,-0.000067
10.047,-0.000964,-0.000810,-0.000000,-0.000067,-0.000028,-0.000067
10.048,-0.000964,-0.000810,-0.000000,-0.000067,-0.000028,-0.000067
10.049,-0.000973,-0.000820,-0.000000,-0.000067,-0.000028,-0.000067
10.050,-0.000973,-0.000820,-0.000000,-0.000067,-0.000028,-0.000067
10.051,-0.000983,-0.000829,-0.000000,-0.000067,-0.000028,-0.000067
10.052,-0.000983,-0.000829,-0.000000,-0.000067,-0.000028,-0.000067
10.053,-0.000993,-0.000839,-0.000000,-0.000067,-0.000028,-0.000067
10.054,-0.000993,-0.000839,-0.000000,-0.000067,-0.000028,-0.000067
10.055,-0.001002,-0.000849,-0.000000,-0.000067,-0.000028,-0.000067
10.056,-0.001002,-0.000858,-0.000000,-0.000067,-0.000028,-0.000067
10.057,-0.001012,-0.000858,-0.000000,-0.000067,-0.000028,-0.000067
10.058,-0.001012,-0.000868,-0.000000,-0.000067,-0.000028,-0.000067
10.059,-0.001021,-0.000868,-0.000000,-0.000067,-0.000028,-0.000067
10.060,-0.001021,-0.000877,-0.000000,-0.000067,-0.000028,-0.000067
10.061,-0.001031,-0.000877,-0.000000,-0.000067,-0.000028,-0.000067
10.062,-0.001031,-0.000887,-0.000010,-0.000067,-0.000028,-0.000067
10.063,-0.001031,-0.000887,-0.000010,-0.000067,-0.000028,-0.000067
10.064,-0.001041,-0.000897,-0.000010,-0.000067,-0.000028,-0.000067
10.065,-0.001041,-0.000897,-0.000010,-0.000067,-0.000028,-0.000067
10.066,-0.001050,-0.000906,-0.000010,-0.000067,-0.000028,-0.000067
10.067,-0.001050,-0.000906,-0.000010,-0.000067,-0.000028,-0.000067
10.068,-0.001060,-0.000916,-0.000010,-0.000067,-0.000028,-0.000067
10.069,-0.001060,-0.000925,-0.000010,-0.000067,-0.000028,-0.000067
10.070,-0.001069,-0.000925,-0.000010,-0.000067,-0.000028,-0.000067
10.071,-0.001069,-0.000935,-0.000010,-0.000067,-0.000028,-0.000067
10.072,-0.001079,-0.000935,-0.000010,-0.000067,-0.000028,-0.000067
10.073,-0.001079,-0.000944,-0.000010,-0.000067,-0.000028,-0.000067
10.074,-0.001088,-0.000944,-0.000010,-0.000067,-0.000028,-0.000067
10.075,-0.001088,-0.000954,-0.000010,-0.000067,-0.000028,-0.000067
10.076,-0.001098,-0.000954,-0.000010,-0.000067,-0.000028,-0.000067
10.077,-0.001098,-0.000964,-0.000010,-0.000067,-0.000028,-0.000067
10.078,-0.001108,-0.000964,-0.000010,-0.000067,-0.000028,-0.000067
10.079,-0.001108,-0.000973,-0.000010,-0.000067,-0.000028,-0.000067
10.080,-0.001117,-0.000973,-0.000010,-0.000067,-0.000028,-0.000067
10.081,-0.001117,-0.000983,-0.000010,-0.000067,-0.000028,-0.000067
10.082,-0.001127,-0.000992,-0.000010,-0.000067,-0.000028,-0.000067
10.083,-0.001127,-0.000992,-0.000010,-0.000067,-0.000028,-0.000067
10.084,-0.001136,-0.001002,-0.000010,-0.000067,-0.000028,-0.000067
10.085,-0.001136,-0.001002,-0.000010,-0.000067,-0.000028,-0.000067
10.086,-0.001146,-0.001012,-0.000010,-0.000067,-0.000028,-0.000067
10.087,-0.001146,-0.001021,-0.000010,-0.000067,-0.000028,-0.000067
10.088,-0.001156,-0.001021,-0.000010,-0.000067,-0.000028,-0.000067
10.089,-0.001156,-0.001031,-0.000010,-0.000067,-0.000028,-0.000067
10.090,-0.001165,-0.001031,-0.000010,-0.000067,-0.000028,-0.000067
10.091,-0.001165,-0.001040,-0.000010,-0.000067,-0.000028,-0.000067
10.092,-0.001175,-0.001050,-0.000010,-0.000067,-0.000028,-0.000067
10.093,-0.001175,-0.001050,-0.000010,-0.000067,-0.000028,-0.000067
10.094,-0.001184,-0.001060,-0.000010,-0.000067,-0.000028,-0.000067
10.095,-0.001184,-0.001060,-0.000010,-0.000067,-0.000028,-0.000067
10.096,-0.001194,-0.001069,-0.000010,-0.000067,-0.000028,-0.000067
10.097,-0.001203,-0.001079,-0.000010,-0.000067,-0.000028,-0.000067
10.098,-0.001203,-0.001079,-0.000010,-0.000067,-0.000028,-0.000067
10.099,-0.001213,-0.001088,-0.000010,-0.000067,-0.000028,-0.000067
10.100,-0.001213,-0.001088,-0.000010,-0.000067,-0.000028,-0.000067
10.101,-0.001223,-0.001098,-0.000010,-0.000067,-0.000028,-0.000067
10.102,-0.001223,-0.001107,-0.000010,-0.000067,-0.000028,-0.000067
10.103,-0.001232,-0.001107,-0.000010,-0.000067,-0.000028,-0.000067
10.104,-0.001242,-0.001117,-0.000010,-0.000067,-0.000028,-0.000067
10.105,-0.001242,-0.001127,-0.000010,-0.000067,-0.000028,-0.000067
10.106,-0.001251,-0.001127,-0.000010,-0.000067,-0.000028,-0.000067
10.107,-0.001251,-0.001136,-0.000010,-0.000067,-0.000028,-0.000067
10.108,-0.001261,-0.001136,-0.000010,-0.000067,-0.000028,-0.000067
10.109,-0.001271,-0.001146,-0.000010,-0.000067,-0.000028,-0.000067
10.110,-0.001271,-0.001155,-0.000010,-0.000067,-0.000028,-0.000067
10.111,-0.001280,-0.001155,-0.000010,-0.000067,-0.000028,-0.000067
10.112,-0.001280,-0.001165,-0.000010,-0.000067,-0.000028,-0.000067
10.113,-0.001290,-0.001175,-0.000010,-0.000067,-0.000028,-0.000067
10.114,-0.001299,-0.001175,-0.000010,-0.000067,-0.000028,-0.000067
10.115,-0.001299,-0.001184,-0.000010,-0.000067,-0.000028,-0.000067
10.116,-0.001309,-0.001194,-0.000010,-0.000067,-0.000028,-0.000067
10.117,-0.001319,-0.001194,-0.000010,-0.000067,-0.000028,-0.000067
10.118,-0.001319,-0.001203,-0.000010,-0.000067,-0.000028,-0.000067
10.119,-0.001328,-0.001213,-0.000010,-0.000067,-0.000028,-0.000067
10.120,-0.001338,-0.001213,-0.000010,-0.000067,-0.000028,-0.000067
10.121,-0.001338,-0.001223,-0.000010,-0.000067,-0.000028,-0.000067
10.122,-0.001347,-0.001232,-0.000010,-0.000067,-0.000028,-0.000067
10.123,-0.001347,-0.001232,-0.000010,-0.000067,-0.000028,-0.000067
10.124,-0.001357,-0.001242,-0.000010,-0.000067,-0.000028,-0.000067
10.125,-0.001366,-0.001251,-0.000010,-0.000067,-0.000028,-0.000067
10.126,-0.001366,-0.001261,-0.000010,-0.000067,-0.000028,-0.000067
10.127,-0.001376,-0.001261,-0.000010,-0.000067,-0.000028,-0.000067
10.128,-0.001386,-0.001270,-0.000010,-0.000067,-0.000028,-0.000067
10.129,-0.001386,-0.001280,-0.000010,-0.000067,-0.000028,-0.000067
10.130,-0.001395,-0.001290,-0.000010,-0.000067,-0.000028,-0.000067
10.131,-0.001405,-0.001290,-0.000010,-0.000067,-0.000028,-0.000067
10.132,-0.001405,-0.001299,-0.000010,-0.000067,-0.000028,-0.000067
10.133,-0.001414,-0.001309,-0.000010,-0.000067,-0.000028,-0.000067
10.134,-0.001424,-0.001318,-0.000010,-0.000067,-0.000028,-0.000067
10.135,-0.001424,-0.001328,-0.000010,-0.000067,-0.000028,-0.000067
10.136,-0.001434,-0.001338,-0.000010,-0.000067,-0.000028,-0.000067
10.137,-0.001443,-0.001338,-0.000010,-0.000067,-0.000028,-0.000067
10.138,-0.001443,-0.001347,-0.000010,-0.000067,-0.000028,-0.000067
10.139,-0.001453,-0.001357,-0.000010,-0.000067,-0.000028,-0.000067
10.140,-0.001462,-0.001366,-0.000010,-0.000067,-0.000028,-0.000067
10.141,-0.001462,-0.001376,-0.000010,-0.000067,-0.000028,-0.000067
10.142,-0.001472,-0.001385,-0.000010,-0.000067,-0.000028,-0.000067
10.143,-0.001482,-0.001385,-0.000010,-0.000067,-0.000028,-0.000067
10.144,-0.001482,-0.001395,-0.000010,-0.000067,-0.000028,-0.000067
10.145,-0.001491,-0.001405,-0.000010,-0.000067,-0.000028,-0.000067
10.146,-0.001501,-0.001414,-0.000010,-0.000067,-0.000028,-0.000067
10.147,-0.001501,-0.001424,-0.000010,-0.000067,-0.000028,-0.000067
10.148,-0.001510,-0.001433,-0.000010,-0.000067,-0.000028,-0.000067
10.149,-0.001520,-0.001433,-0.000010,-0.000067,-0.000028,-0.000067
10.150,-0.001520,-0.001443,-0.000010,-0.000067,-0.000028,-0.000067
10.151,-0.001529,-0.001453,-0.000010,-0.000067,-0.000028,-0.000067
10.152,-0.001539,-0.001462,-0.000010,-0.000067,-0.000028,-0.000067
10.153,-0.001539,-0.001472,-0.000010,-0.000067,-0.000028,-0.000067
10.154,-0.001549,-0.001481,-0.000010,-0.000067,-0.000028,-0.000067
10.155,-0.001558,-0.001491,-0.000010,-0.000067,-0.000028,-0.000067
10.156,-0.001558,-0.001491,-0.000010,-0.000067,-0.000028,-0.000067
10.157,-0.001568,-0.001501,-0.000010,-0.000067,-0.000028,-0.000067
10.158,-0.001568,-0.001510,-0.000010,-0.000067,-0.000028,-0.000067
10.159,-0.001577,-0.001520,-0.000010,-0.000067,-0.000028,-0.000067
10.160,-0.001577,-0.001529,-0.000010,-0.000067,-0.000028,-0.000067
10.161,-0.001587,-0.001539,-0.000010,-0.000067,-0.000028,-0.000067
10.162,-0.001587,-0.001548,-0.000010,-0.000067,-0.000028,-0.000067
10.163,-0.001597,-0.001558,-0.000010,-0.000067,-0.000028,-0.000067
10.164,-0.001606,-0.001558,-0.000010,-0.000067,-0.000028,-0.000067
10.165,-0.001606,-0.001568,-0.000010,-0.000067,-0.000028,-0.000067
10.166,-0.001616,-0.001577,-0.000010,-0.000067,-0.000028,-0.000067
10.167,-0.001616,-0.001587,-0.000010,-0.000067,-0.000028,-0.000067
10.168,-0.001625,-0.001596,-0.000010,-0.000067,-0.000028,-0.000067
10.169,-0.001625,-0.001606,-0.000010,-0.000067,-0.000028,-0.000067
10.170,-0.001635,-0.001616,-0.000010,-0.000067,-0.000028,-0.000067
10.171,-0.001635,-0.001616,-0.000010,-0.000067,-0.000028,-0.000067
10.172,-0.001645,-0.001625,-0.000010,-0.000067,-0.000028,-0.000067
10.173,-0.001645,-0.001635,-0.000010,-0.000067,-0.000028,-0.000067
10.174,-0.001654,-0.001644,-0.000020,-0.000067,-0.000028,-0.000067
10.175,-0.001654,-0.001654,-0.000020,-0.000067,-0.000028,-0.000067
10.176,-0.001664,-0.001664,-0.000020,-0.000067,-0.000028,-0.000067
10.177,-0.001664,-0.001673,-0.000020,-0.000067,-0.000028,-0.000067
10.178,-0.001673,-0.001673,-0.000020,-0.000067,-0.000028,-0.000067
10.179,-0.001673,-0.001683,-0.000020,-0.000067,-0.000028,-0.000067
10.180,-0.001683,-0.001692,-0.000020,-0.000067,-0.000028,-0.000067
10.181,-0.001683,-0.001702,-0.000020,-0.000067,-0.000028,-0.000067
10.182,-0.001692,-0.001711,-0.000020,-0.000067,-0.000028,-0.000067
10.183,-0.001692,-0.001711,-0.000020,-0.000067,-0.000028,-0.000067
10.184,-0.001692,-0.001721,-0.000020,-0.000067,-0.000028,-0.000067
10.185,-0.001702,-0.001731,-0.000020,-0.000067,-0.000028,-0.000067
10.186,-0.001702,-0.001740,-0.000020,-0.000067,-0.000028,-0.000067
10.187,-0.001712,-0.001750,-0.000020,-0.000067,-0.000028,-0.000067
10.188,-0.001712,-0.001750,-0.000020,-0.000067,-0.000028,-0.000067
10.189,-0.001712,-0.001759,-0.000020,-0.000067,-0.000028,-0.000067
10.190,-0.001721,-0.001769,-0.000020,-0.000067,-0.000028,-0.000067
10.191,-0.001721,-0.001779,-0.000020,-0.000067,-0.000028,-0.000067
10.192,-0.001731,-0.001779,-0.000020,-0.000067,-0.000028,-0.000067
10.193,-0.001731,-0.001788,-0.000020,-0.000067,-0.000028,-0.000067
10.194,-0.001731,-0.001798,-0.000020,-0.000067,-0.000028,-0.000067
10.195,-0.001740,-0.001798,-0.000020,-0.000067,-0.000028,-0.000067
10.196,-0.001740,-0.001807,-0.000020,-0.000067,-0.000028,-0.000067
10.197,-0.001740,-0.001817,-0.000020,-0.000067,-0.000028,-0.000067
10.198,-0.001740,-0.001817,-0.000020,-0.000067,-0.000028,-0.000067
10.199,-0.001750,-0.001827,-0.000020,-0.000067,-0.000028,-0.000067
10.200,-0.001750,-0.001836,-0.000020,-0.000067,-0.000028,-0.000067
10.201,-0.001750,-0.001836,-0.000020,-0.000067,-0.000028,-0.000067
10.202,-0.001750,-0.001846,-0.000020,-0.000067,-0.000028,-0.000067
10.203,-0.001760,-0.001855,-0.000020,-0.000067,-0.000028,-0.000067
10.204,-0.001760,-0.001855,-0.000020,-0.000067,-0.000028,-0.000067
10.205,-0.001760,-0.001865,-0.000020,-0.000067,-0.000028,-0.000067
10.206,-0.001760,-0.001865,-0.000020,-0.000067,-0.000028,-0.000067
10.207,-0.001769,-0.001874,-0.000020,-0.000067,-0.000028,-0.000067
10.208,-0.001769,-0.001884,-0.000020,-0.000067,-0.000028,-0.000067
10.209,-0.001769,-0.001884,-0.000020,-0.000067,-0.000028,-0.000067
10.210,-0.001769,-0.001894,-0.000020,-0.000067,-0.000028,-0.000067
10.211,-0.001769,-0.001894,-0.000020,-0.000067,-0.000028,-0.000067
10.212,-0.001769,-0.001903,-0.000020,-0.000067,-0.000028,-0.000067
10.213,-0.001779,-0.001913,-0.000020,-0.000067,-0.000028,-0.000067
10.214,-0.001779,-0.001913,-0.000020,-0.000067,-0.000028,-0.000067
10.215,-0.001779,-0.001922,-0.000020,-0.000067,-0.000028,-0.000067
10.216,-0.001779,-0.001922,-0.000020,-0.000067,-0.000028,-0.000067
10.217,-0.001779,-0.001932,-0.000020,-0.000067,-0.000028,-0.000067
10.218,-0.001779,-0.001932,-0.000020,-0.000067,-0.000028,-0.000067
10.219,-0.001779,-0.001942,-0.000020,-0.000067,-0.000028,-0.000067
10.220,-0.001779,-0.001942,-0.000020,-0.000067,-0.000028,-0.000067
10.221,-0.001779,-0.001951,-0.000020,-0.000067,-0.000028,-0.000067
10.222,-0.001788,-0.001951,-0.000020,-0.000067,-0.000028,-0.000067
10.223,-0.001788,-0.001961,-0.000020,-0.000067,-0.000028,-0.000067
10.224,-0.001788,-0.001961,-0.000020,-0.000067,-0.000028,-0.000067
10.225,-0.001788,-0.001961,-0.000020,-0.000067,-0.000028,-0.000067
10.226,-0.001788,-0.001970,-0.000020,-0.000067,-0.000028,-0.000067
10.227,-0.001788,-0.001970,-0.000020,-0.000067,-0.000028,-0.000067
10.228,-0.001788,-0.001980,-0.000020,-0.000067,-0.000028,-0.000067
10.229,-0.001788,-0.001980,-0.000020,-0.000067,-0.000028,-0.000067
10.230,-0.001788,-0.001980,-0.000020,-0.000067,-0.000028,-0.000067
10.231,-0.001788,-0.001989,-0.000020,-0.000067,-0.000028,-0.000067
10.232,-0.001788,-0.001989,-0.000020,-0.000067,-0.000028,-0.000067
10.233,-0.001788,-0.001989,-0.000020,-0.000067,-0.000028,-0.000067
10.234,-0.001788,-0.001999,-0.000020,-0.000067,-0.000028,-0.000067
10.235,-0.001788,-0.001999,-0.000020,-0.000067,-0.000028,-0.000067
10.236,-0.001788,-0.002009,-0.000020,-0.000067,-0.000028,-0.000067
10.237,-0.001788,-0.002009,-0.000020,-0.000067,-0.000028,-0.000067
10.238,-0.001788,-0.002009,-0.000020,-0.000067,-0.000028,-0.000067
10.239,-0.001788,-0.002018,-0.000020,-0.000067,-0.000028,-0.000067
10.240,-0.001788,-0.002018,-0.000020,-0.000067,-0.000028,-0.000067
10.241,-0.001788,-0.002018,-0.000020,-0.000067,-0.000028,-0.000067
10.242,-0.001788,-0.002018,-0.000020,-0.000067,-0.000028,-0.000067
10.243,-0.001788,-0.002028,-0.000020,-0.000067,-0.000028,-0.000067
10.244,-0.001788,-0.002028,-0.000020,-0.000067,-0.000028,-0.000067
10.245,-0.001788,-0.002028,-0.000020,-0.000067,-0.000028,-0.000067
10.246,-0.001788,-0.002037,-0.000020,-0.000067,-0.000028,-0.000067
10.247,-0.001788,-0.002037,-0.000020,-0.000067,-0.000028,-0.000067
10.248,-0.001788,-0.002037,-0.000020,-0.000067,-0.000028,-0.000067
10.249,-0.001788,-0.002037,-0.000020,-0.000067,-0.000028,-0.000067
10.250,-0.001788,-0.002047,-0.000020,-0.000067,-0.000028,-0.000067
10.251,-0.001788,-0.002047,-0.000020,-0.000067,-0.000028,-0.000067
10.252,-0.001788,-0.002047,-0.000020,-0.000067,-0.000028,-0.000067
10.253,-0.001788,-0.002047,-0.000020,-0.000067,-0.000028,-0.000067
10.254,-0.001788,-0.002047,-0.000020,-0.000067,-0.000028,-0.000067
10.255,-0.001788,-0.002057,-0.000020,-0.000067,-0.000028,-0.000067
10.256,-0.001788,-0.002057,-0.000020,-0.000067,-0.000028,-0.000067
10.257,-0.001788,-0.002057,-0.000020,-0.000067,-0.000028,-0.000067
10.258,-0.001788,-0.002057,-0.000020,-0.000067,-0.000028,-0.000067
10.259,-0.001788,-0.002057,-0.000020,-0.000067,-0.000028,-0.000067
10.260,-0.001788,-0.002057,-0.000020,-0.000067,-0.000028,-0.000067
10.261,-0.001788,-0.002066,-0.000020,-0.000067,-0.000028,-0.000067
10.262,-0.001788,-0.002066,-0.000020,-0.000067,-0.000028,-0.000067
10.263,-0.001788,-0.002066,-0.000020,-0.000067,-0.000028,-0.000067
10.264,-0.001788,-0.002066,-0.000020,-0.000067,-0.000028,-0.000067
10.265,-0.001788,-0.002066,-0.000020,-0.000067,-0.000028,-0.000067
10.266,-0.001788,-0.002066,-0.000020,-0.000067,-0.000028,-0.000067
10.267,-0.001788,-0.002066,-0.000020,-0.000067,-0.000028,-0.000067
10.268,-0.001788,-0.002066,-0.000020,-0.000067,-0.000028,-0.000067
10.269,-0.001788,-0.002076,-0.000020,-0.000067,-0.000028,-0.000067
10.270,-0.001788,-0.002076,-0.000020,-0.000067,-0.000028,-0.000067
10.271,-0.001788,-0.002076,-0.000020,-0.000067,-0.000028,-0.000067
10.272,-0.001788,-0.002076,-0.000020,-0.000067,-0.000028,-0.000067
10.273,-0.001788,-0.002076,-0.000020,-0.000067,-0.000028,-0.000067
10.274,-0.001788,-0.002076,-0.000020,-0.000067,-0.000028,-0.000067
10.275,-0.001788,-0.002076,-0.000020,-0.000067,-0.000028,-0.000067
10.276,-0.001788,-0.002076,-0.000020,-0.000067,-0.000028,-0.000067
10.277,-0.001788,-0.002076,-0.000020,-0.000067,-0.000028,-0.000067
10.278,-0.001788,-0.002076,-0.000020,-0.000067,-0.000028,-0.000067
10.279,-0.001788,-0.002076,-0.000020,-0.000067,-0.000028,-0.000067
10.280,-0.001788,-0.002076,-0.000020,-0.000067,-0.000028,-0.000067
10.281,-0.001788,-0.002076,-0.000020,-0.000067,-0.000028,-0.000067
10.282,-0.001788,-0.002076,-0.000020,-0.000067,-0.000028,-0.000067
10.283,-0.001788,-0.002076,-0.000020,-0.000067,-0.000028,-0.000067
10.284,-0.001788,-0.002076,-0.000020,-0.000067,-0.000028,-0.000067
10.285,-0.001788,-0.002076,-0.000020,-0.000067,-0.000028,-0.000067
10.286,-0.001788,-0.002076,-0.000020,-0.000067,-0.000028,-0.000067
10.287,-0.001788,-0.002076,-0.000020,-0.000067,-0.000028,-0.000067
10.288,-0.001788,-0.002076,-0.000020,-0.000067,-0.000028,-0.000067
10.289,-0.001788,-0.002076,-0.000020,-0.000067,-0.000028,-0.000067
10.290,-0.001788,-0.002076,-0.000020,-0.000067,-0.000028,-0.000067
10.291,-0.001788,-0.002076,-0.000020,-0.000067,-0.000028,-0.000067
10.292,-0.001788,-0.002076,-0.000020,-0.000067,-0.000028,-0.000067
10.293,-0.001788,-0.002076,-0.000020,-0.000067,-0.000028,-0.000067
10.294,-0.001788,-0.002076,-0.000020,-0.000067,-0.000028,-0.000067
10.295,-0.001788,-0.002076,-0.000020,-0.000067,-0.000028,-0.000067
10.296,-0.001788,-0.002076,-0.000020,-0.000067,-0.000028,-0.000067
10.297,-0.001788,-0.002076,-0.000020,-0.000067,-0.000028,-0.000067
10.298,-0.001788,-0.002076,-0.000020,-0.000067,-0.000028,-0.000067
10.299,-0.001788,-0.002076,-0.000020,-0.000067,-0.000028,-0.000067
10.300,-0.001788,-0.002076,-0.000020,-0.000067,-0.000028,-0.000067
10.301,-0.001788,-0.002076,-0.000020,-0.000067,-0.000028,-0.000067
10.302,-0.001788,-0.002076,-0.000020,-0.000067,-0.000028,-0.000067
10.303,-0.001788,-0.002076,-0.000020,-0.000067,-0.000028,-0.000067
10.304,-0.001788,-0.002076,-0.000020,-0.000067,-0.000028,-0.000067
10.305,-0.001788,-0.002076,-0.000020,-0.000067,-0.000028,-0.000067
10.306,-0.001788,-0.002076,-0.000020,-0.000067,-0.000028,-0.000067
10.307,-0.001788,-0.002076,-0.000020,-0.000067,-0.000028,-0.000067
10.308,-0.001788,-0.002076,-0.000020,-0.000067,-0.000028,-0.000067
10.309,-0.001788,-0.002076,-0.000020,-0.000067,-0.000028,-0.000067
10.310,-0.001788,-0.002076,-0.000020,-0.000067,-0.000028,-0.000067
10.311,-0.001788,-0.002076,-0.000020,-0.000067,-0.000028,-0.000067
10.312,-0.001788,-0.002076,-0.000020,-0.000067,-0.000028,-0.000067
10.313,-0.001788,-0.002076,-0.000020,-0.000067,-0.000028,-0.000067
10.314,-0.001788,-0.002076,-0.000020,-0.000067,-0.000028,-0.000067
10.315,-0.001788,-0.002076,-0.000020,-0.000067,-0.000028,-0.000067
10.316,-0.001788,-0.002076,-0.000020,-0.000067,-0.000028,-0.000067
10.317,-0.001788,-0.002076,-0.000020,-0.000067,-0.000028,-0.000067
10.318,-0.001788,-0.002076,-0.000029,-0.000067,-0.000028,-0.000067
10.319,-0.001788,-0.002076,-0.000029,-0.000067,-0.000028,-0.000067
10.320,-0.001788,-0.002076,-0.000029,-0.000067,-0.000028,-0.000067
10.321,-0.001788,-0.002076,-0.000029,-0.000067,-0.000028,-0.000067
10.322,-0.001788,-0.002076,-0.000029,-0.000067,-0.000028,-0.000067
10.323,-0.001788,-0.002076,-0.000029,-0.000067,-0.000028,-0.000067
10.324,-0.001788,-0.002076,-0.000029,-0.000067,-0.000028,-0.000067
10.325,-0.001788,-0.002076,-0.000029,-0.000067,-0.000028,-0.000067
10.326,-0.001788,-0.002076,-0.000029,-0.000067,-0.000028,-0.000067
10.327,-0.001788,-0.002076,-0.000029,-0.000067,-0.000028,-0.000067
10.328,-0.001788,-0.002076,-0.000029,-0.000067,-0.000028,-0.000067
10.329,-0.001788,-0.002076,-0.000029,-0.000067,-0.000028,-0.000067
10.330,-0.001788,-0.002076,-0.000029,-0.000067,-0.000028,-0.000067
10.331,-0.001788,-0.002076,-0.000029,-0.000067,-0.000028,-0.000067
10.332,-0.001788,-0.002076,-0.000029,-0.000067,-0.000028,-0.000067
10.333,-0.001788,-0.002076,-0.000029,-0.000067,-0.000028,-0.000067
10.334,-0.001788,-0.002076,-0.000029,-0.000067,-0.000028,-0.000067
10.335,-0.001788,-0.002076,-0.000029,-0.000067,-0.000028,-0.000067
10.336,-0.001788,-0.002076,-0.000029,-0.000067,-0.000028,-0.000067
10.337,-0.001788,-0.002076,-0.000029,-0.000067,-0.000028,-0.000067
10.338,-0.001788,-0.002076,-0.000029,-0.000067,-0.000028,-0.000067
10.339,-0.001788,-0.002076,-0.000029,-0.000067,-0.000028,-0.000067
10.340,-0.001788,-0.002076,-0.000029,-0.000067,-0.000028,-0.000067
10.341,-0.001788,-0.002076,-0.000029,-0.000067,-0.000028,-0.000067
10.342,-0.001788,-0.002076,-0.000029,-0.000067,-0.000028,-0.000067
10.343,-0.001788,-0.002076,-0.000029,-0.000067,-0.000028,-0.000067
10.344,-0.001788,-0.002076,-0.000029,-0.000067,-0.000028,-0.000067
10.345,-0.001788,-0.002076,-0.000029,-0.000067,-0.000028,-0.000067
10.346,-0.001788,-0.002076,-0.000029,-0.000067,-0.000028,-0.000067
10.347,-0.001788,-0.002076,-0.000029,-0.000067,-0.000028,-0.000067
10.348,-0.001788,-0.002076,-0.000029,-0.000067,-0.000028,-0.000067
10.349,-0.001788,-0.002076,-0.000029,-0.000067,-0.000028,-0.000067
10.350,-0.001788,-0.002076,-0.000029,-0.000067,-0.000028,-0.000067
10.351,-0.001788,-0.002076,-0.000029,-0.000067,-0.000028,-0.000067
10.352,-0.001788,-0.002076,-0.000029,-0.000067,-0.000028,-0.000067
10.353,-0.001788,-0.002076,-0.000029,-0.000067,-0.000028,-0.000067
10.354,-0.001788,-0.002076,-0.000029,-0.000067,-0.000028,-0.000067
10.355,-0.001788,-0.002076,-0.000029,-0.000067,-0.000028,-0.000067
10.356,-0.001788,-0.002076,-0.000029,-0.000067,-0.000028,-0.000067
10.357,-0.001788,-0.002076,-0.000029,-0.000067,-0.000028,-0.000067
10.358,-0.001788,-0.002076,-0.000029,-0.000067,-0.000028,-0.000067
10.359,-0.001788,-0.002076,-0.000029,-0.000067,-0.000028,-0.000067
10.360,-0.001788,-0.002076,-0.000029,-0.000067,-0.000028,-0.000067
10.361,-0.001788,-0.002076,-0.000029,-0.000067,-0.000028,-0.000067
10.362,-0.001788,-0.002076,-0.000029,-0.000067,-0.000028,-0.000067
10.363,-0.001788,-0.002076,-0.000029,-0.000067,-0.000028,-0.000067
10.364,-0.001788,-0.002076,-0.000029,-0.000067,-0.000028,-0.000067
10.365,-0.001788,-0.002076,-0.000029,-0.000067,-0.000028,-0.000067
10.366,-0.001788,-0.002076,-0.000029,-0.000067,-0.000028,-0.000067
10.367,-0.001788,-0.002076,-0.000029,-0.000067,-0.000028,-0.000067
10.368,-0.001788,-0.002076,-0.000029,-0.000067,-0.000028,-0.000067
10.369,-0.001788,-0.002076,-0.000029,-0.000067,-0.000028,-0.000067
10.370,-0.001788,-0.002076,-0.000029,-0.000067,-0.000028,-0.000067
10.371,-0.001788,-0.002076,-0.000029,-0.000067,-0.000028,-0.000067
10.372,-0.001788,-0.002076,-0.000029,-0.000067,-0.000028,-0.000067
10.373,-0.001788,-0.002076,-0.000029,-0.000067,-0.000028,-0.000067
10.374,-0.001788,-0.002076,-0.000029,-0.000067,-0.000028,-0.000067
10.375,-0.001788,-0.002076,-0.000029,-0.000067,-0.000028,-0.000067
10.376,-0.001788,-0.002076,-0.000029,-0.000067,-0.000028,-0.000067
10.377,-0.001788,-0.002076,-0.000029,-0.000067,-0.000028,-0.000067
10.378,-0.001788,-0.002076,-0.000029,-0.000067,-0.000028,-0.000067
10.379,-0.001788,-0.002076,-0.000029,-0.000067,-0.000028,-0.000067
10.380,-0.001788,-0.002076,-0.000029,-0.000067,-0.000028,-0.000067
10.381,-0.001788,-0.002076,-0.000029,-0.000067,-0.000028,-0.000067
10.382,-0.001788,-0.002076,-0.000029,-0.000067,-0.000028,-0.000067
10.383,-0.001788,-0.002076,-0.000029,-0.000067,-0.000028,-0.000067
10.384,-0.001788,-0.002076,-0.000029,-0.000067,-0.000028,-0.000067
10.385,-0.001788,-0.002076,-0.000029,-0.000067,-0.000028,-0.000067
10.386,-0.001788,-0.002076,-0.000029,-0.000067,-0.000028,-0.000067
10.387,-0.001788,-0.002076,-0.000029,-0.000067,-0.000028,-0.000067
10.388,-0.001788,-0.002076,-0.000029,-0.000067,-0.000028,-0.000067
10.389,-0.001788,-0.002076,-0.000029,-0.000067,-0.000028,-0.000067
10.390,-0.001788,-0.002076,-0.000029,-0.000067,-0.000028,-0.000067
10.391,-0.001788,-0.002076,-0.000029,-0.000067,-0.000028,-0.000067
10.392,-0.001788,-0.002076,-0.000029,-0.000067,-0.000028,-0.000067
10.393,-0.001788,-0.002076,-0.000029,-0.000067,-0.000028,-0.000067
10.394,-0.001788,-0.002076,-0.000029,-0.000067,-0.000028,-0.000067
10.395,-0.001788,-0.002076,-0.000029,-0.000067,-0.000028,-0.000067
10.396,-0.001788,-0.002076,-0.000029,-0.000067,-0.000028,-0.000067
10.397,-0.001788,-0.002076,-0.000029,-0.000067,-0.000028,-0.000067
10.398,-0.001788,-0.002076,-0.000029,-0.000067,-0.000028,-0.000067
10.399,-0.001788,-0.002076,-0.000029,-0.000067,-0.000028,-0.000067
10.400,-0.001788,-0.002076,-0.000029,-0.000067,-0.000028,-0.000067
10.401,-0.001788,-0.002076,-0.000029,-0.000067,-0.000028,-0.000067
10.402,-0.001788,-0.002076,-0.000029,-0.000067,-0.000028,-0.000067
10.403,-0.001788,-0.002076,-0.000029,-0.000067,-0.000028,-0.000067
10.404,-0.001788,-0.002076,-0.000029,-0.000067,-0.000028,-0.000067
10.405,-0.001788,-0.002076,-0.000029,-0.000067,-0.000028,-0.000067
10.406,-0.001788,-0.002076,-0.000029,-0.000067,-0.000028,-0.000067
10.407,-0.001788,-0.002076,-0.000029,-0.000067,-0.000028,-0.000067
10.408,-0.001788,-0.002076,-0.000029,-0.000067,-0.000028,-0.000067
10.409,-0.001788,-0.002076,-0.000029,-0.000067,-0.000028,-0.000067
10.410,-0.001788,-0.002076,-0.000029,-0.000067,-0.000028,-0.000067
10.411,-0.001788,-0.002076,-0.000029,-0.000067,-0.000028,-0.000067
10.412,-0.001788,-0.002076,-0.000029,-0.000067,-0.000028,-0.000067
10.413,-0.001788,-0.002076,-0.000029,-0.000067,-0.000028,-0.000067
10.414,-0.001788,-0.002076,-0.000029,-0.000067,-0.000028,-0.000067
10.415,-0.001788,-0.002076,-0.000029,-0.000067,-0.000028,-0.000067
10.416,-0.001788,-0.002076,-0.000029,-0.000067,-0.000028,-0.000067
10.417,-0.001788,-0.002076,-0.000029,-0.000067,-0.000028,-0.000067
10.418,-0.001788,-0.002076,-0.000029,-0.000067,-0.000028,-0.000067
10.419,-0.001788,-0.002076,-0.000029,-0.000067,-0.000028,-0.000067
10.420,-0.001788,-0.002076,-0.000029,-0.000067,-0.000028,-0.000067
10.421,-0.001788,-0.002076,-0.000029,-0.000067,-0.000028,-0.000067
10.422,-0.001788,-0.002076,-0.000029,-0.000067,-0.000028,-0.000067
10.423,-0.001788,-0.002076,-0.000029,-0.000067,-0.000028,-0.000067
10.424,-0.001788,-0.002076,-0.000029,-0.000067,-0.000028,-0.000067
10.425,-0.001788,-0.002076,-0.000029,-0.000067,-0.000028,-0.000067
10.426,-0.001788,-0.002076,-0.000029,-0.000067,-0.000028,-0.000067
10.427,-0.001788,-0.002076,-0.000029,-0.000067,-0.000028,-0.000067
10.428,-0.001788,-0.002076,-0.000029,-0.000067,-0.000028,-0.000067
10.429,-0.001788,-0.002076,-0.000029,-0.000067,-0.000028,-0.000067
10.430,-0.001788,-0.002076,-0.000029,-0.000067,-0.000028,-0.000067
10.431,-0.001788,-0.002076,-0.000029,-0.000067,-0.000028,-0.000067
10.432,-0.001788,-0.002076,-0.000029,-0.000067,-0.000028,-0.000067
10.433,-0.001788,-0.002076,-0.000029,-0.000067,-0.000028,-0.000067
10.434,-0.001788,-0.002076,-0.000029,-0.000067,-0.000028,-0.000067
10.435,-0.001788,-0.002076,-0.000029,-0.000067,-0.000028,-0.000067
10.436,-0.001788,-0.002076,-0.000029,-0.000067,-0.000028,-0.000067
10.437,-0.001788,-0.002076,-0.000029,-0.000067,-0.000028,-0.000067
10.438,-0.001788,-0.002076,-0.000029,-0.000067,-0.000028,-0.000067
10.439,-0.001788,-0.002076,-0.000029,-0.000067,-0.000028,-0.000067
10.440,-0.001788,-0.002076,-0.000029,-0.000067,-0.000028,-0.000067
10.441,-0.001788,-0.002076,-0.000029,-0.000067,-0.000028,-0.000067
10.442,-0.001788,-0.002076,-0.000029,-0.000067,-0.000028,-0.000067
10.443,-0.001788,-0.002076,-0.000029,-0.000067,-0.000028,-0.000067
10.444,-0.001788,-0.002076,-0.000029,-0.000067,-0.000028,-0.000067
10.445,-0.001788,-0.002076,-0.000029,-0.000067,-0.000028,-0.000067
10.446,-0.001788,-0.002076,-0.000029,-0.000067,-0.000028,-0.000067
10.447,-0.001788,-0.002076,-0.000029,-0.000067,-0.000028,-0.000067
10.448,-0.001788,-0.002076,-0.000029,-0.000067,-0.000028,-0.000067
10.449,-0.001788,-0.002076,-0.000029,-0.000067,-0.000028,-0.000067
10.450,-0.001788,-0.002076,-0.000029,-0.000067,-0.000028,-0.000067
10.451,-0.001788,-0.002076,-0.000029,-0.000067,-0.000028,-0.000067
10.452,-0.001788,-0.002076,-0.000029,-0.000067,-0.000028,-0.000067
10.453,-0.001788,-0.002076,-0.000029,-0.000067,-0.000028,-0.000067
10.454,-0.001788,-0.002076,-0.000029,-0.000067,-0.000028,-0.000067
10.455,-0.001788,-0.002076,-0.000029,-0.000067,-0.000028,-0.000067
10.456,-0.001788,-0.002076,-0.000029,-0.000067,-0.000028,-0.000067
10.457,-0.001788,-0.002076,-0.000029,-0.000067,-0.000028,-0.000067
10.458,-0.001788,-0.002076,-0.000029,-0.000067,-0.000028,-0.000067
10.459,-0.001788,-0.002076,-0.000029,-0.000067,-0.000028,-0.000067
10.460,-0.001788,-0.002076,-0.000029,-0.000067,-0.000028,-0.000067
10.461,-0.001788,-0.002076,-0.000029,-0.000067,-0.000028,-0.000067
10.462,-0.001788,-0.002076,-0.000029,-0.000067,-0.000028,-0.000067
10.463,-0.001788,-0.002076,-0.000029,-0.000067,-0.000028,-0.000067
10.464,-0.001788,-0.002076,-0.000029,-0.000067,-0.000028,-0.000067
10.465,-0.001788,-0.002076,-0.000029,-0.000067,-0.000028,-0.000067
10.466,-0.001788,-0.002076,-0.000029,-0.000067,-0.000028,-0.000067
10.467,-0.001788,-0.002076,-0.000029,-0.000067,-0.000028,-0.000067
10.468,-0.001788,-0.002076,-0.000029,-0.000067,-0.000028,-0.000067
10.469,-0.001788,-0.002076,-0.000029,-0.000067,-0.000028,-0.000067
10.470,-0.001788,-0.002076,-0.000029,-0.000067,-0.000028,-0.000067
10.471,-0.001788,-0.002076,-0.000029,-0.000067,-0.000028,-0.000067
10.472,-0.001788,-0.002076,-0.000029,-0.000067,-0.000028,-0.000067
10.473,-0.001788,-0.002076,-0.000029,-0.000067,-0.000028,-0.000067
10.474,-0.001788,-0.002076,-0.000029,-0.000067,-0.000028,-0.000067
10.475,-0.001788,-0.002076,-0.000029,-0.000067,-0.000028,-0.000067
10.476,-0.001788,-0.002076,-0.000029,-0.000067,-0.000028,-0.000067
10.477,-0.001788,-0.002076,-0.000029,-0.000067,-0.000028,-0.000067
10.478,-0.001788,-0.002076,-0.000029,-0.000067,-0.000028,-0.000067
10.479,-0.001788,-0.002076,-0.000029,-0.000067,-0.000028,-0.000067
10.480,-0.001788,-0.002076,-0.000029,-0.000067,-0.000028,-0.000067
10.481,-0.001788,-0.002076,-0.000039,-0.000067,-0.000028,-0.000067
10.482,-0.001788,-0.002076,-0.000039,-0.000067,-0.000028,-0.000067
10.483,-0.001788,-0.002076,-0.000039,-0.000067,-0.000028,-0.000067
10.484,-0.001788,-0.002076,-0.000039,-0.000067,-0.000028,-0.000067
10.485,-0.001788,-0.002076,-0.000039,-0.000067,-0.000028,-0.000067
10.486,-0.001788,-0.002076,-0.000039,-0.000067,-0.000028,-0.000067
10.487,-0.001788,-0.002076,-0.000039,-0.000067,-0.000028,-0.000067
10.488,-0.001788,-0.002076,-0.000039,-0.000067,-0.000028,-0.000067
10.489,-0.001788,-0.002076,-0.000039,-0.000067,-0.000028,-0.000067
10.490,-0.001788,-0.002076,-0.000039,-0.000067,-0.000028,-0.000067
10.491,-0.001788,-0.002076,-0.000039,-0.000067,-0.000028,-0.000067
10.492,-0.001788,-0.002076,-0.000039,-0.000067,-0.000028,-0.000067
10.493,-0.001788,-0.002076,-0.000039,-0.000067,-0.000028,-0.000067
10.494,-0.001788,-0.002076,-0.000039,-0.000067,-0.000028,-0.000067
10.495,-0.001788,-0.002076,-0.000039,-0.000067,-0.000028,-0.000067
10.496,-0.001788,-0.002076,-0.000039,-0.000067,-0.000028,-0.000067
10.497,-0.001788,-0.002076,-0.000039,-0.000067,-0.000028,-0.000067
10.498,-0.001788,-0.002076,-0.000039,-0.000067,-0.000028,-0.000067
10.499,-0.001788,-0.002076,-0.000039,-0.000067,-0.000028,-0.000067
10.500,-0.001788,-0.002076,-0.000039,-0.000067,-0.000028,-0.000067
10.501,-0.001788,-0.002076,-0.000039,-0.000067,-0.000028,-0.000067
10.502,-0.001788,-0.002076,-0.000039,-0.000067,-0.000028,-0.000067
10.503,-0.001788,-0.002076,-0.000039,-0.000067,-0.000028,-0.000067
10.504,-0.001788,-0.002076,-0.000039,-0.000067,-0.000028,-0.000067
10.505,-0.001788,-0.002076,-0.000039,-0.000067,-0.000028,-0.000067
10.506,-0.001788,-0.002076,-0.000039,-0.000067,-0.000028,-0.000067
10.507,-0.001788,-0.002076,-0.000039,-0.000067,-0.000028,-0.000067
10.508,-0.001788,-0.002076,-0.000039,-0.000067,-0.000028,-0.000067
10.509,-0.001788,-0.002076,-0.000039,-0.000067,-0.000028,-0.000067
10.510,-0.001788,-0.002076,-0.000039,-0.000067,-0.000028,-0.000067
10.511,-0.001788,-0.002076,-0.000039,-0.000067,-0.000028,-0.000067
10.512,-0.001788,-0.002076,-0.000039,-0.000067,-0.000028,-0.000067
10.513,-0.001788,-0.002076,-0.000039,-0.000067,-0.000028,-0.000067
10.514,-0.001788,-0.002076,-0.000039,-0.000067,-0.000028,-0.000067
10.515,-0.001788,-0.002076,-0.000039,-0.000067,-0.000028,-0.000067
10.516,-0.001788,-0.002076,-0.000039,-0.000067,-0.000028,-0.000067
10.517,-0.001788,-0.002076,-0.000039,-0.000067,-0.000028,-0.000067
10.518,-0.001788,-0.002076,-0.000039,-0.000067,-0.000028,-0.000067
10.519,-0.001788,-0.002076,-0.000039,-0.000067,-0.000028,-0.000067
10.520,-0.001788,-0.002076,-0.000039,-0.000067,-0.000028,-0.000067
10.521,-0.001788,-0.002076,-0.000039,-0.000067,-0.000028,-0.000067
10.522,-0.001788,-0.002076,-0.000039,-0.000067,-0.000028,-0.000067
10.523,-0.001788,-0.002076,-0.000039,-0.000067,-0.000028,-0.000067
10.524,-0.001788,-0.002076,-0.000039,-0.000067,-0.000028,-0.000067
10.525,-0.001788,-0.002076,-0.000039,-0.000067,-0.000028,-0.000067
10.526,-0.001788,-0.002076,-0.000039,-0.000067,-0.000028,-0.000067
10.527,-0.001788,-0.002076,-0.000039,-0.000067,-0.000028,-0.000067
10.528,-0.001788,-0.002076,-0.000039,-0.000067,-0.000028,-0.000067
10.529,-0.001788,-0.002076,-0.000039,-0.000067,-0.000028,-0.000067
10.530,-0.001788,-0.002076,-0.000039,-0.000067,-0.000028,-0.000067
10.531,-0.001788,-0.002076,-0.000039,-0.000067,-0.000028,-0.000067
10.532,-0.001788,-0.002076,-0.000039,-0.000067,-0.000028,-0.000067
10.533,-0.001788,-0.002076,-0.000039,-0.000067,-0.000028,-0.000067
10.534,-0.001788,-0.002076,-0.000039,-0.000067,-0.000028,-0.000067
10.535,-0.001788,-0.002076,-0.000039,-0.000067,-0.000028,-0.000067
10.536,-0.001788,-0.002076,-0.000039,-0.000067,-0.000028,-0.000067
10.537,-0.001788,-0.002076,-0.000039,-0.000067,-0.000028,-0.000067
10.538,-0.001788,-0.002076,-0.000039,-0.000067,-0.000028,-0.000067
10.539,-0.001788,-0.002076,-0.000039,-0.000067,-0.000028,-0.000067
10.540,-0.001788,-0.002076,-0.000039,-0.000067,-0.000028,-0.000067
10.541,-0.001788,-0.002076,-0.000039,-0.000067,-0.000028,-0.000067
10.542,-0.001788,-0.002076,-0.000039,-0.000067,-0.000028,-0.000067
10.543,-0.001788,-0.002076,-0.000039,-0.000067,-0.000028,-0.000067
10.544,-0.001788,-0.002076,-0.000039,-0.000067,-0.000028,-0.000067
10.545,-0.001788,-0.002076,-0.000039,-0.000067,-0.000028,-0.000067
10.546,-0.001788,-0.002076,-0.000039,-0.000067,-0.000028,-0.000067
10.547,-0.001788,-0.002076,-0.000039,-0.000067,-0.000028,-0.000067
10.548,-0.001788,-0.002076,-0.000039,-0.000067,-0.000028,-0.000067
10.549,-0.001788,-0.002076,-0.000039,-0.000067,-0.000028,-0.000067
10.550,-0.001788,-0.002076,-0.000039,-0.000067,-0.000028,-0.000067
10.551,-0.001788,-0.002076,-0.000039,-0.000067,-0.000028,-0.000067
10.552,-0.001788,-0.002076,-0.000039,-0.000067,-0.000028,-0.000067
10.553,-0.001788,-0.002076,-0.000039,-0.000067,-0.000028,-0.000067
10.554,-0.001788,-0.002076,-0.000039,-0.000067,-0.000028,-0.000067
10.555,-0.001788,-0.002076,-0.000039,-0.000067,-0.000028,-0.000067
10.556,-0.001788,-0.002076,-0.000039,-0.000067,-0.000028,-0.000067
10.557,-0.001788,-0.002076,-0.000039,-0.000067,-0.000028,-0.000067
10.558,-0.001788,-0.002076,-0.000039,-0.000067,-0.000028,-0.000067
10.559,-0.001788,-0.002076,-0.000039,-0.000067,-0.000028,-0.000067
10.560,-0.001788,-0.002076,-0.000039,-0.000067,-0.000028,-0.000067
10.561,-0.001788,-0.002076,-0.000039,-0.000067,-0.000028,-0.000067
10.562,-0.001788,-0.002076,-0.000039,-0.000067,-0.000028,-0.000067
10.563,-0.001788,-0.002076,-0.000039,-0.000067,-0.000028,-0.000067
10.564,-0.001788,-0.002076,-0.000039,-0.000067,-0.000028,-0.000067
10.565,-0.001788,-0.002076,-0.000039,-0.000067,-0.000028,-0.000067
10.566,-0.001788,-0.002076,-0.000039,-0.000067,-0.000028,-0.000067
10.567,-0.001788,-0.002076,-0.000039,-0.000067,-0.000028,-0.000067
10.568,-0.001788,-0.002076,-0.000039,-0.000067,-0.000028,-0.000067
10.569,-0.001788,-0.002076,-0.000039,-0.000067,-0.000028,-0.000067
10.570,-0.001788,-0.002076,-0.000039,-0.000067,-0.000028,-0.000067
10.571,-0.001788,-0.002076,-0.000039,-0.000067,-0.000028,-0.000067
10.572,-0.001788,-0.002076,-0.000039,-0.000067,-0.000028,-0.000067
10.573,-0.001788,-0.002076,-0.000039,-0.000067,-0.000028,-0.000067
10.574,-0.001788,-0.002076,-0.000039,-0.000067,-0.000028,-0.000067
10.575,-0.001788,-0.002076,-0.000039,-0.000067,-0.000028,-0.000067
10.576,-0.001788,-0.002076,-0.000039,-0.000067,-0.000028,-0.000067
10.577,-0.001788,-0.002076,-0.000039,-0.000067,-0.000028,-0.000067
10.578,-0.001788,-0.002076,-0.000039,-0.000067,-0.000028,-0.000067
10.579,-0.001788,-0.002076,-0.000039,-0.000067,-0.000028,-0.000067
10.580,-0.001788,-0.002076,-0.000039,-0.000067,-0.000028,-0.000067
10.581,-0.001788,-0.002076,-0.000039,-0.000067,-0.000028,-0.000067
10.582,-0.001788,-0.002076,-0.000039,-0.000067,-0.000028,-0.000067
10.583,-0.001788,-0.002076,-0.000039,-0.000067,-0.000028,-0.000067
10.584,-0.001788,-0.002076,-0.000039,-0.000067,-0.000028,-0.000067
10.585,-0.001788,-0.002076,-0.000039,-0.000067,-0.000028,-0.000067
10.586,-0.001788,-0.002076,-0.000039,-0.000067,-0.000028,-0.000067
10.587,-0.001788,-0.002076,-0.000039,-0.000067,-0.000028,-0.000067
10.588,-0.001788,-0.002076,-0.000039,-0.000067,-0.000028,-0.000067
10.589,-0.001788,-0.002076,-0.000039,-0.000067,-0.000028,-0.000067
10.590,-0.001788,-0.002076,-0.000039,-0.000067,-0.000028,-0.000067
10.591,-0.001788,-0.002076,-0.000039,-0.000067,-0.000028,-0.000067
10.592,-0.001788,-0.002076,-0.000039,-0.000067,-0.000028,-0.000067
10.593,-0.001788,-0.002076,-0.000039,-0.000067,-0.000028,-0.000067
10.594,-0.001788,-0.002076,-0.000039,-0.000067,-0.000028,-0.000067
10.595,-0.001788,-0.002076,-0.000039,-0.000067,-0.000028,-0.000067
10.596,-0.001788,-0.002076,-0.000039,-0.000067,-0.000028,-0.000067
10.597,-0.001788,-0.002076,-0.000039,-0.000067,-0.000028,-0.000067
10.598,-0.001788,-0.002076,-0.000039,-0.000067,-0.000028,-0.000067
10.599,-0.001788,-0.002076,-0.000039,-0.000067,-0.000028,-0.000067
10.600,-0.001788,-0.002076,-0.000039,-0.000067,-0.000028,-0.000067
10.601,-0.001788,-0.002076,-0.000039,-0.000067,-0.000028,-0.000067
10.602,-0.001788,-0.002076,-0.000039,-0.000067,-0.000028,-0.000067
10.603,-0.001788,-0.002076,-0.000039,-0.000067,-0.000028,-0.000067
10.604,-0.001788,-0.002076,-0.000039,-0.000067,-0.000028,-0.000067
10.605,-0.001788,-0.002076,-0.000039,-0.000067,-0.000028,-0.000067
10.606,-0.001788,-0.002076,-0.000039,-0.000067,-0.000028,-0.000067
10.607,-0.001788,-0.002076,-0.000039,-0.000067,-0.000028,-0.000067
10.608,-0.001788,-0.002076,-0.000039,-0.000067,-0.000028,-0.000067
10.609,-0.001788,-0.002076,-0.000039,-0.000067,-0.000028,-0.000067
10.610,-0.001788,-0.002076,-0.000039,-0.000067,-0.000028,-0.000067
10.611,-0.001788,-0.002076,-0.000039,-0.000067,-0.000028,-0.000067
10.612,-0.001788,-0.002076,-0.000039,-0.000067,-0.000028,-0.000067
10.613,-0.001788,-0.002076,-0.000039,-0.000067,-0.000028,-0.000067
10.614,-0.001788,-0.002076,-0.000039,-0.000067,-0.000028,-0.000067
10.615,-0.001788,-0.002076,-0.000039,-0.000067,-0.000028,-0.000067
10.616,-0.001788,-0.002076,-0.000039,-0.000067,-0.000028,-0.000067
10.617,-0.001788,-0.002076,-0.000039,-0.000067,-0.000028,-0.000067
10.618,-0.001788,-0.002076,-0.000039,-0.000067,-0.000028,-0.000067
10.619,-0.001788,-0.002076,-0.000039,-0.000067,-0.000028,-0.000067
10.620,-0.001788,-0.002076,-0.000039,-0.000067,-0.000028,-0.000067
10.621,-0.001788,-0.002076,-0.000039,-0.000067,-0.000028,-0.000067
10.622,-0.001788,-0.002076,-0.000039,-0.000067,-0.000028,-0.000067
10.623,-0.001788,-0.002076,-0.000039,-0.000067,-0.000028,-0.000067
10.624,-0.001788,-0.002076,-0.000039,-0.000067,-0.000028,-0.000067
10.625,-0.001788,-0.002076,-0.000039,-0.000067,-0.000028,-0.000067
10.626,-0.001788,-0.002076,-0.000039,-0.000067,-0.000028,-0.000067
10.627,-0.001788,-0.002076,-0.000039,-0.000067,-0.000028,-0.000067
10.628,-0.001788,-0.002076,-0.000039,-0.000067,-0.000028,-0.000067
10.629,-0.001788,-0.002076,-0.000039,-0.000067,-0.000028,-0.000067
10.630,-0.001788,-0.002076,-0.000039,-0.000067,-0.000028,-0.000067
10.631,-0.001788,-0.002076,-0.000039,-0.000067,-0.000028,-0.000067
10.632,-0.001788,-0.002076,-0.000039,-0.000067,-0.000028,-0.000067
10.633,-0.001788,-0.002076,-0.000039,-0.000067,-0.000028,-0.000067
10.634,-0.001788,-0.002076,-0.000039,-0.000067,-0.000028,-0.000067
10.635,-0.001788,-0.002076,-0.000039,-0.000067,-0.000028,-0.000067
10.636,-0.001788,-0.002076,-0.000039,-0.000067,-0.000028,-0.000067
10.637,-0.001788,-0.002076,-0.000039,-0.000067,-0.000028,-0.000067
10.638,-0.001788,-0.002076,-0.000039,-0.000067,-0.000028,-0.000067
10.639,-0.001788,-0.002076,-0.000039,-0.000067,-0.000028,-0.000067
10.640,-0.001788,-0.002076,-0.000039,-0.000067,-0.000028,-0.000067
10.641,-0.001788,-0.002076,-0.000039,-0.000067,-0.000028,-0.000067
10.642,-0.001788,-0.002076,-0.000039,-0.000067,-0.000028,-0.000067
10.643,-0.001788,-0.002076,-0.000039,-0.000067,-0.000028,-0.000067
10.644,-0.001788,-0.002076,-0.000039,-0.000067,-0.000028,-0.000067
10.645,-0.001788,-0.002076,-0.000039,-0.000067,-0.000028,-0.000067
10.646,-0.001788,-0.002076,-0.000039,-0.000067,-0.000028,-0.000067
10.647,-0.001788,-0.002076,-0.000039,-0.000067,-0.000028,-0.000067
10.648,-0.001788,-0.002076,-0.000039,-0.000067,-0.000028,-0.000067
10.649,-0.001788,-0.002076,-0.000039,-0.000067,-0.000028,-0.000067
10.650,-0.001788,-0.002076,-0.000039,-0.000067,-0.000028,-0.000067
10.651,-0.001788,-0.002076,-0.000039,-0.000067,-0.000028,-0.000067
10.652,-0.001788,-0.002076,-0.000039,-0.000067,-0.000028,-0.000067
10.653,-0.001788,-0.002076,-0.000039,-0.000067,-0.000028,-0.000067
10.654,-0.001788,-0.002076,-0.000039,-0.000067,-0.000028,-0.000067
10.655,-0.001788,-0.002076,-0.000039,-0.000067,-0.000028,-0.000067
10.656,-0.001788,-0.002076,-0.000039,-0.000067,-0.000028,-0.000067
10.657,-0.001788,-0.002076,-0.000039,-0.000067,-0.000028,-0.000067
10.658,-0.001788,-0.002076,-0.000039,-0.000067,-0.000028,-0.000067
10.659,-0.001788,-0.002076,-0.000039,-0.000067,-0.000028,-0.000067
10.660,-0.001788,-0.002076,-0.000039,-0.000067,-0.000028,-0.000067
10.661,-0.001788,-0.002076,-0.000039,-0.000067,-0.000028,-0.000067
10.662,-0.001788,-0.002076,-0.000039,-0.000067,-0.000028,-0.000067
10.663,-0.001788,-0.002076,-0.000039,-0.000067,-0.000028,-0.000067
10.664,-0.001788,-0.002076,-0.000039,-0.000067,-0.000028,-0.000067
10.665,-0.001788,-0.002076,-0.000039,-0.000067,-0.000028,-0.000067
10.666,-0.001788,-0.002076,-0.000039,-0.000067,-0.000028,-0.000067
10.667,-0.001788,-0.002076,-0.000039,-0.000067,-0.000028,-0.000067
10.668,-0.001788,-0.002076,-0.000039,-0.000067,-0.000028,-0.000067
10.669,-0.001788,-0.002076,-0.000039,-0.000067,-0.000028,-0.000067
10.670,-0.001788,-0.002076,-0.000039,-0.000067,-0.000028,-0.000067
10.671,-0.001788,-0.002076,-0.000039,-0.000067,-0.000028,-0.000067
10.672,-0.001788,-0.002076,-0.000039,-0.000067,-0.000028,-0.000067
10.673,-0.001788,-0.002076,-0.000039,-0.000067,-0.000028,-0.000067
10.674,-0.001788,-0.002076,-0.000039,-0.000067,-0.000028,-0.000067
10.675,-0.001788,-0.002076,-0.000039,-0.000067,-0.000028,-0.000067
10.676,-0.001788,-0.002076,-0.000039,-0.000067,-0.000028,-0.000067
10.677,-0.001788,-0.002076,-0.000039,-0.000067,-0.000028,-0.000067
10.678,-0.001788,-0.002076,-0.000039,-0.000067,-0.000028,-0.000067
10.679,-0.001788,-0.002076,-0.000039,-0.000067,-0.000028,-0.000067
10.680,-0.001788,-0.002076,-0.000039,-0.000067,-0.000028,-0.000067
10.681,-0.001788,-0.002076,-0.000039,-0.000067,-0.000028,-0.000067
10.682,-0.001788,-0.002076,-0.000039,-0.000067,-0.000028,-0.000067
10.683,-0.001788,-0.002076,-0.000039,-0.000067,-0.000028,-0.000067
10.684,-0.001788,-0.002076,-0.000039,-0.000067,-0.000028,-0.000067
10.685,-0.001788,-0.002076,-0.000039,-0.000067,-0.000028,-0.000067
10.686,-0.001788,-0.002076,-0.000039,-0.000067,-0.000028,-0.000067
10.687,-0.001788,-0.002076,-0.000039,-0.000067,-0.000028,-0.000067
10.688,-0.001788,-0.002076,-0.000039,-0.000067,-0.000028,-0.000067
10.689,-0.001788,-0.002076,-0.000039,-0.000067,-0.000028,-0.000067
10.690,-0.001788,-0.002076,-0.000039,-0.000067,-0.000028,-0.000067
10.691,-0.001788,-0.002076,-0.000039,-0.000067,-0.000028,-0.000067
10.692,-0.001788,-0.002076,-0.000039,-0.000067,-0.000028,-0.000067
10.693,-0.001788,-0.002076,-0.000039,-0.000067,-0.000028,-0.000067
10.694,-0.001788,-0.002076,-0.000039,-0.000067,-0.000028,-0.000067
10.695,-0.001788,-0.002076,-0.000039,-0.000067,-0.000028,-0.000067
10.696,-0.001788,-0.002076,-0.000039,-0.000067,-0.000028,-0.000067
10.697,-0.001788,-0.002076,-0.000039,-0.000067,-0.000028,-0.000067
10.698,-0.001788,-0.002076,-0.000039,-0.000067,-0.000028,-0.000067
10.699,-0.001788,-0.002076,-0.000039,-0.000067,-0.000028,-0.000067
10.700,-0.001788,-0.002076,-0.000039,-0.000067,-0.000028,-0.000067
10.701,-0.001788,-0.002076,-0.000039,-0.000067,-0.000028,-0.000067
10.702,-0.001788,-0.002076,-0.000039,-0.000067,-0.000028,-0.000067
10.703,-0.001788,-0.002076,-0.000039,-0.000067,-0.000028,-0.000067
10.704,-0.001788,-0.002076,-0.000039,-0.000067,-0.000028,-0.000067
10.705,-0.001788,-0.002076,-0.000039,-0.000067,-0.000028,-0.000067
10.706,-0.001788,-0.002076,-0.000039,-0.000067,-0.000028,-0.000067
10.707,-0.001788,-0.002076,-0.000039,-0.000067,-0.000028,-0.000067
10.708,-0.001788,-0.002076,-0.000039,-0.000067,-0.000028,-0.000067
10.709,-0.001788,-0.002076,-0.000039,-0.000067,-0.000028,-0.000067
10.710,-0.001788,-0.002076,-0.000039,-0.000067,-0.000028,-0.000067
10.711,-0.001788,-0.002076,-0.000039,-0.000067,-0.000028,-0.000067
10.712,-0.001788,-0.002076,-0.000039,-0.000067,-0.000028,-0.000067
10.713,-0.001788,-0.002076,-0.000039,-0.000067,-0.000028,-0.000067
10.714,-0.001788,-0.002076,-0.000039,-0.000067,-0.000028,-0.000067
10.715,-0.001788,-0.002076,-0.000039,-0.000067,-0.000028,-0.000067
10.716,-0.001788,-0.002076,-0.000039,-0.000067,-0.000028,-0.000067
10.717,-0.001788,-0.002076,-0.000039,-0.000067,-0.000028,-0.000067
10.718,-0.001788,-0.002076,-0.000039,-0.000067,-0.000028,-0.000067
10.719,-0.001788,-0.002076,-0.000039,-0.000067,-0.000028,-0.000067
10.720,-0.001788,-0.002076,-0.000039,-0.000067,-0.000028,-0.000067
10.721,-0.001788,-0.002076,-0.000039,-0.000067,-0.000028,-0.000067
10.722,-0.001788,-0.002076,-0.000039,-0.000067,-0.000028,-0.000067
10.723,-0.001788,-0.002076,-0.000039,-0.000067,-0.000028,-0.000067
10.724,-0.001788,-0.002076,-0.000039,-0.000067,-0.000028,-0.000067
10.725,-0.001788,-0.002076,-0.000039,-0.000067,-0.000028,-0.000067
10.726,-0.001788,-0.002076,-0.000039,-0.000067,-0.000028,-0.000067
10.727,-0.001788,-0.002076,-0.000039,-0.000067,-0.000028,-0.000067
10.728,-0.001788,-0.002076,-0.000039,-0.000067,-0.000028,-0.000067
10.729,-0.001788,-0.002076,-0.000048,-0.000067,-0.000028,-0.000067
10.730,-0.001788,-0.002076,-0.000048,-0.000067,-0.000028,-0.000067
10.731,-0.001788,-0.002076,-0.000048,-0.000067,-0.000028,-0.000067
10.732,-0.001788,-0.002076,-0.000048,-0.000067,-0.000028,-0.000067
10.733,-0.001788,-0.002076,-0.000048,-0.000067,-0.000028,-0.000067
10.734,-0.001788,-0.002076,-0.000048,-0.000067,-0.000028,-0.000067
10.735,-0.001788,-0.002076,-0.000048,-0.000067,-0.000028,-0.000067
10.736,-0.001788,-0.002076,-0.000048,-0.000067,-0.000028,-0.000067
10.737,-0.001788,-0.002076,-0.000048,-0.000067,-0.000028,-0.000067
10.738,-0.001788,-0.002076,-0.000048,-0.000067,-0.000028,-0.000067
10.739,-0.001788,-0.002076,-0.000048,-0.000067,-0.000028,-0.000067
10.740,-0.001788,-0.002076,-0.000048,-0.000067,-0.000028,-0.000067
10.741,-0.001788,-0.002076,-0.000048,-0.000067,-0.000028,-0.000067
10.742,-0.001788,-0.002076,-0.000048,-0.000067,-0.000028,-0.000067
10.743,-0.001788,-0.002076,-0.000048,-0.000067,-0.000028,-0.000067
10.744,-0.001788,-0.002076,-0.000048,-0.000067,-0.000028,-0.000067
10.745,-0.001788,-0.002076,-0.000048,-0.000067,-0.000028,-0.000067
10.746,-0.001788,-0.002076,-0.000048,-0.000067,-0.000028,-0.000067
10.747,-0.001788,-0.002076,-0.000048,-0.000067,-0.000028,-0.000067
10.748,-0.001788,-0.002076,-0.000048,-0.000067,-0.000028,-0.000067
10.749,-0.001788,-0.002076,-0.000048,-0.000067,-0.000028,-0.000067
10.750,-0.001788,-0.002076,-0.000048,-0.000067,-0.000028,-0.000067
10.751,-0.001788,-0.002076,-0.000048,-0.000067,-0.000028,-0.000067
10.752,-0.001788,-0.002076,-0.000048,-0.000067,-0.000028,-0.000067
10.753,-0.001788,-0.002076,-0.000048,-0.000067,-0.000028,-0.000067
10.754,-0.001788,-0.002076,-0.000048,-0.000067,-0.000028,-0.000067
10.755,-0.001788,-0.002076,-0.000048,-0.000067,-0.000028,-0.000067
10.756,-0.001788,-0.002076,-0.000048,-0.000067,-0.000028,-0.000067
10.757,-0.001788,-0.002076,-0.000048,-0.000067,-0.000028,-0.000067
10.758,-0.001788,-0.002076,-0.000048,-0.000067,-0.000028,-0.000067
10.759,-0.001788,-0.002076,-0.000048,-0.000067,-0.000028,-0.000067
10.760,-0.001788,-0.002076,-0.000048,-0.000067,-0.000028,-0.000067
10.761,-0.001788,-0.002076,-0.000048,-0.000067,-0.000028,-0.000067
10.762,-0.001788,-0.002076,-0.000048,-0.000067,-0.000028,-0.000067
10.763,-0.001788,-0.002076,-0.000048,-0.000067,-0.000028,-0.000067
10.764,-0.001788,-0.002076,-0.000048,-0.000067,-0.000028,-0.000067
10.765,-0.001788,-0.002066,-0.000048,-0.000067,-0.000028,-0.000067
10.766,-0.001788,-0.002066,-0.000048,-0.000067,-0.000028,-0.000067
10.767,-0.001788,-0.002066,-0.000048,-0.000067,-0.000028,-0.000067
10.768,-0.001788,-0.002066,-0.000048,-0.000067,-0.000028,-0.000067
10.769,-0.001788,-0.002066,-0.000048,-0.000067,-0.000028,-0.000067
10.770,-0.001788,-0.002066,-0.000048,-0.000067,-0.000028,-0.000067
10.771,-0.001788,-0.002066,-0.000048,-0.000067,-0.000028,-0.000067
10.772,-0.001788,-0.002066,-0.000048,-0.000067,-0.000028,-0.000067
10.773,-0.001788,-0.002066,-0.000048,-0.000067,-0.000028,-0.000067
10.774,-0.001788,-0.002066,-0.000048,-0.000067,-0.000028,-0.000067
10.775,-0.001788,-0.002066,-0.000048,-0.000067,-0.000028,-0.000067
10.776,-0.001788,-0.002066,-0.000048,-0.000067,-0.000028,-0.000067
10.777,-0.001788,-0.002066,-0.000048,-0.000067,-0.000028,-0.000067
10.778,-0.001788,-0.002066,-0.000048,-0.000067,-0.000028,-0.000067
10.779,-0.001788,-0.002066,-0.000048,-0.000067,-0.000028,-0.000067
10.780,-0.001788,-0.002066,-0.000048,-0.000067,-0.000028,-0.000067
10.781,-0.001788,-0.002066,-0.000048,-0.000067,-0.000028,-0.000067
10.782,-0.001788,-0.002066,-0.000048,-0.000067,-0.000028,-0.000067
10.783,-0.001788,-0.002066,-0.000048,-0.000067,-0.000028,-0.000067
10.784,-0.001788,-0.002066,-0.000048,-0.000067,-0.000028,-0.000067
10.785,-0.001788,-0.002066,-0.000048,-0.000067,-0.000028,-0.000067
10.786,-0.001788,-0.002066,-0.000048,-0.000067,-0.000028,-0.000067
10.787,-0.001788,-0.002066,-0.000048,-0.000067,-0.000028,-0.000067
10.788,-0.001779,-0.002066,-0.000048,-0.000067,-0.000028,-0.000067
10.789,-0.001779,-0.002066,-0.000048,-0.000067,-0.000028,-0.000067
10.790,-0.001779,-0.002066,-0.000048,-0.000067,-0.000028,-0.000067
10.791,-0.001779,-0.002066,-0.000048,-0.000067,-0.000028,-0.000067
10.792,-0.001779,-0.002066,-0.000048,-0.000067,-0.000028,-0.000067
10.793,-0.001779,-0.002066,-0.000048,-0.000067,-0.000028,-0.000067
10.794,-0.001779,-0.002066,-0.000048,-0.000067,-0.000028,-0.000067
10.795,-0.001779,-0.002066,-0.000048,-0.000067,-0.000028,-0.000067
10.796,-0.001779,-0.002066,-0.000048,-0.000067,-0.000028,-0.000067
10.797,-0.001779,-0.002066,-0.000048,-0.000067,-0.000028,-0.000067
10.798,-0.001779,-0.002066,-0.000048,-0.000067,-0.000028,-0.000067
10.799,-0.001779,-0.002066,-0.000048,-0.000067,-0.000028,-0.000067
10.800,-0.001779,-0.002066,-0.000048,-0.000067,-0.000028,-0.000067
10.801,-0.001779,-0.002066,-0.000048,-0.000067,-0.000028,-0.000067
10.802,-0.001779,-0.002066,-0.000048,-0.000067,-0.000028,-0.000067
10.803,-0.001779,-0.002066,-0.000048,-0.000067,-0.000028,-0.000067
10.804,-0.001779,-0.002066,-0.000048,-0.000067,-0.000028,-0.000067
10.805,-0.001779,-0.002066,-0.000048,-0.000067,-0.000028,-0.000067
10.806,-0.001779,-0.002066,-0.000048,-0.000067,-0.000028,-0.000067
10.807,-0.001779,-0.002066,-0.000048,-0.000067,-0.000028,-0.000067
10.808,-0.001779,-0.002066,-0.000048,-0.000067,-0.000028,-0.000067
10.809,-0.001779,-0.002066,-0.000048,-0.000067,-0.000028,-0.000067
10.810,-0.001779,-0.002066,-0.000048,-0.000067,-0.000028,-0.000067
10.811,-0.001779,-0.002066,-0.000048,-0.000067,-0.000028,-0.000067
10.812,-0.001779,-0.002066,-0.000048,-0.000067,-0.000028,-0.000067
10.813,-0.001779,-0.002066,-0.000048,-0.000067,-0.000028,-0.000067
10.814,-0.001779,-0.002066,-0.000048,-0.000067,-0.000028,-0.000067
10.815,-0.001779,-0.002066,-0.000048,-0.000067,-0.000028,-0.000067
10.816,-0.001779,-0.002066,-0.000048,-0.000067,-0.000028,-0.000067
10.817,-0.001779,-0.002066,-0.000048,-0.000067,-0.000028,-0.000067
10.818,-0.001779,-0.002066,-0.000048,-0.000067,-0.000028,-0.000067
10.819,-0.001779,-0.002066,-0.000048,-0.000067,-0.000028,-0.000067
10.820,-0.001779,-0.002066,-0.000048,-0.000067,-0.000028,-0.000067
10.821,-0.001779,-0.002066,-0.000048,-0.000067,-0.000028,-0.000067
10.822,-0.001779,-0.002066,-0.000048,-0.000067,-0.000028,-0.000067
10.823,-0.001779,-0.002066,-0.000048,-0.000067,-0.000028,-0.000067
10.824,-0.001779,-0.002066,-0.000048,-0.000067,-0.000028,-0.000067
10.825,-0.001779,-0.002066,-0.000048,-0.000067,-0.000028,-0.000067
10.826,-0.001779,-0.002066,-0.000048,-0.000067,-0.000028,-0.000067
10.827,-0.001779,-0.002066,-0.000048,-0.000067,-0.000028,-0.000067
10.828,-0.001779,-0.002066,-0.000048,-0.000067,-0.000028,-0.000067
10.829,-0.001779,-0.002066,-0.000048,-0.000067,-0.000028,-0.000067
10.830,-0.001779,-0.002066,-0.000048,-0.000067,-0.000028,-0.000067
10.831,-0.001779,-0.002066,-0.000048,-0.000067,-0.000028,-0.000067
10.832,-0.001779,-0.002066,-0.000048,-0.000067,-0.000028,-0.000067
10.833,-0.001779,-0.002066,-0.000048,-0.000067,-0.000028,-0.000067
10.834,-0.001779,-0.002066,-0.000048,-0.000067,-0.000028,-0.000067
10.835,-0.001779,-0.002066,-0.000048,-0.000067,-0.000028,-0.000067
10.836,-0.001779,-0.002066,-0.000048,-0.000067,-0.000028,-0.000067
10.837,-0.001779,-0.002066,-0.000048,-0.000067,-0.000028,-0.000067
10.838,-0.001779,-0.002066,-0.000048,-0.000067,-0.000028,-0.000067
10.839,-0.001779,-0.002057,-0.000048,-0.000067,-0.000028,-0.000067
10.840,-0.001779,-0.002057,-0.000048,-0.000067,-0.000028,-0.000067
10.841,-0.001779,-0.002057,-0.000048,-0.000067,-0.000028,-0.000067
10.842,-0.001779,-0.002057,-0.000048,-0.000067,-0.000028,-0.000067
10.843,-0.001779,-0.002057,-0.000048,-0.000067,-0.000028,-0.000067
10.844,-0.001779,-0.002057,-0.000048,-0.000067,-0.000028,-0.000067
10.845,-0.001779,-0.002057,-0.000048,-0.000067,-0.000028,-0.000067
10.846,-0.001779,-0.002057,-0.000048,-0.000067,-0.000028,-0.000067
10.847,-0.001779,-0.002057,-0.000048,-0.000067,-0.000028,-0.000067
10.848,-0.001779,-0.002057,-0.000048,-0.000067,-0.000028,-0.000067
10.849,-0.001779,-0.002057,-0.000048,-0.000067,-0.000028,-0.000067
10.850,-0.001779,-0.002057,-0.000048,-0.000067,-0.000028,-0.000067
10.851,-0.001779,-0.002057,-0.000048,-0.000067,-0.000028,-0.000067
10.852,-0.001779,-0.002057,-0.000048,-0.000067,-0.000028,-0.000067
10.853,-0.001779,-0.002057,-0.000048,-0.000067,-0.000028,-0.000067
10.854,-0.001779,-0.002057,-0.000048,-0.000067,-0.000028,-0.000067
10.855,-0.001779,-0.002057,-0.000048,-0.000067,-0.000028,-0.000067
10.856,-0.001779,-0.002057,-0.000048,-0.000067,-0.000028,-0.000067
10.857,-0.001779,-0.002057,-0.000048,-0.000067,-0.000028,-0.000067
10.858,-0.001779,-0.002057,-0.000048,-0.000067,-0.000028,-0.000067
10.859,-0.001779,-0.002057,-0.000048,-0.000067,-0.000028,-0.000067
10.860,-0.001779,-0.002057,-0.000048,-0.000067,-0.000028,-0.000067
10.861,-0.001779,-0.002057,-0.000048,-0.000067,-0.000028,-0.000067
10.862,-0.001779,-0.002057,-0.000048,-0.000067,-0.000028,-0.000067
10.863,-0.001779,-0.002057,-0.000048,-0.000067,-0.000028,-0.000067
10.864,-0.001779,-0.002057,-0.000048,-0.000067,-0.000028,-0.000067
10.865,-0.001779,-0.002057,-0.000048,-0.000067,-0.000028,-0.000067
10.866,-0.001779,-0.002057,-0.000048,-0.000067,-0.000028,-0.000067
10.867,-0.001779,-0.002057,-0.000048,-0.000067,-0.000028,-0.000067
10.868,-0.001779,-0.002057,-0.000048,-0.000067,-0.000028,-0.000067
10.869,-0.001779,-0.002057,-0.000048,-0.000067,-0.000028,-0.000067
10.870,-0.001779,-0.002057,-0.000048,-0.000067,-0.000028,-0.000067
10.871,-0.001779,-0.002057,-0.000048,-0.000067,-0.000028,-0.000067
10.872,-0.001769,-0.002057,-0.000048,-0.000067,-0.000028,-0.000067
10.873,-0.001769,-0.002057,-0.000048,-0.000067,-0.000028,-0.000067
10.874,-0.001769,-0.002057,-0.000048,-0.000067,-0.000028,-0.000067
10.875,-0.001769,-0.002057,-0.000048,-0.000067,-0.000028,-0.000067
10.876,-0.001769,-0.002047,-0.000048,-0.000067,-0.000028,-0.000067
10.877,-0.001769,-0.002047,-0.000048,-0.000067,-0.000028,-0.000067
10.878,-0.001769,-0.002047,-0.000048,-0.000067,-0.000028,-0.000067
10.879,-0.001769,-0.002047,-0.000048,-0.000067,-0.000028,-0.000067
10.880,-0.001769,-0.002047,-0.000048,-0.000067,-0.000028,-0.000067
10.881,-0.001769,-0.002047,-0.000048,-0.000067,-0.000028,-0.000067
10.882,-0.001769,-0.002047,-0.000048,-0.000067,-0.000028,-0.000067
10.883,-0.001769,-0.002047,-0.000048,-0.000067,-0.000028,-0.000067
10.884,-0.001769,-0.002047,-0.000048,-0.000067,-0.000028,-0.000067
10.885,-0.001769,-0.002047,-0.000048,-0.000067,-0.000028,-0.000067
10.886,-0.001769,-0.002047,-0.000048,-0.000067,-0.000028,-0.000067
10.887,-0.001769,-0.002047,-0.000048,-0.000067,-0.000028,-0.000067
10.888,-0.001769,-0.002047,-0.000048,-0.000067,-0.000028,-0.000067
10.889,-0.001769,-0.002047,-0.000048,-0.000067,-0.000028,-0.000067
10.890,-0.001769,-0.002047,-0.000048,-0.000067,-0.000028,-0.000067
10.891,-0.001769,-0.002047,-0.000048,-0.000067,-0.000028,-0.000067
10.892,-0.001769,-0.002047,-0.000048,-0.000067,-0.000028,-0.000067
10.893,-0.001769,-0.002047,-0.000048,-0.000067,-0.000028,-0.000067
10.894,-0.001769,-0.002047,-0.000048,-0.000067,-0.000028,-0.000067
10.895,-0.001769,-0.002047,-0.000048,-0.000067,-0.000028,-0.000067
10.896,-0.001769,-0.002047,-0.000048,-0.000067,-0.000028,-0.000067
10.897,-0.001769,-0.002047,-0.000048,-0.000067,-0.000028,-0.000067
10.898,-0.001769,-0.002047,-0.000048,-0.000067,-0.000028,-0.000067
10.899,-0.001769,-0.002047,-0.000048,-0.000067,-0.000028,-0.000067
10.900,-0.001769,-0.002047,-0.000048,-0.000067,-0.000028,-0.000067
10.901,-0.001769,-0.002047,-0.000048,-0.000067,-0.000028,-0.000067
10.902,-0.001769,-0.002047,-0.000048,-0.000067,-0.000028,-0.000067
10.903,-0.001769,-0.002047,-0.000048,-0.000067,-0.000028,-0.000067
10.904,-0.001769,-0.002037,-0.000048,-0.000067,-0.000028,-0.000067
10.905,-0.001769,-0.002037,-0.000048,-0.000067,-0.000028,-0.000067
10.906,-0.001769,-0.002037,-0.000048,-0.000067,-0.000028,-0.000067
10.907,-0.001769,-0.002037,-0.000048,-0.000067,-0.000028,-0.000067
10.908,-0.001769,-0.002037,-0.000048,-0.000067,-0.000028,-0.000067
10.909,-0.001769,-0.002037,-0.000048,-0.000067,-0.000028,-0.000067
10.910,-0.001769,-0.002037,-0.000048,-0.000067,-0.000028,-0.000067
10.911,-0.001769,-0.002037,-0.000048,-0.000067,-0.000028,-0.000067
10.912,-0.001769,-0.002037,-0.000048,-0.000067,-0.000028,-0.000067
10.913,-0.001769,-0.002037,-0.000048,-0.000067,-0.000028,-0.000067
10.914,-0.001769,-0.002037,-0.000048,-0.000067,-0.000028,-0.000067
10.915,-0.001769,-0.002037,-0.000048,-0.000067,-0.000028,-0.000067
10.916,-0.001769,-0.002037,-0.000048,-0.000067,-0.000028,-0.000067
10.917,-0.001769,-0.002037,-0.000048,-0.000067,-0.000028,-0.000067
10.918,-0.001769,-0.002037,-0.000048,-0.000067,-0.000028,-0.000067
10.919,-0.001769,-0.002037,-0.000048,-0.000067,-0.000028,-0.000067
10.920,-0.001769,-0.002037,-0.000048,-0.000067,-0.000028,-0.000067
10.921,-0.001769,-0.002037,-0.000048,-0.000067,-0.000028,-0.000067
10.922,-0.001769,-0.002037,-0.000048,-0.000067,-0.000028,-0.000067
10.923,-0.001769,-0.002037,-0.000048,-0.000067,-0.000028,-0.000067
10.924,-0.001769,-0.002037,-0.000048,-0.000067,-0.000028,-0.000067
10.925,-0.001769,-0.002037,-0.000048,-0.000067,-0.000028,-0.000067
10.926,-0.001769,-0.002028,-0.000048,-0.000067,-0.000028,-0.000067
10.927,-0.001769,-0.002028,-0.000048,-0.000067,-0.000028,-0.000067
10.928,-0.001769,-0.002028,-0.000048,-0.000067,-0.000028,-0.000067
10.929,-0.001760,-0.002028,-0.000048,-0.000067,-0.000028,-0.000067
10.930,-0.001760,-0.002028,-0.000048,-0.000067,-0.000028,-0.000067
10.931,-0.001760,-0.002028,-0.000048,-0.000067,-0.000028,-0.000067
10.932,-0.001760,-0.002028,-0.000048,-0.000067,-0.000028,-0.000067
10.933,-0.001760,-0.002028,-0.000048,-0.000067,-0.000028,-0.000067
10.934,-0.001760,-0.002028,-0.000048,-0.000067,-0.000028,-0.000067
10.935,-0.001760,-0.002028,-0.000048,-0.000067,-0.000028,-0.000067
10.936,-0.001760,-0.002028,-0.000048,-0.000067,-0.000028,-0.000067
10.937,-0.001760,-0.002028,-0.000048,-0.000067,-0.000028,-0.000067
10.938,-0.001760,-0.002028,-0.000048,-0.000067,-0.000028,-0.000067
10.939,-0.001760,-0.002028,-0.000048,-0.000067,-0.000028,-0.000067
10.940,-0.001760,-0.002028,-0.000048,-0.000067,-0.000028,-0.000067
10.941,-0.001760,-0.002028,-0.000048,-0.000067,-0.000028,-0.000067
10.942,-0.001760,-0.002028,-0.000048,-0.000067,-0.000028,-0.000067
10.943,-0.001760,-0.002028,-0.000048,-0.000067,-0.000028,-0.000067
10.944,-0.001760,-0.002028,-0.000048,-0.000067,-0.000028,-0.000067
10.945,-0.001760,-0.002028,-0.000048,-0.000067,-0.000028,-0.000067
10.946,-0.001760,-0.002028,-0.000048,-0.000067,-0.000028,-0.000067
10.947,-0.001760,-0.002028,-0.000048,-0.000067,-0.000028,-0.000067
10.948,-0.001760,-0.002028,-0.000048,-0.000067,-0.000028,-0.000067
10.949,-0.001760,-0.002018,-0.000048,-0.000067,-0.000028,-0.000067
10.950,-0.001760,-0.002018,-0.000048,-0.000067,-0.000028,-0.000067
10.951,-0.001760,-0.002018,-0.000048,-0.000067,-0.000028,-0.000067
10.952,-0.001760,-0.002018,-0.000048,-0.000067,-0.000028,-0.000067
10.953,-0.001760,-0.002018,-0.000048,-0.000067,-0.000028,-0.000067
10.954,-0.001760,-0.002018,-0.000048,-0.000067,-0.000028,-0.000067
10.955,-0.001760,-0.002018,-0.000048,-0.000067,-0.000028,-0.000067
10.956,-0.001760,-0.002018,-0.000048,-0.000067,-0.000028,-0.000067
10.957,-0.001760,-0.002018,-0.000048,-0.000067,-0.000028,-0.000067
10.958,-0.001760,-0.002018,-0.000048,-0.000067,-0.000028,-0.000067
10.959,-0.001760,-0.002018,-0.000048,-0.000067,-0.000028,-0.000067
10.960,-0.001760,-0.002018,-0.000048,-0.000067,-0.000028,-0.000067
10.961,-0.001760,-0.002018,-0.000048,-0.000067,-0.000028,-0.000067
10.962,-0.001760,-0.002018,-0.000048,-0.000067,-0.000028,-0.000067
10.963,-0.001760,-0.002018,-0.000048,-0.000067,-0.000028,-0.000067
10.964,-0.001760,-0.002018,-0.000048,-0.000067,-0.000028,-0.000067
10.965,-0.001760,-0.002018,-0.000048,-0.000067,-0.000028,-0.000067
10.966,-0.001760,-0.002018,-0.000048,-0.000067,-0.000028,-0.000067
10.967,-0.001760,-0.002018,-0.000048,-0.000067,-0.000028,-0.000067
10.968,-0.001760,-0.002018,-0.000048,-0.000067,-0.000028,-0.000067
10.969,-0.001760,-0.002018,-0.000048,-0.000067,-0.000028,-0.000067
10.970,-0.001760,-0.002018,-0.000048,-0.000067,-0.000028,-0.000067
10.971,-0.001760,-0.002009,-0.000048,-0.000067,-0.000028,-0.000067
10.972,-0.001760,-0.002009,-0.000048,-0.000067,-0.000028,-0.000067
10.973,-0.001760,-0.002009,-0.000048,-0.000067,-0.000028,-0.000067
10.974,-0.001750,-0.002009,-0.000048,-0.000067,-0.000028,-0.000067
10.975,-0.001750,-0.002009,-0.000048,-0.000067,-0.000028,-0.000067
10.976,-0.001750,-0.002009,-0.000048,-0.000067,-0.000028,-0.000067
10.977,-0.001750,-0.002009,-0.000048,-0.000067,-0.000028,-0.000067
10.978,-0.001750,-0.002009,-0.000048,-0.000067,-0.000028,-0.000067
10.979,-0.001750,-0.002009,-0.000048,-0.000067,-0.000028,-0.000067
10.980,-0.001750,-0.002009,-0.000048,-0.000067,-0.000028,-0.000067
10.981,-0.001750,-0.002009,-0.000048,-0.000067,-0.000028,-0.000067
10.982,-0.001750,-0.002009,-0.000048,-0.000067,-0.000028,-0.000067
10.983,-0.001750,-0.002009,-0.000048,-0.000067,-0.000028,-0.000067
10.984,-0.001750,-0.002009,-0.000048,-0.000067,-0.000028,-0.000067
10.985,-0.001750,-0.001999,-0.000048,-0.000067,-0.000028,-0.000067
10.986,-0.001750,-0.001999,-0.000048,-0.000067,-0.000028,-0.000067
10.987,-0.001750,-0.001999,-0.000048,-0.000067,-0.000028,-0.000067
10.988,-0.001750,-0.001999,-0.000048,-0.000067,-0.000028,-0.000067
10.989,-0.001750,-0.001999,-0.000048,-0.000067,-0.000028,-0.000067
10.990,-0.001750,-0.001999,-0.000048,-0.000067,-0.000028,-0.000067
10.991,-0.001750,-0.001999,-0.000048,-0.000067,-0.000028,-0.000067
10.992,-0.001750,-0.001999,-0.000048,-0.000067,-0.000028,-0.000067
10.993,-0.001750,-0.001999,-0.000048,-0.000067,-0.000028,-0.000067
10.994,-0.001750,-0.001999,-0.000048,-0.000067,-0.000028,-0.000067
10.995,-0.001750,-0.001999,-0.000048,-0.000067,-0.000028,-0.000067
10.996,-0.001750,-0.001999,-0.000048,-0.000067,-0.000028,-0.000067
10.997,-0.001750,-0.001999,-0.000048,-0.000067,-0.000028,-0.000067
10.998,-0.001750,-0.001989,-0.000048,-0.000067,-0.000028,-0.000067
10.999,-0.001750,-0.001989,-0.000048,-0.000067,-0.000028,-0.000067
11.000,-0.001750,-0.001989,-0.000048,-0.000067,-0.000028,-0.000067
11.001,-0.001750,-0.001989,-0.000048,-0.000067,-0.000028,-0.000067
11.002,-0.001750,-0.001989,-0.000048,-0.000067,-0.000028,-0.000067
11.003,-0.001750,-0.001989,-0.000048,-0.000067,-0.000028,-0.000067
11.004,-0.001750,-0.001989,-0.000048,-0.000067,-0.000028,-0.000067
11.005,-0.001750,-0.001989,-0.000048,-0.000067,-0.000028,-0.000067
11.006,-0.001750,-0.001989,-0.000048,-0.000067,-0.000028,-0.000067
11.007,-0.001750,-0.001989,-0.000048,-0.000067,-0.000028,-0.000067
11.008,-0.001750,-0.001989,-0.000048,-0.000067,-0.000028,-0.000067
11.009,-0.001750,-0.001989,-0.000048,-0.000067,-0.000028,-0.000067
11.010,-0.001750,-0.001989,-0.000048,-0.000067,-0.000028,-0.000067
11.011,-0.001750,-0.001980,-0.000048,-0.000067,-0.000028,-0.000067
11.012,-0.001740,-0.001980,-0.000048,-0.000067,-0.000028,-0.000067
11.013,-0.001740,-0.001980,-0.000048,-0.000067,-0.000028,-0.000067
11.014,-0.001740,-0.001980,-0.000048,-0.000067,-0.000028,-0.000067
11.015,-0.001740,-0.001980,-0.000048,-0.000067,-0.000028,-0.000067
11.016,-0.001740,-0.001980,-0.000048,-0.000067,-0.000028,-0.000067
11.017,-0.001740,-0.001980,-0.000048,-0.000067,-0.000028,-0.000067
11.018,-0.001740,-0.001980,-0.000048,-0.000067,-0.000028,-0.000067
11.019,-0.001740,-0.001980,-0.000048,-0.000067,-0.000028,-0.000067
11.020,-0.001740,-0.001980,-0.000048,-0.000067,-0.000028,-0.000067
11.021,-0.001740,-0.001980,-0.000048,-0.000067,-0.000028,-0.000067
11.022,-0.001740,-0.001970,-0.000048,-0.000067,-0.000028,-0.000067
11.023,-0.001740,-0.001970,-0.000048,-0.000067,-0.000028,-0.000067
11.024,-0.001740,-0.001970,-0.000048,-0.000067,-0.000028,-0.000067
11.025,-0.001740,-0.001970,-0.000048,-0.000067,-0.000028,-0.000067
11.026,-0.001740,-0.001970,-0.000048,-0.000067,-0.000028,-0.000067
11.027,-0.001740,-0.001970,-0.000048,-0.000067,-0.000028,-0.000067
11.028,-0.001740,-0.001970,-0.000048,-0.000067,-0.000028,-0.000067
11.029,-0.001740,-0.001970,-0.000048,-0.000067,-0.000028,-0.000067
11.030,-0.001740,-0.001970,-0.000048,-0.000067,-0.000028,-0.000067
11.031,-0.001740,-0.001970,-0.000048,-0.000067,-0.000028,-0.000067
11.032,-0.001740,-0.001970,-0.000048,-0.000067,-0.000028,-0.000067
11.033,-0.001740,-0.001970,-0.000048,-0.000067,-0.000028,-0.000067
11.034,-0.001740,-0.001970,-0.000048,-0.000067,-0.000028,-0.000067
11.035,-0.001740,-0.001961,-0.000048,-0.000067,-0.000028,-0.000067
11.036,-0.001740,-0.001961,-0.000048,-0.000067,-0.000028,-0.000067
11.037,-0.001740,-0.001961,-0.000048,-0.000067,-0.000028,-0.000067
11.038,-0.001731,-0.001961,-0.000048,-0.000067,-0.000028,-0.000067
11.039,-0.001731,-0.001961,-0.000048,-0.000067,-0.000028,-0.000067
11.040,-0.001731,-0.001961,-0.000048,-0.000067,-0.000028,-0.000067
11.041,-0.001731,-0.001961,-0.000048,-0.000067,-0.000028,-0.000067
11.042,-0.001731,-0.001961,-0.000048,-0.000067,-0.000028,-0.000067
11.043,-0.001731,-0.001961,-0.000048,-0.000067,-0.000028,-0.000067
11.044,-0.001731,-0.001961,-0.000048,-0.000067,-0.000028,-0.000067
11.045,-0.001731,-0.001961,-0.000048,-0.000067,-0.000028,-0.000067
11.046,-0.001731,-0.001951,-0.000048,-0.000067,-0.000028,-0.000067
11.047,-0.001731,-0.001951,-0.000048,-0.000067,-0.000028,-0.000067
11.048,-0.001731,-0.001951,-0.000048,-0.000067,-0.000028,-0.000067
11.049,-0.001731,-0.001951,-0.000048,-0.000067,-0.000028,-0.000067
11.050,-0.001731,-0.001951,-0.000048,-0.000067,-0.000028,-0.000067
11.051,-0.001731,-0.001951,-0.000048,-0.000067,-0.000028,-0.000067
11.052,-0.001731,-0.001951,-0.000048,-0.000067,-0.000028,-0.000067
11.053,-0.001731,-0.001951,-0.000048,-0.000067,-0.000028,-0.000067
11.054,-0.001731,-0.001951,-0.000048,-0.000067,-0.000028,-0.000067
11.055,-0.001731,-0.001951,-0.000048,-0.000067,-0.000028,-0.000067
11.056,-0.001731,-0.001951,-0.000048,-0.000067,-0.000028,-0.000067
11.057,-0.001731,-0.001942,-0.000048,-0.000067,-0.000028,-0.000067
11.058,-0.001731,-0.001942,-0.000048,-0.000067,-0.000028,-0.000067
11.059,-0.001721,-0.001942,-0.000048,-0.000067,-0.000028,-0.000067
11.060,-0.001721,-0.001942,-0.000048,-0.000067,-0.000028,-0.000067
11.061,-0.001721,-0.001942,-0.000048,-0.000067,-0.000028,-0.000067
11.062,-0.001721,-0.001942,-0.000048,-0.000067,-0.000028,-0.000067
11.063,-0.001721,-0.001942,-0.000048,-0.000067,-0.000028,-0.000067
11.064,-0.001721,-0.001942,-0.000048,-0.000067,-0.000028,-0.000067
11.065,-0.001721,-0.001942,-0.000048,-0.000067,-0.000028,-0.000067
11.066,-0.001721,-0.001942,-0.000048,-0.000067,-0.000028,-0.000067
11.067,-0.001721,-0.001942,-0.000048,-0.000067,-0.000028,-0.000067
11.068,-0.001721,-0.001932,-0.000048,-0.000067,-0.000028,-0.000067
11.069,-0.001721,-0.001932,-0.000048,-0.000067,-0.000028,-0.000067
11.070,-0.001721,-0.001932,-0.000048,-0.000067,-0.000028,-0.000067
11.071,-0.001721,-0.001932,-0.000048,-0.000067,-0.000028,-0.000067
11.072,-0.001721,-0.001932,-0.000048,-0.000067,-0.000028,-0.000067
11.073,-0.001721,-0.001932,-0.000048,-0.000067,-0.000028,-0.000067
11.074,-0.001721,-0.001932,-0.000048,-0.000067,-0.000028,-0.000067
11.075,-0.001721,-0.001932,-0.000048,-0.000067,-0.000028,-0.000067
11.076,-0.001721,-0.001932,-0.000048,-0.000067,-0.000028,-0.000067
11.077,-0.001721,-0.001922,-0.000048,-0.000067,-0.000028,-0.000067
11.078,-0.001721,-0.001922,-0.000048,-0.000067,-0.000028,-0.000067
11.079,-0.001712,-0.001922,-0.000048,-0.000067,-0.000028,-0.000067
11.080,-0.001712,-0.001922,-0.000048,-0.000067,-0.000028,-0.000067
11.081,-0.001712,-0.001922,-0.000048,-0.000067,-0.000028,-0.000067
11.082,-0.001712,-0.001922,-0.000048,-0.000067,-0.000028,-0.000067
11.083,-0.001712,-0.001922,-0.000048,-0.000067,-0.000028,-0.000067
11.084,-0.001712,-0.001922,-0.000048,-0.000067,-0.000028,-0.000067
11.085,-0.001712,-0.001922,-0.000048,-0.000067,-0.000028,-0.000067
11.086,-0.001712,-0.001913,-0.000048,-0.000067,-0.000028,-0.000067
11.087,-0.001712,-0.001913,-0.000048,-0.000067,-0.000028,-0.000067
11.088,-0.001712,-0.001913,-0.000048,-0.000067,-0.000028,-0.000067
11.089,-0.001712,-0.001913,-0.000048,-0.000067,-0.000028,-0.000067
11.090,-0.001712,-0.001913,-0.000048,-0.000067,-0.000028,-0.000067
11.091,-0.001712,-0.001913,-0.000048,-0.000067,-0.000028,-0.000067
11.092,-0.001712,-0.001913,-0.000048,-0.000067,-0.000028,-0.000067
11.093,-0.001712,-0.001913,-0.000048,-0.000067,-0.000028,-0.000067
11.094,-0.001712,-0.001913,-0.000048,-0.000067,-0.000028,-0.000067
11.095,-0.001712,-0.001913,-0.000048,-0.000067,-0.000028,-0.000067
11.096,-0.001712,-0.001903,-0.000048,-0.000067,-0.000028,-0.000067
11.097,-0.001712,-0.001903,-0.000048,-0.000067,-0.000028,-0.000067
11.098,-0.001712,-0.001903,-0.000048,-0.000067,-0.000028,-0.000067
11.099,-0.001712,-0.001903,-0.000048,-0.000067,-0.000028,-0.000067
11.100,-0.001712,-0.001903,-0.000048,-0.000067,-0.000028,-0.000067
11.101,-0.001702,-0.001903,-0.000048,-0.000067,-0.000028,-0.000067
11.102,-0.001702,-0.001903,-0.000048,-0.000067,-0.000028,-0.000067
11.103,-0.001702,-0.001903,-0.000048,-0.000067,-0.000028,-0.000067
11.104,-0.001702,-0.001903,-0.000048,-0.000067,-0.000028,-0.000067
11.105,-0.001702,-0.001894,-0.000048,-0.000067,-0.000028,-0.000067
11.106,-0.001702,-0.001894,-0.000048,-0.000067,-0.000028,-0.000067
11.107,-0.001702,-0.001894,-0.000048,-0.000067,-0.000028,-0.000067
11.108,-0.001702,-0.001894,-0.000048,-0.000067,-0.000028,-0.000067
11.109,-0.001702,-0.001894,-0.000048,-0.000067,-0.000028,-0.000067
11.110,-0.001702,-0.001894,-0.000048,-0.000067,-0.000028,-0.000067
11.111,-0.001702,-0.001894,-0.000048,-0.000067,-0.000028,-0.000067
11.112,-0.001702,-0.001894,-0.000048,-0.000067,-0.000028,-0.000067
11.113,-0.001702,-0.001894,-0.000048,-0.000067,-0.000028,-0.000067
11.114,-0.001702,-0.001884,-0.000048,-0.000067,-0.000028,-0.000067
11.115,-0.001702,-0.001884,-0.000048,-0.000067,-0.000028,-0.000067
11.116,-0.001702,-0.001884,-0.000048,-0.000067,-0.000028,-0.000067
11.117,-0.001702,-0.001884,-0.000048,-0.000067,-0.000028,-0.000067
11.118,-0.001692,-0.001884,-0.000048,-0.000067,-0.000028,-0.000067
11.119,-0.001692,-0.001884,-0.000048,-0.000067,-0.000028,-0.000067
11.120,-0.001692,-0.001884,-0.000048,-0.000067,-0.000028,-0.000067
11.121,-0.001692,-0.001884,-0.000048,-0.000067,-0.000028,-0.000067
11.122,-0.001692,-0.001874,-0.000048,-0.000067,-0.000028,-0.000067
11.123,-0.001692,-0.001874,-0.000048,-0.000067,-0.000028,-0.000067
11.124,-0.001692,-0.001874,-0.000048,-0.000067,-0.000028,-0.000067
11.125,-0.001692,-0.001874,-0.000048,-0.000067,-0.000028,-0.000067
11.126,-0.001692,-0.001874,-0.000048,-0.000067,-0.000028,-0.000067
11.127,-0.001692,-0.001874,-0.000048,-0.000067,-0.000028,-0.000067
11.128,-0.001692,-0.001874,-0.000048,-0.000067,-0.000028,-0.000067
11.129,-0.001692,-0.001865,-0.000048,-0.000067,-0.000028,-0.000067
11.130,-0.001692,-0.001865,-0.000048,-0.000067,-0.000028,-0.000067
11.131,-0.001692,-0.001865,-0.000048,-0.000067,-0.000028,-0.000067
11.132,-0.001683,-0.001865,-0.000048,-0.000067,-0.000028,-0.000067
11.133,-0.001683,-0.001865,-0.000048,-0.000067,-0.000028,-0.000067
11.134,-0.001683,-0.001865,-0.000048,-0.000067,-0.000028,-0.000067
11.135,-0.001683,-0.001865,-0.000048,-0.000067,-0.000028,-0.000067
11.136,-0.001683,-0.001855,-0.000048,-0.000067,-0.000028,-0.000067
11.137,-0.001683,-0.001855,-0.000048,-0.000067,-0.000028,-0.000067
11.138,-0.001683,-0.001855,-0.000048,-0.000067,-0.000028,-0.000067
11.139,-0.001683,-0.001855,-0.000048,-0.000067,-0.000028,-0.000067
11.140,-0.001683,-0.001855,-0.000048,-0.000067,-0.000028,-0.000067
11.141,-0.001683,-0.001855,-0.000048,-0.000067,-0.000028,-0.000067
11.142,-0.001683,-0.001855,-0.000048,-0.000067,-0.000028,-0.000067
11.143,-0.001683,-0.001846,-0.000048,-0.000067,-0.000028,-0.000067
11.144,-0.001683,-0.001846,-0.000048,-0.000067,-0.000028,-0.000067
11.145,-0.001683,-0.001846,-0.000048,-0.000067,-0.000028,-0.000067
11.146,-0.001683,-0.001846,-0.000048,-0.000067,-0.000028,-0.000067
11.147,-0.001673,-0.001846,-0.000048,-0.000067,-0.000028,-0.000067
11.148,-0.001673,-0.001846,-0.000048,-0.000067,-0.000028,-0.000067
11.149,-0.001673,-0.001846,-0.000048,-0.000067,-0.000028,-0.000067
11.150,-0.001673,-0.001836,-0.000048,-0.000067,-0.000028,-0.000067
11.151,-0.001673,-0.001836,-0.000048,-0.000067,-0.000028,-0.000067
11.152,-0.001673,-0.001836,-0.000048,-0.000067,-0.000028,-0.000067
11.153,-0.001673,-0.001836,-0.000048,-0.000067,-0.000028,-0.000067
11.154,-0.001673,-0.001836,-0.000048,-0.000067,-0.000028,-0.000067
11.155,-0.001673,-0.001827,-0.000048,-0.000067,-0.000028,-0.000067
11.156,-0.001673,-0.001827,-0.000048,-0.000067,-0.000028,-0.000067
11.157,-0.001673,-0.001827,-0.000048,-0.000067,-0.000028,-0.000067
11.158,-0.001673,-0.001827,-0.000048,-0.000067,-0.000028,-0.000067
11.159,-0.001673,-0.001827,-0.000048,-0.000067,-0.000028,-0.000067
11.160,-0.001673,-0.001817,-0.000048,-0.000067,-0.000028,-0.000067
11.161,-0.001673,-0.001817,-0.000048,-0.000067,-0.000028,-0.000067
11.162,-0.001673,-0.001817,-0.000048,-0.000067,-0.000028,-0.000067
11.163,-0.001673,-0.001817,-0.000048,-0.000067,-0.000028,-0.000067
11.164,-0.001664,-0.001817,-0.000048,-0.000067,-0.000028,-0.000067
11.165,-0.001664,-0.001807,-0.000048,-0.000067,-0.000028,-0.000067
11.166,-0.001664,-0.001807,-0.000048,-0.000067,-0.000028,-0.000067
11.167,-0.001664,-0.001807,-0.000048,-0.000067,-0.000028,-0.000067
11.168,-0.001664,-0.001807,-0.000048,-0.000067,-0.000028,-0.000067
11.169,-0.001664,-0.001807,-0.000048,-0.000067,-0.000028,-0.000067
11.170,-0.001664,-0.001798,-0.000048,-0.000067,-0.000028,-0.000067
11.171,-0.001664,-0.001798,-0.000048,-0.000067,-0.000028,-0.000067
11.172,-0.001664,-0.001798,-0.000048,-0.000067,-0.000028,-0.000067
11.173,-0.001664,-0.001798,-0.000048,-0.000067,-0.000028,-0.000067
11.174,-0.001664,-0.001788,-0.000048,-0.000067,-0.000028,-0.000067
11.175,-0.001664,-0.001788,-0.000048,-0.000067,-0.000028,-0.000067
11.176,-0.001664,-0.001788,-0.000048,-0.000067,-0.000028,-0.000067
11.177,-0.001664,-0.001788,-0.000048,-0.000067,-0.000028,-0.000067
11.178,-0.001664,-0.001788,-0.000048,-0.000067,-0.000028,-0.000067
11.179,-0.001664,-0.001779,-0.000048,-0.000067,-0.000028,-0.000067
11.180,-0.001664,-0.001779,-0.000048,-0.000067,-0.000028,-0.000067
11.181,-0.001664,-0.001779,-0.000048,-0.000067,-0.000028,-0.000067
11.182,-0.001664,-0.001779,-0.000048,-0.000067,-0.000028,-0.000067
11.183,-0.001664,-0.001769,-0.000048,-0.000067,-0.000028,-0.000067
11.184,-0.001664,-0.001769,-0.000048,-0.000067,-0.000028,-0.000067
11.185,-0.001654,-0.001769,-0.000048,-0.000067,-0.000028,-0.000067
11.186,-0.001654,-0.001769,-0.000048,-0.000067,-0.000028,-0.000067
11.187,-0.001654,-0.001759,-0.000048,-0.000067,-0.000028,-0.000067
11.188,-0.001654,-0.001759,-0.000048,-0.000067,-0.000028,-0.000067
11.189,-0.001654,-0.001759,-0.000048,-0.000067,-0.000028,-0.000067
11.190,-0.001654,-0.001750,-0.000048,-0.000067,-0.000028,-0.000067
11.191,-0.001654,-0.001750,-0.000048,-0.000067,-0.000028,-0.000067
11.192,-0.001654,-0.001750,-0.000048,-0.000067,-0.000028,-0.000067
11.193,-0.001654,-0.001740,-0.000048,-0.000067,-0.000028,-0.000067
11.194,-0.001654,-0.001740,-0.000048,-0.000067,-0.000028,-0.000067
11.195,-0.001654,-0.001740,-0.000048,-0.000067,-0.000028,-0.000067
11.196,-0.001654,-0.001740,-0.000048,-0.000067,-0.000028,-0.000067
11.197,-0.001654,-0.001731,-0.000048,-0.000067,-0.000028,-0.000067
11.198,-0.001654,-0.001731,-0.000048,-0.000067,-0.000028,-0.000067
11.199,-0.001654,-0.001731,-0.000048,-0.000067,-0.000028,-0.000067
11.200,-0.001654,-0.001721,-0.000048,-0.000067,-0.000028,-0.000067
11.201,-0.001654,-0.001721,-0.000048,-0.000067,-0.000028,-0.000067
11.202,-0.001645,-0.001721,-0.000048,-0.000067,-0.000028,-0.000067
11.203,-0.001645,-0.001711,-0.000048,-0.000067,-0.000028,-0.000067
11.204,-0.001645,-0.001711,-0.000048,-0.000067,-0.000028,-0.000067
11.205,-0.001645,-0.001711,-0.000048,-0.000067,-0.000028,-0.000067
11.206,-0.001645,-0.001711,-0.000048,-0.000067,-0.000028,-0.000067
11.207,-0.001645,-0.001702,-0.000048,-0.000067,-0.000028,-0.000067
11.208,-0.001645,-0.001702,-0.000048,-0.000067,-0.000028,-0.000067
11.209,-0.001645,-0.001702,-0.000048,-0.000067,-0.000028,-0.000067
11.210,-0.001645,-0.001692,-0.000048,-0.000067,-0.000028,-0.000067
11.211,-0.001645,-0.001692,-0.000048,-0.000067,-0.000028,-0.000067
11.212,-0.001645,-0.001692,-0.000048,-0.000067,-0.000028,-0.000067
11.213,-0.001645,-0.001683,-0.000048,-0.000067,-0.000028,-0.000067
11.214,-0.001645,-0.001683,-0.000048,-0.000067,-0.000028,-0.000067
11.215,-0.001645,-0.001683,-0.000048,-0.000067,-0.000028,-0.000067
11.216,-0.001645,-0.001683,-0.000048,-0.000067,-0.000028,-0.000067
11.217,-0.001645,-0.001673,-0.000048,-0.000067,-0.000028,-0.000067
11.218,-0.001635,-0.001673,-0.000048,-0.000067,-0.000028,-0.000067
11.219,-0.001635,-0.001673,-0.000048,-0.000067,-0.000028,-0.000067
11.220,-0.001635,-0.001664,-0.000048,-0.000067,-0.000028,-0.000067
11.221,-0.001635,-0.001664,-0.000048,-0.000067,-0.000028,-0.000067
11.222,-0.001635,-0.001664,-0.000048,-0.000067,-0.000028,-0.000067
11.223,-0.001635,-0.001664,-0.000048,-0.000067,-0.000028,-0.000067
11.224,-0.001635,-0.001654,-0.000048,-0.000067,-0.000028,-0.000067
11.225,-0.001635,-0.001654,-0.000048,-0.000067,-0.000028,-0.000067
11.226,-0.001635,-0.001654,-0.000048,-0.000067,-0.000028,-0.000067
11.227,-0.001635,-0.001644,-0.000048,-0.000067,-0.000028,-0.000067
11.228,-0.001635,-0.001644,-0.000048,-0.000067,-0.000028,-0.000067
11.229,-0.001625,-0.001644,-0.000048,-0.000067,-0.000028,-0.000067
11.230,-0.001625,-0.001635,-0.000048,-0.000067,-0.000028,-0.000067
11.231,-0.001625,-0.001635,-0.000048,-0.000067,-0.000028,-0.000067
11.232,-0.001625,-0.001635,-0.000048,-0.000067,-0.000028,-0.000067
11.233,-0.001625,-0.001635,-0.000048,-0.000067,-0.000028,-0.000067
11.234,-0.001625,-0.001625,-0.000048,-0.000067,-0.000028,-0.000067
11.235,-0.001625,-0.001625,-0.000048,-0.000067,-0.000028,-0.000067
11.236,-0.001625,-0.001625,-0.000048,-0.000067,-0.000028,-0.000067
11.237,-0.001625,-0.001616,-0.000048,-0.000067,-0.000028,-0.000067
11.238,-0.001625,-0.001616,-0.000048,-0.000067,-0.000028,-0.000067
11.239,-0.001625,-0.001616,-0.000048,-0.000067,-0.000028,-0.000067
11.240,-0.001625,-0.001616,-0.000048,-0.000067,-0.000028,-0.000067
11.241,-0.001616,-0.001606,-0.000048,-0.000067,-0.000028,-0.000067
11.242,-0.001616,-0.001606,-0.000048,-0.000067,-0.000028,-0.000067
11.243,-0.001616,-0.001606,-0.000048,-0.000067,-0.000028,-0.000067
11.244,-0.001616,-0.001596,-0.000048,-0.000067,-0.000028,-0.000067
11.245,-0.001616,-0.001596,-0.000048,-0.000067,-0.000028,-0.000067
11.246,-0.001616,-0.001596,-0.000048,-0.000067,-0.000028,-0.000067
11.247,-0.001616,-0.001587,-0.000048,-0.000067,-0.000028,-0.000067
11.248,-0.001616,-0.001587,-0.000048,-0.000067,-0.000028,-0.000067
11.249,-0.001616,-0.001587,-0.000048,-0.000067,-0.000028,-0.000067
11.250,-0.001616,-0.001587,-0.000048,-0.000067,-0.000028,-0.000067
11.251,-0.001616,-0.001577,-0.000048,-0.000067,-0.000028,-0.000067
11.252,-0.001606,-0.001577,-0.000048,-0.000067,-0.000028,-0.000067
11.253,-0.001606,-0.001577,-0.000048,-0.000067,-0.000028,-0.000067
11.254,-0.001606,-0.001577,-0.000048,-0.000067,-0.000028,-0.000067
11.255,-0.001606,-0.001568,-0.000048,-0.000067,-0.000028,-0.000067
11.256,-0.001606,-0.001568,-0.000048,-0.000067,-0.000028,-0.000067
11.257,-0.001606,-0.001568,-0.000048,-0.000067,-0.000028,-0.000067
11.258,-0.001606,-0.001568,-0.000048,-0.000067,-0.000028,-0.000067
11.259,-0.001606,-0.001558,-0.000048,-0.000067,-0.000028,-0.000067
11.260,-0.001597,-0.001558,-0.000048,-0.000067,-0.000028,-0.000067
11.261,-0.001597,-0.001558,-0.000048,-0.000067,-0.000028,-0.000067
11.262,-0.001597,-0.001558,-0.000048,-0.000067,-0.000028,-0.000067
11.263,-0.001597,-0.001548,-0.000048,-0.000067,-0.000028,-0.000067
11.264,-0.001597,-0.001548,-0.000048,-0.000067,-0.000028,-0.000067
11.265,-0.001597,-0.001548,-0.000048,-0.000067,-0.000028,-0.000067
11.266,-0.001597,-0.001539,-0.000048,-0.000067,-0.000028,-0.000067
11.267,-0.001597,-0.001539,-0.000048,-0.000067,-0.000028,-0.000067
11.268,-0.001587,-0.001539,-0.000048,-0.000067,-0.000028,-0.000067
11.269,-0.001587,-0.001539,-0.000048,-0.000067,-0.000028,-0.000067
11.270,-0.001587,-0.001539,-0.000048,-0.000067,-0.000028,-0.000067
11.271,-0.001587,-0.001529,-0.000048,-0.000067,-0.000028,-0.000067
11.272,-0.001587,-0.001529,-0.000048,-0.000067,-0.000028,-0.000067
11.273,-0.001587,-0.001529,-0.000048,-0.000067,-0.000028,-0.000067
11.274,-0.001587,-0.001529,-0.000048,-0.000067,-0.000028,-0.000067
11.275,-0.001587,-0.001520,-0.000048,-0.000067,-0.000028,-0.000067
11.276,-0.001577,-0.001520,-0.000048,-0.000067,-0.000028,-0.000067
11.277,-0.001577,-0.001520,-0.000048,-0.000067,-0.000028,-0.000067
11.278,-0.001577,-0.001520,-0.000048,-0.000067,-0.000028,-0.000067
11.279,-0.001577,-0.001510,-0.000048,-0.000067,-0.000028,-0.000067
11.280,-0.001577,-0.001510,-0.000048,-0.000067,-0.000028,-0.000067
11.281,-0.001577,-0.001510,-0.000048,-0.000067,-0.000028,-0.000067
11.282,-0.001577,-0.001510,-0.000048,-0.000067,-0.000028,-0.000067
11.283,-0.001568,-0.001501,-0.000048,-0.000067,-0.000028,-0.000067
11.284,-0.001568,-0.001501,-0.000048,-0.000067,-0.000028,-0.000067
11.285,-0.001568,-0.001501,-0.000048,-0.000067,-0.000028,-0.000067
11.286,-0.001568,-0.001501,-0.000048,-0.000067,-0.000028,-0.000067
11.287,-0.001568,-0.001501,-0.000048,-0.000067,-0.000028,-0.000067
11.288,-0.001568,-0.001491,-0.000048,-0.000067,-0.000028,-0.000067
11.289,-0.001558,-0.001491,-0.000048,-0.000067,-0.000028,-0.000067
11.290,-0.001558,-0.001491,-0.000048,-0.000067,-0.000028,-0.000067
11.291,-0.001558,-0.001491,-0.000048,-0.000067,-0.000028,-0.000067
11.292,-0.001558,-0.001481,-0.000048,-0.000067,-0.000028,-0.000067
11.293,-0.001558,-0.001481,-0.000048,-0.000067,-0.000028,-0.000067
11.294,-0.001549,-0.001481,-0.000048,-0.000067,-0.000028,-0.000067
11.295,-0.001549,-0.001481,-0.000048,-0.000067,-0.000028,-0.000067
11.296,-0.001549,-0.001481,-0.000048,-0.000067,-0.000028,-0.000067
11.297,-0.001549,-0.001472,-0.000048,-0.000067,-0.000028,-0.000067
11.298,-0.001549,-0.001472,-0.000048,-0.000067,-0.000028,-0.000067
11.299,-0.001539,-0.001472,-0.000048,-0.000067,-0.000028,-0.000067
11.300,-0.001539,-0.001472,-0.000048,-0.000067,-0.000028,-0.000067
11.301,-0.001539,-0.001472,-0.000048,-0.000067,-0.000028,-0.000067
11.302,-0.001539,-0.001462,-0.000048,-0.000067,-0.000028,-0.000067
11.303,-0.001539,-0.001462,-0.000048,-0.000067,-0.000028,-0.000067
11.304,-0.001529,-0.001462,-0.000048,-0.000067,-0.000028,-0.000067
11.305,-0.001529,-0.001462,-0.000048,-0.000067,-0.000028,-0.000067
11.306,-0.001529,-0.001462,-0.000048,-0.000067,-0.000028,-0.000067
11.307,-0.001529,-0.001453,-0.000048,-0.000067,-0.000028,-0.000067
11.308,-0.001529,-0.001453,-0.000048,-0.000067,-0.000028,-0.000067
11.309,-0.001520,-0.001453,-0.000048,-0.000067,-0.000028,-0.000067
11.310,-0.001520,-0.001453,-0.000048,-0.000067,-0.000028,-0.000067
11.311,-0.001520,-0.001453,-0.000048,-0.000067,-0.000028,-0.000067
11.312,-0.001520,-0.001443,-0.000048,-0.000067,-0.000028,-0.000067
11.313,-0.001520,-0.001443,-0.000048,-0.000067,-0.000028,-0.000067
11.314,-0.001520,-0.001443,-0.000048,-0.000067,-0.000028,-0.000067
11.315,-0.001510,-0.001443,-0.000048,-0.000067,-0.000028,-0.000067
11.316,-0.001510,-0.001443,-0.000048,-0.000067,-0.000028,-0.000067
11.317,-0.001510,-0.001433,-0.000048,-0.000067,-0.000028,-0.000067
11.318,-0.001510,-0.001433,-0.000048,-0.000067,-0.000028,-0.000067
11.319,-0.001510,-0.001433,-0.000048,-0.000067,-0.000028,-0.000067
11.320,-0.001501,-0.001433,-0.000048,-0.000067,-0.000028,-0.000067
11.321,-0.001501,-0.001433,-0.000048,-0.000067,-0.000028,-0.000067
11.322,-0.001501,-0.001424,-0.000048,-0.000067,-0.000028,-0.000067
11.323,-0.001501,-0.001424,-0.000048,-0.000067,-0.000028,-0.000067
11.324,-0.001501,-0.001424,-0.000048,-0.000067,-0.000028,-0.000067
11.325,-0.001491,-0.001424,-0.000048,-0.000067,-0.000028,-0.000067
11.326,-0.001491,-0.001424,-0.000048,-0.000067,-0.000028,-0.000067
11.327,-0.001491,-0.001424,-0.000048,-0.000067,-0.000028,-0.000067
11.328,-0.001491,-0.001414,-0.000048,-0.000067,-0.000028,-0.000067
11.329,-0.001482,-0.001414,-0.000048,-0.000067,-0.000028,-0.000067
11.330,-0.001482,-0.001414,-0.000048,-0.000067,-0.000028,-0.000067
11.331,-0.001482,-0.001414,-0.000048,-0.000067,-0.000028,-0.000067
11.332,-0.001482,-0.001414,-0.000048,-0.000067,-0.000028,-0.000067
11.333,-0.001482,-0.001405,-0.000048,-0.000067,-0.000028,-0.000067
11.334,-0.001472,-0.001405,-0.000048,-0.000067,-0.000028,-0.000067
11.335,-0.001472,-0.001405,-0.000048,-0.000067,-0.000028,-0.000067
11.336,-0.001472,-0.001405,-0.000048,-0.000067,-0.000028,-0.000067
11.337,-0.001472,-0.001405,-0.000048,-0.000067,-0.000028,-0.000067
11.338,-0.001472,-0.001405,-0.000048,-0.000067,-0.000028,-0.000067
11.339,-0.001462,-0.001395,-0.000048,-0.000067,-0.000028,-0.000067
11.340,-0.001462,-0.001395,-0.000048,-0.000067,-0.000028,-0.000067
11.341,-0.001462,-0.001395,-0.000048,-0.000067,-0.000028,-0.000067
11.342,-0.001462,-0.001395,-0.000048,-0.000067,-0.000028,-0.000067
11.343,-0.001462,-0.001395,-0.000048,-0.000067,-0.000028,-0.000067
11.344,-0.001453,-0.001395,-0.000048,-0.000067,-0.000028,-0.000067
11.345,-0.001453,-0.001385,-0.000048,-0.000067,-0.000028,-0.000067
11.346,-0.001453,-0.001385,-0.000048,-0.000067,-0.000028,-0.000067
11.347,-0.001453,-0.001385,-0.000048,-0.000067,-0.000028,-0.000067
11.348,-0.001443,-0.001385,-0.000048,-0.000067,-0.000028,-0.000067
11.349,-0.001443,-0.001385,-0.000048,-0.000067,-0.000028,-0.000067
11.350,-0.001443,-0.001376,-0.000048,-0.000067,-0.000028,-0.000067
11.351,-0.001443,-0.001376,-0.000048,-0.000067,-0.000028,-0.000067
11.352,-0.001443,-0.001376,-0.000048,-0.000067,-0.000028,-0.000067
11.353,-0.001434,-0.001376,-0.000048,-0.000067,-0.000028,-0.000067
11.354,-0.001434,-0.001366,-0.000048,-0.000067,-0.000028,-0.000067
11.355,-0.001434,-0.001366,-0.000048,-0.000067,-0.000028,-0.000067
11.356,-0.001434,-0.001366,-0.000048,-0.000067,-0.000028,-0.000067
11.357,-0.001424,-0.001366,-0.000048,-0.000067,-0.000028,-0.000067
11.358,-0.001424,-0.001366,-0.000048,-0.000067,-0.000028,-0.000067
11.359,-0.001424,-0.001357,-0.000048,-0.000067,-0.000028,-0.000067
11.360,-0.001424,-0.001357,-0.000048,-0.000067,-0.000028,-0.000067
11.361,-0.001424,-0.001357,-0.000048,-0.000067,-0.000028,-0.000067
11.362,-0.001414,-0.001357,-0.000048,-0.000067,-0.000028,-0.000067
11.363,-0.001414,-0.001347,-0.000048,-0.000067,-0.000028,-0.000067
11.364,-0.001414,-0.001347,-0.000048,-0.000067,-0.000028,-0.000067
11.365,-0.001414,-0.001347,-0.000048,-0.000067,-0.000028,-0.000067
11.366,-0.001405,-0.001347,-0.000048,-0.000067,-0.000028,-0.000067
11.367,-0.001405,-0.001338,-0.000048,-0.000067,-0.000028,-0.000067
11.368,-0.001405,-0.001338,-0.000048,-0.000067,-0.000028,-0.000067
11.369,-0.001405,-0.001338,-0.000048,-0.000067,-0.000028,-0.000067
11.370,-0.001405,-0.001338,-0.000048,-0.000067,-0.000028,-0.000067
11.371,-0.001395,-0.001328,-0.000048,-0.000067,-0.000028,-0.000067
11.372,-0.001395,-0.001328,-0.000048,-0.000067,-0.000028,-0.000067
11.373,-0.001395,-0.001328,-0.000048,-0.000067,-0.000028,-0.000067
11.374,-0.001395,-0.001328,-0.000048,-0.000067,-0.000028,-0.000067
11.375,-0.001395,-0.001318,-0.000048,-0.000067,-0.000028,-0.000067
11.376,-0.001386,-0.001318,-0.000048,-0.000067,-0.000028,-0.000067
11.377,-0.001386,-0.001318,-0.000048,-0.000067,-0.000028,-0.000067
11.378,-0.001386,-0.001318,-0.000048,-0.000067,-0.000028,-0.000067
11.379,-0.001386,-0.001309,-0.000048,-0.000067,-0.000028,-0.000067
11.380,-0.001376,-0.001309,-0.000048,-0.000067,-0.000028,-0.000067
11.381,-0.001376,-0.001309,-0.000048,-0.000067,-0.000028,-0.000067
11.382,-0.001376,-0.001299,-0.000048,-0.000067,-0.000028,-0.000067
11.383,-0.001376,-0.001299,-0.000048,-0.000067,-0.000028,-0.000067
11.384,-0.001376,-0.001299,-0.000048,-0.000067,-0.000028,-0.000067
11.385,-0.001366,-0.001299,-0.000048,-0.000067,-0.000028,-0.000067
11.386,-0.001366,-0.001290,-0.000048,-0.000067,-0.000028,-0.000067
11.387,-0.001366,-0.001290,-0.000048,-0.000067,-0.000028,-0.000067
11.388,-0.001366,-0.001290,-0.000048,-0.000067,-0.000028,-0.000067
11.389,-0.001366,-0.001280,-0.000048,-0.000067,-0.000028,-0.000067
11.390,-0.001357,-0.001280,-0.000048,-0.000067,-0.000028,-0.000067
11.391,-0.001357,-0.001280,-0.000048,-0.000067,-0.000028,-0.000067
11.392,-0.001357,-0.001270,-0.000048,-0.000067,-0.000028,-0.000067
11.393,-0.001357,-0.001270,-0.000048,-0.000067,-0.000028,-0.000067
11.394,-0.001347,-0.001270,-0.000048,-0.000067,-0.000028,-0.000067
11.395,-0.001347,-0.001261,-0.000048,-0.000067,-0.000028,-0.000067
11.396,-0.001347,-0.001261,-0.000048,-0.000067,-0.000028,-0.000067
11.397,-0.001347,-0.001251,-0.000048,-0.000067,-0.000028,-0.000067
11.398,-0.001347,-0.001251,-0.000048,-0.000067,-0.000028,-0.000067
11.399,-0.001338,-0.001251,-0.000048,-0.000067,-0.000028,-0.000067
11.400,-0.001338,-0.001242,-0.000048,-0.000067,-0.000028,-0.000067
11.401,-0.001338,-0.001242,-0.000048,-0.000067,-0.000028,-0.000067
11.402,-0.001338,-0.001232,-0.000048,-0.000067,-0.000028,-0.000067
11.403,-0.001338,-0.001232,-0.000048,-0.000067,-0.000028,-0.000067
11.404,-0.001328,-0.001232,-0.000048,-0.000067,-0.000028,-0.000067
11.405,-0.001328,-0.001223,-0.000048,-0.000067,-0.000028,-0.000067
11.406,-0.001328,-0.001223,-0.000048,-0.000067,-0.000028,-0.000067
11.407,-0.001328,-0.001213,-0.000048,-0.000067,-0.000028,-0.000067
11.408,-0.001319,-0.001213,-0.000048,-0.000067,-0.000028,-0.000067
11.409,-0.001319,-0.001213,-0.000048,-0.000067,-0.000028,-0.000067
11.410,-0.001319,-0.001203,-0.000048,-0.000067,-0.000028,-0.000067
11.411,-0.001319,-0.001203,-0.000048,-0.000067,-0.000028,-0.000067
11.412,-0.001309,-0.001194,-0.000048,-0.000067,-0.000028,-0.000067
11.413,-0.001309,-0.001194,-0.000048,-0.000067,-0.000028,-0.000067
11.414,-0.001309,-0.001184,-0.000048,-0.000067,-0.000028,-0.000067
11.415,-0.001309,-0.001184,-0.000048,-0.000067,-0.000028,-0.000067
11.416,-0.001299,-0.001175,-0.000048,-0.000067,-0.000028,-0.000067
11.417,-0.001299,-0.001175,-0.000048,-0.000067,-0.000028,-0.000067
11.418,-0.001299,-0.001165,-0.000048,-0.000067,-0.000028,-0.000067
11.419,-0.001299,-0.001165,-0.000048,-0.000067,-0.000028,-0.000067
11.420,-0.001299,-0.001155,-0.000048,-0.000067,-0.000028,-0.000067
11.421,-0.001290,-0.001146,-0.000048,-0.000067,-0.000028,-0.000067
11.422,-0.001290,-0.001146,-0.000048,-0.000067,-0.000028,-0.000067
11.423,-0.001290,-0.001136,-0.000048,-0.000067,-0.000028,-0.000067
11.424,-0.001290,-0.001136,-0.000048,-0.000067,-0.000028,-0.000067
11.425,-0.001280,-0.001127,-0.000048,-0.000067,-0.000028,-0.000067
11.426,-0.001280,-0.001117,-0.000048,-0.000067,-0.000028,-0.000067
11.427,-0.001280,-0.001117,-0.000048,-0.000067,-0.000028,-0.000067
11.428,-0.001280,-0.001107,-0.000048,-0.000067,-0.000028,-0.000067
11.429,-0.001271,-0.001107,-0.000048,-0.000067,-0.000028,-0.000067
11.430,-0.001271,-0.001098,-0.000048,-0.000067,-0.000028,-0.000067
11.431,-0.001271,-0.001088,-0.000048,-0.000067,-0.000028,-0.000067
11.432,-0.001271,-0.001088,-0.000048,-0.000067,-0.000028,-0.000067
11.433,-0.001261,-0.001079,-0.000048,-0.000067,-0.000028,-0.000067
11.434,-0.001261,-0.001069,-0.000048,-0.000067,-0.000028,-0.000067
11.435,-0.001261,-0.001069,-0.000048,-0.000067,-0.000028,-0.000067
11.436,-0.001261,-0.001060,-0.000048,-0.000067,-0.000028,-0.000067
11.437,-0.001251,-0.001050,-0.000048,-0.000067,-0.000028,-0.000067
11.438,-0.001251,-0.001050,-0.000048,-0.000067,-0.000028,-0.000067
11.439,-0.001251,-0.001040,-0.000048,-0.000067,-0.000028,-0.000067
11.440,-0.001242,-0.001031,-0.000048,-0.000067,-0.000028,-0.000067
11.441,-0.001242,-0.001021,-0.000048,-0.000067,-0.000028,-0.000067
11.442,-0.001242,-0.001021,-0.000048,-0.000067,-0.000028,-0.000067
11.443,-0.001242,-0.001012,-0.000048,-0.000067,-0.000028,-0.000067
11.444,-0.001232,-0.001002,-0.000048,-0.000067,-0.000028,-0.000067
11.445,-0.001232,-0.000992,-0.000048,-0.000067,-0.000028,-0.000067
11.446,-0.001232,-0.000992,-0.000048,-0.000067,-0.000028,-0.000067
11.447,-0.001223,-0.000983,-0.000048,-0.000067,-0.000028,-0.000067
11.448,-0.001223,-0.000973,-0.000048,-0.000067,-0.000028,-0.000067
11.449,-0.001223,-0.000964,-0.000048,-0.000067,-0.000028,-0.000067
11.450,-0.001223,-0.000954,-0.000048,-0.000067,-0.000028,-0.000067
11.451,-0.001213,-0.000954,-0.000048,-0.000067,-0.000028,-0.000067
11.452,-0.001213,-0.000944,-0.000048,-0.000067,-0.000028,-0.000067
11.453,-0.001213,-0.000935,-0.000048,-0.000067,-0.000028,-0.000067
11.454,-0.001203,-0.000925,-0.000048,-0.000067,-0.000028,-0.000067
11.455,-0.001203,-0.000916,-0.000048,-0.000067,-0.000028,-0.000067
11.456,-0.001203,-0.000906,-0.000048,-0.000067,-0.000028,-0.000067
11.457,-0.001194,-0.000897,-0.000048,-0.000067,-0.000028,-0.000067
11.458,-0.001194,-0.000887,-0.000048,-0.000067,-0.000028,-0.000067
11.459,-0.001194,-0.000877,-0.000048,-0.000067,-0.000028,-0.000067
11.460,-0.001184,-0.000877,-0.000048,-0.000067,-0.000028,-0.000067
11.461,-0.001184,-0.000868,-0.000048,-0.000067,-0.000028,-0.000067
11.462,-0.001175,-0.000858,-0.000048,-0.000067,-0.000028,-0.000067
11.463,-0.001175,-0.000849,-0.000048,-0.000067,-0.000028,-0.000067
11.464,-0.001175,-0.000839,-0.000048,-0.000067,-0.000028,-0.000067
11.465,-0.001165,-0.000829,-0.000048,-0.000067,-0.000028,-0.000067
11.466,-0.001165,-0.000820,-0.000048,-0.000067,-0.000028,-0.000067
11.467,-0.001156,-0.000810,-0.000048,-0.000067,-0.000028,-0.000067
11.468,-0.001156,-0.000801,-0.000048,-0.000067,-0.000028,-0.000067
11.469,-0.001156,-0.000791,-0.000048,-0.000067,-0.000028,-0.000067
11.470,-0.001146,-0.000781,-0.000048,-0.000067,-0.000028,-0.000067
11.471,-0.001146,-0.000772,-0.000048,-0.000067,-0.000028,-0.000067
11.472,-0.001136,-0.000762,-0.000048,-0.000067,-0.000028,-0.000067
11.473,-0.001136,-0.000753,-0.000048,-0.000067,-0.000028,-0.000067
11.474,-0.001136,-0.000743,-0.000048,-0.000067,-0.000028,-0.000067
11.475,-0.001127,-0.000734,-0.000048,-0.000067,-0.000028,-0.000067
11.476,-0.001127,-0.000724,-0.000048,-0.000067,-0.000028,-0.000067
11.477,-0.001117,-0.000714,-0.000048,-0.000067,-0.000028,-0.000067
11.478,-0.001117,-0.000705,-0.000048,-0.000067,-0.000028,-0.000067
11.479,-0.001108,-0.000695,-0.000048,-0.000067,-0.000028,-0.000067
11.480,-0.001108,-0.000686,-0.000048,-0.000067,-0.000028,-0.000067
11.481,-0.001098,-0.000676,-0.000048,-0.000067,-0.000028,-0.000067
11.482,-0.001098,-0.000666,-0.000048,-0.000067,-0.000028,-0.000067
11.483,-0.001088,-0.000657,-0.000048,-0.000067,-0.000028,-0.000067
11.484,-0.001088,-0.000647,-0.000048,-0.000067,-0.000028,-0.000067
11.485,-0.001079,-0.000628,-0.000048,-0.000067,-0.000028,-0.000067
11.486,-0.001079,-0.000619,-0.000048,-0.000067,-0.000028,-0.000067
11.487,-0.001069,-0.000609,-0.000048,-0.000067,-0.000028,-0.000067
11.488,-0.001069,-0.000599,-0.000048,-0.000067,-0.000028,-0.000067
11.489,-0.001060,-0.000590,-0.000048,-0.000067,-0.000028,-0.000067
11.490,-0.001060,-0.000580,-0.000048,-0.000067,-0.000028,-0.000067
11.491,-0.001050,-0.000571,-0.000048,-0.000067,-0.000028,-0.000067
11.492,-0.001050,-0.000561,-0.000048,-0.000067,-0.000028,-0.000067
11.493,-0.001041,-0.000551,-0.000048,-0.000067,-0.000028,-0.000067
11.494,-0.001041,-0.000532,-0.000048,-0.000067,-0.000028,-0.000067
11.495,-0.001031,-0.000523,-0.000048,-0.000067,-0.000028,-0.000067
11.496,-0.001031,-0.000513,-0.000048,-0.000067,-0.000028,-0.000067
11.497,-0.001021,-0.000503,-0.000048,-0.000067,-0.000028,-0.000067
11.498,-0.001021,-0.000494,-0.000048,-0.000067,-0.000028,-0.000067
11.499,-0.001012,-0.000484,-0.000048,-0.000067,-0.000028,-0.000067
11.500,-0.001012,-0.000475,-0.000048,-0.000067,-0.000028,-0.000067
11.501,-0.001002,-0.000465,-0.000048,-0.000067,-0.000028,-0.000067
11.502,-0.000993,-0.000446,-0.000048,-0.000067,-0.000028,-0.000067
11.503,-0.000993,-0.000436,-0.000048,-0.000067,-0.000028,-0.000067
11.504,-0.000983,-0.000427,-0.000048,-0.000067,-0.000028,-0.000067
11.505,-0.000983,-0.000417,-0.000048,-0.000067,-0.000028,-0.000067
11.506,-0.000973,-0.000408,-0.000048,-0.000067,-0.000028,-0.000067
11.507,-0.000964,-0.000398,-0.000048,-0.000067,-0.000028,-0.000067
11.508,-0.000964,-0.000388,-0.000048,-0.000067,-0.000028,-0.000067
11.509,-0.000954,-0.000379,-0.000048,-0.000067,-0.000028,-0.000067
11.510,-0.000954,-0.000369,-0.000048,-0.000067,-0.000028,-0.000067
11.511,-0.000945,-0.000350,-0.000048,-0.000067,-0.000028,-0.000067
11.512,-0.000935,-0.000340,-0.000048,-0.000067,-0.000028,-0.000067
11.513,-0.000935,-0.000331,-0.000048,-0.000067,-0.000028,-0.000067
11.514,-0.000925,-0.000321,-0.000048,-0.000067,-0.000028,-0.000067
11.515,-0.000916,-0.000312,-0.000048,-0.000067,-0.000028,-0.000067
11.516,-0.000916,-0.000302,-0.000048,-0.000067,-0.000028,-0.000067
11.517,-0.000906,-0.000283,-0.000048,-0.000067,-0.000028,-0.000067
11.518,-0.000906,-0.000273,-0.000048,-0.000067,-0.000028,-0.000067
11.519,-0.000897,-0.000264,-0.000048,-0.000067,-0.000028,-0.000067
11.520,-0.000887,-0.000254,-0.000048,-0.000067,-0.000028,-0.000067
11.521,-0.000887,-0.000245,-0.000048,-0.000067,-0.000028,-0.000067
11.522,-0.000878,-0.000235,-0.000048,-0.000067,-0.000028,-0.000067
11.523,-0.000868,-0.000216,-0.000048,-0.000067,-0.000028,-0.000067
11.524,-0.000858,-0.000206,-0.000048,-0.000067,-0.000028,-0.000067
11.525,-0.000858,-0.000197,-0.000048,-0.000067,-0.000028,-0.000067
11.526,-0.000849,-0.000187,-0.000048,-0.000067,-0.000028,-0.000067
11.527,-0.000839,-0.000168,-0.000048,-0.000067,-0.000028,-0.000067
11.528,-0.000839,-0.000158,-0.000048,-0.000067,-0.000028,-0.000067
11.529,-0.000830,-0.000149,-0.000048,-0.000067,-0.000028,-0.000067
11.530,-0.000820,-0.000139,-0.000048,-0.000067,-0.000028,-0.000067
11.531,-0.000810,-0.000120,-0.000048,-0.000067,-0.000028,-0.000067
11.532,-0.000810,-0.000110,-0.000048,-0.000067,-0.000028,-0.000067
11.533,-0.000801,-0.000101,-0.000048,-0.000067,-0.000028,-0.000067
11.534,-0.000791,-0.000091,-0.000048,-0.000067,-0.000028,-0.000067
11.535,-0.000782,-0.000072,-0.000048,-0.000067,-0.000028,-0.000067
11.536,-0.000782,-0.000062,-0.000048,-0.000067,-0.000028,-0.000067
11.537,-0.000772,-0.000053,-0.000048,-0.000067,-0.000028,-0.000067
11.538,-0.000762,-0.000043,-0.000048,-0.000067,-0.000028,-0.000067
11.539,-0.000753,-0.000024,-0.000048,-0.000067,-0.000028,-0.000067
11.540,-0.000753,-0.000014,-0.000048,-0.000067,-0.000028,-0.000067
11.541,-0.000743,-0.000005,-0.000048,-0.000067,-0.000028,-0.000067
11.542,-0.000734,0.000014,-0.000048,-0.000067,-0.000028,-0.000067
11.543,-0.000724,0.000024,-0.000048,-0.000067,-0.000028,-0.000067
11.544,-0.000715,0.000033,-0.000048,-0.000067,-0.000028,-0.000067
11.545,-0.000715,0.000043,-0.000048,-0.000067,-0.000028,-0.000067
11.546,-0.000705,0.000062,-0.000048,-0.000067,-0.000028,-0.000067
11.547,-0.000695,0.000072,-0.000048,-0.000067,-0.000028,-0.000067
11.548,-0.000686,0.000081,-0.000048,-0.000067,-0.000028,-0.000067
11.549,-0.000676,0.000101,-0.000048,-0.000067,-0.000028,-0.000067
11.550,-0.000676,0.000110,-0.000048,-0.000067,-0.000028,-0.000067
11.551,-0.000667,0.000120,-0.000048,-0.000067,-0.000028,-0.000067
11.552,-0.000657,0.000139,-0.000048,-0.000067,-0.000028,-0.000067
11.553,-0.000647,0.000148,-0.000048,-0.000067,-0.000028,-0.000067
11.554,-0.000638,0.000158,-0.000048,-0.000067,-0.000028,-0.000067
11.555,-0.000628,0.000168,-0.000048,-0.000067,-0.000028,-0.000067
11.556,-0.000628,0.000187,-0.000048,-0.000067,-0.000028,-0.000067
11.557,-0.000619,0.000196,-0.000048,-0.000067,-0.000028,-0.000067
11.558,-0.000609,0.000206,-0.000048,-0.000067,-0.000028,-0.000067
11.559,-0.000599,0.000225,-0.000048,-0.000067,-0.000028,-0.000067
11.560,-0.000590,0.000235,-0.000048,-0.000067,-0.000028,-0.000067
11.561,-0.000580,0.000244,-0.000048,-0.000067,-0.000028,-0.000067
11.562,-0.000580,0.000254,-0.000048,-0.000067,-0.000028,-0.000067
11.563,-0.000571,0.000273,-0.000048,-0.000067,-0.000028,-0.000067
11.564,-0.000561,0.000283,-0.000048,-0.000067,-0.000028,-0.000067
11.565,-0.000552,0.000292,-0.000048,-0.000067,-0.000028,-0.000067
11.566,-0.000542,0.000302,-0.000048,-0.000067,-0.000028,-0.000067
11.567,-0.000532,0.000321,-0.000048,-0.000067,-0.000028,-0.000067
11.568,-0.000532,0.000331,-0.000048,-0.000067,-0.000028,-0.000067
11.569,-0.000523,0.000340,-0.000048,-0.000067,-0.000028,-0.000067
11.570,-0.000513,0.000350,-0.000048,-0.000067,-0.000028,-0.000067
11.571,-0.000504,0.000369,-0.000048,-0.000067,-0.000028,-0.000067
11.572,-0.000494,0.000379,-0.000048,-0.000067,-0.000028,-0.000067
11.573,-0.000484,0.000388,-0.000048,-0.000067,-0.000028,-0.000067
11.574,-0.000484,0.000398,-0.000048,-0.000067,-0.000028,-0.000067
11.575,-0.000475,0.000417,-0.000048,-0.000067,-0.000028,-0.000067
11.576,-0.000465,0.000427,-0.000048,-0.000067,-0.000028,-0.000067
11.577,-0.000456,0.000436,-0.000048,-0.000067,-0.000028,-0.000067
11.578,-0.000446,0.000446,-0.000048,-0.000067,-0.000028,-0.000067
11.579,-0.000436,0.000465,-0.000048,-0.000067,-0.000028,-0.000067
11.580,-0.000427,0.000474,-0.000048,-0.000067,-0.000028,-0.000067
11.581,-0.000427,0.000484,-0.000048,-0.000067,-0.000028,-0.000067
11.582,-0.000417,0.000494,-0.000048,-0.000067,-0.000028,-0.000067
11.583,-0.000408,0.000513,-0.000048,-0.000067,-0.000028,-0.000067
11.584,-0.000398,0.000522,-0.000048,-0.000067,-0.000028,-0.000067
11.585,-0.000389,0.000532,-0.000048,-0.000067,-0.000028,-0.000067
11.586,-0.000379,0.000542,-0.000048,-0.000067,-0.000028,-0.000067
11.587,-0.000379,0.000551,-0.000048,-0.000067,-0.000028,-0.000067
11.588,-0.000369,0.000570,-0.000048,-0.000067,-0.000028,-0.000067
11.589,-0.000360,0.000580,-0.000048,-0.000067,-0.000028,-0.000067
11.590,-0.000350,0.000590,-0.000048,-0.000067,-0.000028,-0.000067
11.591,-0.000341,0.000599,-0.000048,-0.000067,-0.000028,-0.000067
11.592,-0.000341,0.000609,-0.000048,-0.000067,-0.000028,-0.000067
11.593,-0.000331,0.000618,-0.000048,-0.000067,-0.000028,-0.000067
11.594,-0.000321,0.000628,-0.000058,-0.000067,-0.000028,-0.000067
11.595,-0.000312,0.000637,-0.000058,-0.000067,-0.000028,-0.000067
11.596,-0.000302,0.000647,-0.000058,-0.000067,-0.000028,-0.000067
11.597,-0.000302,0.000657,-0.000058,-0.000067,-0.000028,-0.000067
11.598,-0.000293,0.000666,-0.000058,-0.000067,-0.000028,-0.000067
11.599,-0.000283,0.000676,-0.000058,-0.000067,-0.000028,-0.000067
11.600,-0.000274,0.000685,-0.000058,-0.000067,-0.000028,-0.000067
11.601,-0.000264,0.000695,-0.000058,-0.000067,-0.000028,-0.000067
11.602,-0.000254,0.000705,-0.000058,-0.000067,-0.000028,-0.000067
11.603,-0.000254,0.000714,-0.000058,-0.000067,-0.000028,-0.000067
11.604,-0.000245,0.000724,-0.000058,-0.000067,-0.000028,-0.000067
11.605,-0.000235,0.000733,-0.000058,-0.000067,-0.000028,-0.000067
11.606,-0.000226,0.000743,-0.000058,-0.000067,-0.000028,-0.000067
11.607,-0.000216,0.000752,-0.000058,-0.000067,-0.000028,-0.000067
11.608,-0.000206,0.000762,-0.000058,-0.000067,-0.000028,-0.000067
11.609,-0.000197,0.000772,-0.000058,-0.000067,-0.000028,-0.000067
11.610,-0.000197,0.000781,-0.000058,-0.000067,-0.000028,-0.000067
11.611,-0.000187,0.000791,-0.000058,-0.000067,-0.000028,-0.000067
11.612,-0.000178,0.000800,-0.000058,-0.000067,-0.000028,-0.000067
11.613,-0.000168,0.000800,-0.000058,-0.000067,-0.000028,-0.000067
11.614,-0.000158,0.000810,-0.000058,-0.000067,-0.000028,-0.000067
11.615,-0.000149,0.000820,-0.000058,-0.000067,-0.000028,-0.000067
11.616,-0.000149,0.000829,-0.000058,-0.000067,-0.000028,-0.000067
11.617,-0.000139,0.000839,-0.000058,-0.000067,-0.000028,-0.000067
11.618,-0.000130,0.000839,-0.000058,-0.000067,-0.000028,-0.000067
11.619,-0.000120,0.000848,-0.000058,-0.000067,-0.000028,-0.000067
11.620,-0.000111,0.000858,-0.000058,-0.000067,-0.000028,-0.000067
11.621,-0.000101,0.000868,-0.000058,-0.000067,-0.000028,-0.000067
11.622,-0.000091,0.000868,-0.000058,-0.000067,-0.000028,-0.000067
11.623,-0.000082,0.000877,-0.000058,-0.000067,-0.000028,-0.000067
11.624,-0.000082,0.000887,-0.000058,-0.000067,-0.000028,-0.000067
11.625,-0.000072,0.000887,-0.000058,-0.000067,-0.000028,-0.000067
11.626,-0.000063,0.000896,-0.000058,-0.000067,-0.000028,-0.000067
11.627,-0.000053,0.000896,-0.000058,-0.000067,-0.000028,-0.000067
11.628,-0.000043,0.000906,-0.000058,-0.000067,-0.000028,-0.000067
11.629,-0.000034,0.000915,-0.000058,-0.000067,-0.000028,-0.000067
11.630,-0.000024,0.000915,-0.000058,-0.000067,-0.000028,-0.000067
11.631,-0.000015,0.000925,-0.000058,-0.000067,-0.000028,-0.000067
11.632,-0.000015,0.000925,-0.000058,-0.000067,-0.000028,-0.000067
11.633,-0.000005,0.000935,-0.000058,-0.000067,-0.000028,-0.000067
11.634,0.000005,0.000944,-0.000058,-0.000067,-0.000028,-0.000067
11.635,0.000014,0.000944,-0.000058,-0.000067,-0.000028,-0.000067
11.636,0.000024,0.000954,-0.000058,-0.000067,-0.000028,-0.000067
11.637,0.000033,0.000954,-0.000058,-0.000067,-0.000028,-0.000067
11.638,0.000043,0.000963,-0.000058,-0.000067,-0.000028,-0.000067
11.639,0.000052,0.000963,-0.000058,-0.000067,-0.000028,-0.000067
11.640,0.000062,0.000963,-0.000058,-0.000067,-0.000028,-0.000067
11.641,0.000072,0.000973,-0.000058,-0.000067,-0.000028,-0.000067
11.642,0.000072,0.000973,-0.000058,-0.000067,-0.000028,-0.000067
11.643,0.000081,0.000983,-0.000058,-0.000067,-0.000028,-0.000067
11.644,0.000091,0.000983,-0.000058,-0.000067,-0.000028,-0.000067
11.645,0.000100,0.000992,-0.000058,-0.000067,-0.000028,-0.000067
11.646,0.000110,0.000992,-0.000058,-0.000067,-0.000028,-0.000067
11.647,0.000120,0.000992,-0.000058,-0.000067,-0.000028,-0.000067
11.648,0.000129,0.001002,-0.000058,-0.000067,-0.000028,-0.000067
11.649,0.000139,0.001002,-0.000058,-0.000067,-0.000028,-0.000067
11.650,0.000148,0.001011,-0.000058,-0.000067,-0.000028,-0.000067
11.651,0.000158,0.001011,-0.000058,-0.000067,-0.000028,-0.000067
11.652,0.000158,0.001011,-0.000058,-0.000067,-0.000028,-0.000067
11.653,0.000168,0.001021,-0.000058,-0.000067,-0.000028,-0.000067
11.654,0.000177,0.001021,-0.000058,-0.000067,-0.000028,-0.000067
11.655,0.000187,0.001021,-0.000058,-0.000067,-0.000028,-0.000067
11.656,0.000196,0.001031,-0.000058,-0.000067,-0.000028,-0.000067
11.657,0.000206,0.001031,-0.000058,-0.000067,-0.000028,-0.000067
11.658,0.000215,0.001031,-0.000058,-0.000067,-0.000028,-0.000067
11.659,0.000225,0.001031,-0.000058,-0.000067,-0.000028,-0.000067
11.660,0.000225,0.001040,-0.000058,-0.000067,-0.000028,-0.000067
11.661,0.000235,0.001040,-0.000058,-0.000067,-0.000028,-0.000067
11.662,0.000244,0.001040,-0.000058,-0.000067,-0.000028,-0.000067
11.663,0.000254,0.001040,-0.000058,-0.000067,-0.000028,-0.000067
11.664,0.000263,0.001040,-0.000058,-0.000067,-0.000028,-0.000067
11.665,0.000273,0.001040,-0.000058,-0.000067,-0.000028,-0.000067
11.666,0.000273,0.001050,-0.000058,-0.000067,-0.000028,-0.000067
11.667,0.000283,0.001050,-0.000058,-0.000067,-0.000028,-0.000067
11.668,0.000292,0.001050,-0.000058,-0.000067,-0.000028,-0.000067
11.669,0.000302,0.001050,-0.000058,-0.000067,-0.000028,-0.000067
11.670,0.000311,0.001050,-0.000058,-0.000067,-0.000028,-0.000067
11.671,0.000311,0.001050,-0.000058,-0.000067,-0.000028,-0.000067
11.672,0.000321,0.001050,-0.000058,-0.000067,-0.000028,-0.000067
11.673,0.000330,0.001059,-0.000058,-0.000067,-0.000028,-0.000067
11.674,0.000340,0.001059,-0.000058,-0.000067,-0.000028,-0.000067
11.675,0.000340,0.001059,-0.000058,-0.000067,-0.000028,-0.000067
11.676,0.000350,0.001059,-0.000058,-0.000067,-0.000028,-0.000067
11.677,0.000359,0.001059,-0.000058,-0.000067,-0.000028,-0.000067
11.678,0.000369,0.001059,-0.000058,-0.000067,-0.000028,-0.000067
11.679,0.000378,0.001059,-0.000058,-0.000067,-0.000028,-0.000067
11.680,0.000378,0.001059,-0.000058,-0.000067,-0.000028,-0.000067
11.681,0.000388,0.001059,-0.000058,-0.000067,-0.000028,-0.000067
11.682,0.000398,0.001059,-0.000058,-0.000067,-0.000028,-0.000067
11.683,0.000407,0.001059,-0.000058,-0.000067,-0.000028,-0.000067
11.684,0.000407,0.001059,-0.000058,-0.000067,-0.000028,-0.000067
11.685,0.000417,0.001059,-0.000058,-0.000067,-0.000028,-0.000067
11.686,0.000426,0.001059,-0.000058,-0.000067,-0.000028,-0.000067
11.687,0.000436,0.001059,-0.000058,-0.000067,-0.000028,-0.000067
11.688,0.000436,0.001059,-0.000058,-0.000067,-0.000028,-0.000067
11.689,0.000446,0.001059,-0.000058,-0.000067,-0.000028,-0.000067
11.690,0.000455,0.001059,-0.000058,-0.000067,-0.000028,-0.000067
11.691,0.000465,0.001059,-0.000058,-0.000067,-0.000028,-0.000067
11.692,0.000465,0.001059,-0.000058,-0.000067,-0.000028,-0.000067
11.693,0.000474,0.001059,-0.000058,-0.000067,-0.000028,-0.000067
11.694,0.000484,0.001059,-0.000058,-0.000067,-0.000028,-0.000067
11.695,0.000484,0.001059,-0.000058,-0.000067,-0.000028,-0.000067
11.696,0.000493,0.001059,-0.000058,-0.000067,-0.000028,-0.000067
11.697,0.000503,0.001059,-0.000058,-0.000067,-0.000028,-0.000067
11.698,0.000503,0.001059,-0.000058,-0.000067,-0.000028,-0.000067
11.699,0.000513,0.001059,-0.000058,-0.000067,-0.000028,-0.000067
11.700,0.000522,0.001059,-0.000058,-0.000067,-0.000028,-0.000067
11.701,0.000522,0.001059,-0.000058,-0.000067,-0.000028,-0.000067
11.702,0.000532,0.001059,-0.000058,-0.000067,-0.000028,-0.000067
11.703,0.000532,0.001059,-0.000058,-0.000067,-0.000028,-0.000067
11.704,0.000541,0.001059,-0.000058,-0.000067,-0.000028,-0.000067
11.705,0.000551,0.001059,-0.000058,-0.000067,-0.000028,-0.000067
11.706,0.000551,0.001059,-0.000058,-0.000067,-0.000028,-0.000067
11.707,0.000561,0.001059,-0.000058,-0.000067,-0.000028,-0.000067
11.708,0.000561,0.001059,-0.000058,-0.000067,-0.000028,-0.000067
11.709,0.000570,0.001059,-0.000058,-0.000067,-0.000028,-0.000067
11.710,0.000570,0.001059,-0.000058,-0.000067,-0.000028,-0.000067
11.711,0.000580,0.001059,-0.000058,-0.000067,-0.000028,-0.000067
11.712,0.000580,0.001059,-0.000058,-0.000067,-0.000028,-0.000067
11.713,0.000589,0.001059,-0.000058,-0.000067,-0.000028,-0.000067
11.714,0.000589,0.001059,-0.000058,-0.000067,-0.000028,-0.000067
11.715,0.000599,0.001059,-0.000058,-0.000067,-0.000028,-0.000067
11.716,0.000599,0.001059,-0.000058,-0.000067,-0.000028,-0.000067
11.717,0.000609,0.001059,-0.000058,-0.000067,-0.000028,-0.000067
11.718,0.000609,0.001059,-0.000058,-0.000067,-0.000028,-0.000067
11.719,0.000618,0.001059,-0.000058,-0.000067,-0.000028,-0.000067
11.720,0.000618,0.001059,-0.000058,-0.000067,-0.000028,-0.000067
11.721,0.000628,0.001059,-0.000058,-0.000067,-0.000028,-0.000067
11.722,0.000628,0.001059,-0.000058,-0.000067,-0.000028,-0.000067
11.723,0.000637,0.001059,-0.000058,-0.000067,-0.000028,-0.000067
11.724,0.000637,0.001059,-0.000058,-0.000067,-0.000028,-0.000067
11.725,0.000647,0.001059,-0.000058,-0.000067,-0.000028,-0.000067
11.726,0.000647,0.001059,-0.000058,-0.000067,-0.000028,-0.000067
11.727,0.000656,0.001059,-0.000058,-0.000067,-0.000028,-0.000067
11.728,0.000656,0.001059,-0.000058,-0.000067,-0.000028,-0.000067
11.729,0.000656,0.001059,-0.000058,-0.000067,-0.000028,-0.000067
11.730,0.000666,0.001059,-0.000058,-0.000067,-0.000028,-0.000067
11.731,0.000666,0.001059,-0.000058,-0.000067,-0.000028,-0.000067
11.732,0.000666,0.001059,-0.000058,-0.000067,-0.000028,-0.000067
11.733,0.000676,0.001059,-0.000058,-0.000067,-0.000028,-0.000067
11.734,0.000676,0.001059,-0.000058,-0.000067,-0.000028,-0.000067
11.735,0.000676,0.001059,-0.000058,-0.000067,-0.000028,-0.000067
11.736,0.000685,0.001059,-0.000058,-0.000067,-0.000028,-0.000067
11.737,0.000685,0.001059,-0.000058,-0.000067,-0.000028,-0.000067
11.738,0.000685,0.001059,-0.000058,-0.000067,-0.000028,-0.000067
11.739,0.000685,0.001059,-0.000058,-0.000067,-0.000028,-0.000067
11.740,0.000695,0.001059,-0.000058,-0.000067,-0.000028,-0.000067
11.741,0.000695,0.001059,-0.000058,-0.000067,-0.000028,-0.000067
11.742,0.000695,0.001069,-0.000058,-0.000067,-0.000028,-0.000067
11.743,0.000695,0.001069,-0.000058,-0.000067,-0.000028,-0.000067
11.744,0.000695,0.001069,-0.000058,-0.000067,-0.000028,-0.000067
11.745,0.000704,0.001069,-0.000058,-0.000067,-0.000028,-0.000067
11.746,0.000704,0.001069,-0.000058,-0.000067,-0.000028,-0.000067
11.747,0.000704,0.001069,-0.000058,-0.000067,-0.000028,-0.000067
11.748,0.000704,0.001069,-0.000058,-0.000067,-0.000028,-0.000067
11.749,0.000704,0.001069,-0.000058,-0.000067,-0.000028,-0.000067
11.750,0.000704,0.001069,-0.000058,-0.000067,-0.000028,-0.000067
11.751,0.000704,0.001069,-0.000058,-0.000067,-0.000028,-0.000067
11.752,0.000714,0.001069,-0.000058,-0.000067,-0.000028,-0.000067
11.753,0.000714,0.001069,-0.000058,-0.000067,-0.000028,-0.000067
11.754,0.000714,0.001069,-0.000058,-0.000067,-0.000028,-0.000067
11.755,0.000714,0.001069,-0.000058,-0.000067,-0.000028,-0.000067
11.756,0.000714,0.001069,-0.000058,-0.000067,-0.000028,-0.000067
11.757,0.000714,0.001069,-0.000058,-0.000067,-0.000028,-0.000067
11.758,0.000714,0.001069,-0.000058,-0.000067,-0.000028,-0.000067
11.759,0.000714,0.001069,-0.000058,-0.000067,-0.000028,-0.000067
11.760,0.000714,0.001069,-0.000058,-0.000067,-0.000028,-0.000067
11.761,0.000714,0.001069,-0.000058,-0.000067,-0.000028,-0.000067
11.762,0.000714,0.001069,-0.000058,-0.000067,-0.000028,-0.000067
11.763,0.000714,0.001069,-0.000058,-0.000067,-0.000028,-0.000067
11.764,0.000714,0.001069,-0.000058,-0.000067,-0.000028,-0.000067
11.765,0.000714,0.001069,-0.000058,-0.000067,-0.000028,-0.000067
11.766,0.000714,0.001069,-0.000058,-0.000067,-0.000028,-0.000067
11.767,0.000714,0.001069,-0.000058,-0.000067,-0.000028,-0.000067
11.768,0.000714,0.001069,-0.000058,-0.000067,-0.000028,-0.000067
11.769,0.000714,0.001069,-0.000058,-0.000067,-0.000028,-0.000067
11.770,0.000714,0.001069,-0.000058,-0.000067,-0.000028,-0.000067
11.771,0.000714,0.001069,-0.000058,-0.000067,-0.000028,-0.000067
11.772,0.000714,0.001069,-0.000058,-0.000067,-0.000028,-0.000067
11.773,0.000714,0.001069,-0.000058,-0.000067,-0.000028,-0.000067
11.774,0.000714,0.001069,-0.000058,-0.000067,-0.000028,-0.000067
11.775,0.000714,0.001069,-0.000058,-0.000067,-0.000028,-0.000067
11.776,0.000714,0.001069,-0.000058,-0.000067,-0.000028,-0.000067
11.777,0.000714,0.001069,-0.000058,-0.000067,-0.000028,-0.000067
11.778,0.000714,0.001069,-0.000058,-0.000067,-0.000028,-0.000067
11.779,0.000714,0.001069,-0.000058,-0.000067,-0.000028,-0.000067
11.780,0.000714,0.001069,-0.000058,-0.000067,-0.000028,-0.000067
11.781,0.000714,0.001069,-0.000058,-0.000067,-0.000028,-0.000067
11.782,0.000714,0.001069,-0.000058,-0.000067,-0.000028,-0.000067
11.783,0.000714,0.001069,-0.000058,-0.000067,-0.000028,-0.000067
11.784,0.000714,0.001069,-0.000058,-0.000067,-0.000028,-0.000067
11.785,0.000714,0.001069,-0.000058,-0.000067,-0.000028,-0.000067
11.786,0.000714,0.001069,-0.000058,-0.000067,-0.000028,-0.000067
11.787,0.000714,0.001069,-0.000058,-0.000067,-0.000028,-0.000067
11.788,0.000714,0.001069,-0.000058,-0.000067,-0.000028,-0.000067
11.789,0.000714,0.001069,-0.000058,-0.000067,-0.000028,-0.000067
11.790,0.000714,0.001069,-0.000058,-0.000067,-0.000028,-0.000067
11.791,0.000714,0.001069,-0.000058,-0.000067,-0.000028,-0.000067
11.792,0.000714,0.001069,-0.000058,-0.000067,-0.000028,-0.000067
11.793,0.000714,0.001069,-0.000058,-0.000067,-0.000028,-0.000067
11.794,0.000714,0.001069,-0.000058,-0.000067,-0.000028,-0.000067
11.795,0.000714,0.001069,-0.000058,-0.000067,-0.000028,-0.000067
11.796,0.000714,0.001069,-0.000058,-0.000067,-0.000028,-0.000067
11.797,0.000714,0.001069,-0.000058,-0.000067,-0.000028,-0.000067
11.798,0.000714,0.001069,-0.000058,-0.000067,-0.000028,-0.000067
11.799,0.000714,0.001069,-0.000058,-0.000067,-0.000028,-0.000067
11.800,0.000714,0.001069,-0.000058,-0.000067,-0.000028,-0.000067
11.801,0.000714,0.001069,-0.000058,-0.000067,-0.000028,-0.000067
11.802,0.000714,0.001069,-0.000058,-0.000067,-0.000028,-0.000067
11.803,0.000714,0.001069,-0.000058,-0.000067,-0.000028,-0.000067
11.804,0.000714,0.001069,-0.000058,-0.000067,-0.000028,-0.000067
11.805,0.000714,0.001069,-0.000058,-0.000067,-0.000028,-0.000067
11.806,0.000714,0.001069,-0.000058,-0.000067,-0.000028,-0.000067
11.807,0.000714,0.001069,-0.000058,-0.000067,-0.000028,-0.000067
11.808,0.000714,0.001069,-0.000058,-0.000067,-0.000028,-0.000067
11.809,0.000714,0.001069,-0.000058,-0.000067,-0.000028,-0.000067
11.810,0.000714,0.001069,-0.000058,-0.000067,-0.000028,-0.000067
11.811,0.000714,0.001069,-0.000058,-0.000067,-0.000028,-0.000067
11.812,0.000714,0.001069,-0.000058,-0.000067,-0.000028,-0.000067
11.813,0.000714,0.001069,-0.000058,-0.000067,-0.000028,-0.000067
11.814,0.000714,0.001069,-0.000058,-0.000067,-0.000028,-0.000067
11.815,0.000714,0.001069,-0.000058,-0.000067,-0.000028,-0.000067
11.816,0.000714,0.001069,-0.000058,-0.000067,-0.000028,-0.000067
11.817,0.000714,0.001069,-0.000058,-0.000067,-0.000028,-0.000067
11.818,0.000714,0.001069,-0.000058,-0.000067,-0.000028,-0.000067
11.819,0.000714,0.001069,-0.000058,-0.000067,-0.000028,-0.000067
11.820,0.000714,0.001069,-0.000058,-0.000067,-0.000028,-0.000067
11.821,0.000714,0.001069,-0.000058,-0.000067,-0.000028,-0.000067
11.822,0.000714,0.001069,-0.000058,-0.000067,-0.000028,-0.000067
11.823,0.000714,0.001069,-0.000058,-0.000067,-0.000028,-0.000067
11.824,0.000714,0.001069,-0.000058,-0.000067,-0.000028,-0.000067
11.825,0.000714,0.001069,-0.000058,-0.000067,-0.000028,-0.000067
11.826,0.000714,0.001069,-0.000058,-0.000067,-0.000028,-0.000067
11.827,0.000714,0.001069,-0.000058,-0.000067,-0.000028,-0.000067
11.828,0.000714,0.001069,-0.000058,-0.000067,-0.000028,-0.000067
11.829,0.000714,0.001069,-0.000058,-0.000067,-0.000028,-0.000067
11.830,0.000714,0.001069,-0.000058,-0.000067,-0.000028,-0.000067
11.831,0.000714,0.001069,-0.000058,-0.000067,-0.000028,-0.000067
11.832,0.000714,0.001069,-0.000058,-0.000067,-0.000028,-0.000067
11.833,0.000714,0.001069,-0.000058,-0.000067,-0.000028,-0.000067
11.834,0.000714,0.001069,-0.000058,-0.000067,-0.000028,-0.000067
11.835,0.000714,0.001069,-0.000058,-0.000067,-0.000028,-0.000067
11.836,0.000714,0.001069,-0.000058,-0.000067,-0.000028,-0.000067
11.837,0.000714,0.001069,-0.000058,-0.000067,-0.000028,-0.000067
11.838,0.000714,0.001069,-0.000058,-0.000067,-0.000028,-0.000067
11.839,0.000714,0.001069,-0.000058,-0.000067,-0.000028,-0.000067
11.840,0.000714,0.001069,-0.000058,-0.000067,-0.000028,-0.000067
11.841,0.000714,0.001069,-0.000058,-0.000067,-0.000028,-0.000067
11.842,0.000714,0.001069,-0.000058,-0.000067,-0.000028,-0.000067
11.843,0.000714,0.001069,-0.000058,-0.000067,-0.000028,-0.000067
11.844,0.000714,0.001069,-0.000058,-0.000067,-0.000028,-0.000067
11.845,0.000714,0.001069,-0.000058,-0.000067,-0.000028,-0.000067
11.846,0.000714,0.001069,-0.000058,-0.000067,-0.000028,-0.000067
11.847,0.000714,0.001069,-0.000058,-0.000067,-0.000028,-0.000067
11.848,0.000714,0.001069,-0.000058,-0.000067,-0.000028,-0.000067
11.849,0.000714,0.001069,-0.000058,-0.000067,-0.000028,-0.000067
11.850,0.000714,0.001069,-0.000058,-0.000067,-0.000028,-0.000067
11.851,0.000714,0.001069,-0.000058,-0.000067,-0.000028,-0.000067
11.852,0.000714,0.001069,-0.000058,-0.000067,-0.000028,-0.000067
11.853,0.000714,0.001069,-0.000058,-0.000067,-0.000028,-0.000067
11.854,0.000714,0.001069,-0.000058,-0.000067,-0.000028,-0.000067
11.855,0.000714,0.001069,-0.000058,-0.000067,-0.000028,-0.000067
11.856,0.000714,0.001069,-0.000058,-0.000067,-0.000028,-0.000067
11.857,0.000724,0.001069,-0.000058,-0.000067,-0.000028,-0.000067
11.858,0.000724,0.001069,-0.000058,-0.000067,-0.000028,-0.000067
11.859,0.000724,0.001069,-0.000058,-0.000067,-0.000028,-0.000067
11.860,0.000724,0.001069,-0.000058,-0.000067,-0.000028,-0.000067
11.861,0.000724,0.001069,-0.000058,-0.000067,-0.000028,-0.000067
11.862,0.000724,0.001069,-0.000058,-0.000067,-0.000028,-0.000067
11.863,0.000724,0.001069,-0.000058,-0.000067,-0.000028,-0.000067
11.864,0.000724,0.001069,-0.000058,-0.000067,-0.000028,-0.000067
11.865,0.000724,0.001069,-0.000058,-0.000067,-0.000028,-0.000067
11.866,0.000724,0.001069,-0.000058,-0.000067,-0.000028,-0.000067
11.867,0.000724,0.001069,-0.000058,-0.000067,-0.000028,-0.000067
11.868,0.000724,0.001069,-0.000058,-0.000067,-0.000028,-0.000067
11.869,0.000724,0.001069,-0.000058,-0.000067,-0.000028,-0.000067
11.870,0.000724,0.001069,-0.000058,-0.000067,-0.000028,-0.000067
11.871,0.000724,0.001069,-0.000058,-0.000067,-0.000028,-0.000067
11.872,0.000724,0.001069,-0.000058,-0.000067,-0.000028,-0.000067
11.873,0.000724,0.001069,-0.000058,-0.000067,-0.000028,-0.000067
11.874,0.000724,0.001069,-0.000058,-0.000067,-0.000028,-0.000067
11.875,0.000724,0.001069,-0.000058,-0.000067,-0.000028,-0.000067
11.876,0.000724,0.001069,-0.000058,-0.000067,-0.000028,-0.000067
11.877,0.000724,0.001069,-0.000058,-0.000067,-0.000028,-0.000067
11.878,0.000724,0.001069,-0.000058,-0.000067,-0.000028,-0.000067
11.879,0.000724,0.001069,-0.000058,-0.000067,-0.000028,-0.000067
11.880,0.000724,0.001069,-0.000058,-0.000067,-0.000028,-0.000067
11.881,0.000724,0.001069,-0.000058,-0.000067,-0.000028,-0.000067
11.882,0.000724,0.001069,-0.000058,-0.000067,-0.000028,-0.000067
11.883,0.000724,0.001069,-0.000058,-0.000067,-0.000028,-0.000067
11.884,0.000724,0.001069,-0.000058,-0.000067,-0.000028,-0.000067
11.885,0.000724,0.001069,-0.000058,-0.000067,-0.000028,-0.000067
11.886,0.000724,0.001069,-0.000058,-0.000067,-0.000028,-0.000067
11.887,0.000724,0.001069,-0.000058,-0.000067,-0.000028,-0.000067
11.888,0.000724,0.001069,-0.000058,-0.000067,-0.000028,-0.000067
11.889,0.000724,0.001069,-0.000058,-0.000067,-0.000028,-0.000067
11.890,0.000724,0.001069,-0.000058,-0.000067,-0.000028,-0.000067
11.891,0.000724,0.001069,-0.000058,-0.000067,-0.000028,-0.000067
11.892,0.000724,0.001069,-0.000058,-0.000067,-0.000028,-0.000067
11.893,0.000724,0.001069,-0.000058,-0.000067,-0.000028,-0.000067
11.894,0.000724,0.001069,-0.000058,-0.000067,-0.000028,-0.000067
11.895,0.000724,0.001069,-0.000058,-0.000067,-0.000028,-0.000067
11.896,0.000724,0.001069,-0.000058,-0.000067,-0.000028,-0.000067
11.897,0.000724,0.001069,-0.000058,-0.000067,-0.000028,-0.000067
11.898,0.000724,0.001069,-0.000058,-0.000067,-0.000028,-0.000067
11.899,0.000724,0.001069,-0.000058,-0.000067,-0.000028,-0.000067
11.900,0.000724,0.001069,-0.000058,-0.000067,-0.000028,-0.000067
11.901,0.000724,0.001069,-0.000058,-0.000067,-0.000028,-0.000067
11.902,0.000724,0.001069,-0.000058,-0.000067,-0.000028,-0.000067
11.903,0.000724,0.001069,-0.000058,-0.000067,-0.000028,-0.000067
11.904,0.000724,0.001069,-0.000058,-0.000067,-0.000028,-0.000067
11.905,0.000724,0.001069,-0.000058,-0.000067,-0.000028,-0.000067
11.906,0.000724,0.001069,-0.000058,-0.000067,-0.000028,-0.000067
11.907,0.000724,0.001069,-0.000058,-0.000067,-0.000028,-0.000067
11.908,0.000724,0.001069,-0.000058,-0.000067,-0.000028,-0.000067
11.909,0.000724,0.001069,-0.000058,-0.000067,-0.000028,-0.000067
11.910,0.000724,0.001069,-0.000058,-0.000067,-0.000028,-0.000067
11.911,0.000724,0.001069,-0.000058,-0.000067,-0.000028,-0.000067
11.912,0.000724,0.001069,-0.000058,-0.000067,-0.000028,-0.000067
11.913,0.000724,0.001069,-0.000058,-0.000067,-0.000028,-0.000067
11.914,0.000724,0.001069,-0.000058,-0.000067,-0.000028,-0.000067
11.915,0.000724,0.001069,-0.000058,-0.000067,-0.000028,-0.000067
11.916,0.000724,0.001069,-0.000058,-0.000067,-0.000028,-0.000067
11.917,0.000724,0.001069,-0.000058,-0.000067,-0.000028,-0.000067
11.918,0.000724,0.001069,-0.000058,-0.000067,-0.000028,-0.000067
11.919,0.000724,0.001069,-0.000058,-0.000067,-0.000028,-0.000067
11.920,0.000724,0.001069,-0.000058,-0.000067,-0.000028,-0.000067
11.921,0.000724,0.001069,-0.000058,-0.000067,-0.000028,-0.000067
11.922,0.000724,0.001069,-0.000058,-0.000067,-0.000028,-0.000067
11.923,0.000724,0.001069,-0.000058,-0.000067,-0.000028,-0.000067
11.924,0.000724,0.001069,-0.000058,-0.000067,-0.000028,-0.000067
11.925,0.000724,0.001069,-0.000058,-0.000067,-0.000028,-0.000067
11.926,0.000724,0.001069,-0.000058,-0.000067,-0.000028,-0.000067
11.927,0.000724,0.001069,-0.000058,-0.000067,-0.000028,-0.000067
11.928,0.000724,0.001069,-0.000058,-0.000067,-0.000028,-0.000067
11.929,0.000724,0.001069,-0.000058,-0.000067,-0.000028,-0.000067
11.930,0.000724,0.001069,-0.000058,-0.000067,-0.000028,-0.000067
11.931,0.000724,0.001069,-0.000058,-0.000067,-0.000028,-0.000067
11.932,0.000724,0.001069,-0.000058,-0.000067,-0.000028,-0.000067
11.933,0.000724,0.001069,-0.000058,-0.000067,-0.000028,-0.000067
11.934,0.000724,0.001069,-0.000058,-0.000067,-0.000028,-0.000067
11.935,0.000724,0.001069,-0.000058,-0.000067,-0.000028,-0.000067
11.936,0.000724,0.001069,-0.000058,-0.000067,-0.000028,-0.000067
11.937,0.000724,0.001069,-0.000058,-0.000067,-0.000028,-0.000067
11.938,0.000724,0.001069,-0.000058,-0.000067,-0.000028,-0.000067
11.939,0.000724,0.001069,-0.000058,-0.000067,-0.000028,-0.000067
11.940,0.000724,0.001069,-0.000058,-0.000067,-0.000028,-0.000067
11.941,0.000724,0.001069,-0.000058,-0.000067,-0.000028,-0.000067
11.942,0.000724,0.001069,-0.000058,-0.000067,-0.000028,-0.000067
11.943,0.000724,0.001069,-0.000058,-0.000067,-0.000028,-0.000067
11.944,0.000724,0.001069,-0.000058,-0.000067,-0.000028,-0.000067
11.945,0.000724,0.001069,-0.000058,-0.000067,-0.000028,-0.000067
11.946,0.000724,0.001069,-0.000058,-0.000067,-0.000028,-0.000067
11.947,0.000724,0.001069,-0.000058,-0.000067,-0.000028,-0.000067
11.948,0.000724,0.001069,-0.000058,-0.000067,-0.000028,-0.000067
11.949,0.000724,0.001069,-0.000058,-0.000067,-0.000028,-0.000067
11.950,0.000724,0.001069,-0.000058,-0.000067,-0.000028,-0.000067
11.951,0.000724,0.001069,-0.000058,-0.000067,-0.000028,-0.000067
11.952,0.000724,0.001069,-0.000058,-0.000067,-0.000028,-0.000067
11.953,0.000724,0.001069,-0.000058,-0.000067,-0.000028,-0.000067
11.954,0.000724,0.001069,-0.000058,-0.000067,-0.000028,-0.000067
11.955,0.000724,0.001069,-0.000058,-0.000067,-0.000028,-0.000067
11.956,0.000724,0.001069,-0.000058,-0.000067,-0.000028,-0.000067
11.957,0.000724,0.001069,-0.000058,-0.000067,-0.000028,-0.000067
11.958,0.000724,0.001069,-0.000058,-0.000067,-0.000028,-0.000067
11.959,0.000724,0.001069,-0.000058,-0.000067,-0.000028,-0.000067
11.960,0.000724,0.001069,-0.000058,-0.000067,-0.000028,-0.000067
11.961,0.000724,0.001069,-0.000058,-0.000067,-0.000028,-0.000067
11.962,0.000724,0.001069,-0.000058,-0.000067,-0.000028,-0.000067
11.963,0.000724,0.001069,-0.000058,-0.000067,-0.000028,-0.000067
11.964,0.000724,0.001069,-0.000058,-0.000067,-0.000028,-0.000067
11.965,0.000724,0.001069,-0.000058,-0.000067,-0.000028,-0.000067
11.966,0.000724,0.001069,-0.000058,-0.000067,-0.000028,-0.000067
11.967,0.000724,0.001069,-0.000058,-0.000067,-0.000028,-0.000067
11.968,0.000724,0.001069,-0.000058,-0.000067,-0.000028,-0.000067
11.969,0.000724,0.001069,-0.000058,-0.000067,-0.000028,-0.000067
11.970,0.000724,0.001069,-0.000058,-0.000067,-0.000028,-0.000067
11.971,0.000724,0.001069,-0.000058,-0.000067,-0.000028,-0.000067
11.972,0.000724,0.001069,-0.000058,-0.000067,-0.000028,-0.000067
11.973,0.000724,0.001069,-0.000058,-0.000067,-0.000028,-0.000067
11.974,0.000724,0.001069,-0.000058,-0.000067,-0.000028,-0.000067
11.975,0.000724,0.001069,-0.000058,-0.000067,-0.000028,-0.000067
11.976,0.000724,0.001069,-0.000058,-0.000067,-0.000028,-0.000067
11.977,0.000724,0.001069,-0.000058,-0.000067,-0.000028,-0.000067
11.978,0.000724,0.001069,-0.000058,-0.000067,-0.000028,-0.000067
11.979,0.000724,0.001069,-0.000058,-0.000067,-0.000028,-0.000067
11.980,0.000724,0.001069,-0.000058,-0.000067,-0.000028,-0.000067
11.981,0.000724,0.001069,-0.000058,-0.000067,-0.000028,-0.000067
11.982,0.000724,0.001069,-0.000058,-0.000067,-0.000028,-0.000067
11.983,0.000724,0.001069,-0.000058,-0.000067,-0.000028,-0.000067
11.984,0.000724,0.001069,-0.000058,-0.000067,-0.000028,-0.000067
11.985,0.000724,0.001069,-0.000058,-0.000067,-0.000028,-0.000067
11.986,0.000724,0.001069,-0.000058,-0.000067,-0.000028,-0.000067
11.987,0.000724,0.001069,-0.000058,-0.000067,-0.000028,-0.000067
11.988,0.000724,0.001069,-0.000058,-0.000067,-0.000028,-0.000067
11.989,0.000724,0.001069,-0.000058,-0.000067,-0.000028,-0.000067
11.990,0.000724,0.001069,-0.000058,-0.000067,-0.000028,-0.000067
11.991,0.000724,0.001069,-0.000058,-0.000067,-0.000028,-0.000067
11.992,0.000724,0.001069,-0.000058,-0.000067,-0.000028,-0.000067
11.993,0.000724,0.001069,-0.000058,-0.000067,-0.000028,-0.000067
11.994,0.000724,0.001069,-0.000058,-0.000067,-0.000028,-0.000067
11.995,0.000724,0.001069,-0.000058,-0.000067,-0.000028,-0.000067
11.996,0.000724,0.001069,-0.000058,-0.000067,-0.000028,-0.000067
11.997,0.000724,0.001069,-0.000058,-0.000067,-0.000028,-0.000067
11.998,0.000724,0.001069,-0.000058,-0.000067,-0.000028,-0.000067
11.999,0.000724,0.001069,-0.000058,-0.000067,-0.000028,-0.000067
12.000,0.000724,0.001069,-0.000058,-0.000067,-0.000028,-0.000067
12.001,0.000724,0.001069,-0.000058,-0.000067,-0.000028,-0.000067
12.002,0.000724,0.001069,-0.000058,-0.000067,-0.000028,-0.000067
12.003,0.000724,0.001069,-0.000058,-0.000067,-0.000028,-0.000067
12.004,0.000724,0.001069,-0.000058,-0.000067,-0.000028,-0.000067
12.005,0.000724,0.001069,-0.000058,-0.000067,-0.000028,-0.000067
12.006,0.000724,0.001069,-0.000058,-0.000067,-0.000028,-0.000067
12.007,0.000724,0.001069,-0.000058,-0.000067,-0.000028,-0.000067
12.008,0.000724,0.001069,-0.000058,-0.000067,-0.000028,-0.000067
12.009,0.000724,0.001069,-0.000058,-0.000067,-0.000028,-0.000067
12.010,0.000724,0.001069,-0.000058,-0.000067,-0.000028,-0.000067
12.011,0.000724,0.001069,-0.000058,-0.000067,-0.000028,-0.000067
12.012,0.000724,0.001069,-0.000058,-0.000067,-0.000028,-0.000067
12.013,0.000724,0.001069,-0.000058,-0.000067,-0.000028,-0.000067
12.014,0.000724,0.001069,-0.000058,-0.000067,-0.000028,-0.000067
12.015,0.000724,0.001069,-0.000058,-0.000067,-0.000028,-0.000067
12.016,0.000724,0.001069,-0.000058,-0.000067,-0.000028,-0.000067
12.017,0.000724,0.001069,-0.000058,-0.000067,-0.000028,-0.000067
12.018,0.000724,0.001069,-0.000058,-0.000067,-0.000028,-0.000067
12.019,0.000724,0.001069,-0.000058,-0.000067,-0.000028,-0.000067
12.020,0.000724,0.001069,-0.000058,-0.000067,-0.000028,-0.000067
12.021,0.000724,0.001069,-0.000058,-0.000067,-0.000028,-0.000067
12.022,0.000724,0.001069,-0.000058,-0.000067,-0.000028,-0.000067
12.023,0.000724,0.001069,-0.000058,-0.000067,-0.000028,-0.000067
12.024,0.000724,0.001069,-0.000058,-0.000067,-0.000028,-0.000067
12.025,0.000724,0.001069,-0.000058,-0.000067,-0.000028,-0.000067
12.026,0.000724,0.001069,-0.000058,-0.000067,-0.000028,-0.000067
12.027,0.000724,0.001069,-0.000058,-0.000067,-0.000028,-0.000067
12.028,0.000724,0.001069,-0.000058,-0.000067,-0.000028,-0.000067
12.029,0.000724,0.001069,-0.000058,-0.000067,-0.000028,-0.000067
12.030,0.000724,0.001069,-0.000058,-0.000067,-0.000028,-0.000067
12.031,0.000724,0.001069,-0.000058,-0.000067,-0.000028,-0.000067
12.032,0.000724,0.001069,-0.000058,-0.000067,-0.000028,-0.000067
12.033,0.000724,0.001069,-0.000058,-0.000067,-0.000028,-0.000067
12.034,0.000724,0.001069,-0.000058,-0.000067,-0.000028,-0.000067
12.035,0.000724,0.001069,-0.000058,-0.000067,-0.000028,-0.000067
12.036,0.000724,0.001069,-0.000058,-0.000067,-0.000028,-0.000067
12.037,0.000724,0.001069,-0.000058,-0.000067,-0.000028,-0.000067
12.038,0.000724,0.001069,-0.000058,-0.000067,-0.000028,-0.000067
12.039,0.000724,0.001069,-0.000058,-0.000067,-0.000028,-0.000067
12.040,0.000724,0.001069,-0.000058,-0.000067,-0.000028,-0.000067
12.041,0.000724,0.001069,-0.000058,-0.000067,-0.000028,-0.000067
12.042,0.000724,0.001069,-0.000058,-0.000067,-0.000028,-0.000067
12.043,0.000724,0.001069,-0.000058,-0.000067,-0.000028,-0.000067
12.044,0.000724,0.001069,-0.000058,-0.000067,-0.000028,-0.000067
12.045,0.000724,0.001069,-0.000058,-0.000067,-0.000028,-0.000067
12.046,0.000724,0.001069,-0.000058,-0.000067,-0.000028,-0.000067
12.047,0.000724,0.001069,-0.000058,-0.000067,-0.000028,-0.000067
12.048,0.000724,0.001069,-0.000058,-0.000067,-0.000028,-0.000067
12.049,0.000724,0.001069,-0.000058,-0.000067,-0.000028,-0.000067
12.050,0.000724,0.001069,-0.000058,-0.000067,-0.000028,-0.000067
12.051,0.000724,0.001069,-0.000058,-0.000067,-0.000028,-0.000067
12.052,0.000724,0.001069,-0.000058,-0.000067,-0.000028,-0.000067
12.053,0.000724,0.001069,-0.000058,-0.000067,-0.000028,-0.000067
12.054,0.000724,0.001069,-0.000058,-0.000067,-0.000028,-0.000067
12.055,0.000724,0.001069,-0.000058,-0.000067,-0.000028,-0.000067
12.056,0.000724,0.001069,-0.000058,-0.000067,-0.000028,-0.000067
12.057,0.000724,0.001069,-0.000058,-0.000067,-0.000028,-0.000067
12.058,0.000724,0.001069,-0.000058,-0.000067,-0.000028,-0.000067
12.059,0.000724,0.001069,-0.000058,-0.000067,-0.000028,-0.000067
12.060,0.000724,0.001069,-0.000058,-0.000067,-0.000028,-0.000067
12.061,0.000724,0.001069,-0.000058,-0.000067,-0.000028,-0.000067
12.062,0.000724,0.001069,-0.000058,-0.000067,-0.000028,-0.000067
12.063,0.000724,0.001069,-0.000058,-0.000067,-0.000028,-0.000067
12.064,0.000724,0.001069,-0.000058,-0.000067,-0.000028,-0.000067
12.065,0.000724,0.001069,-0.000058,-0.000067,-0.000028,-0.000067
12.066,0.000724,0.001069,-0.000058,-0.000067,-0.000028,-0.000067
12.067,0.000724,0.001069,-0.000058,-0.000067,-0.000028,-0.000067
12.068,0.000724,0.001069,-0.000058,-0.000067,-0.000028,-0.000067
12.069,0.000724,0.001069,-0.000058,-0.000067,-0.000028,-0.000067
12.070,0.000724,0.001069,-0.000058,-0.000067,-0.000028,-0.000067
12.071,0.000724,0.001069,-0.000058,-0.000067,-0.000028,-0.000067
12.072,0.000724,0.001069,-0.000058,-0.000067,-0.000028,-0.000067
12.073,0.000724,0.001069,-0.000058,-0.000067,-0.000028,-0.000067
12.074,0.000724,0.001069,-0.000058,-0.000067,-0.000028,-0.000067
12.075,0.000724,0.001069,-0.000058,-0.000067,-0.000028,-0.000067
12.076,0.000724,0.001069,-0.000058,-0.000067,-0.000028,-0.000067
12.077,0.000724,0.001069,-0.000058,-0.000067,-0.000028,-0.000067
12.078,0.000724,0.001069,-0.000058,-0.000067,-0.000028,-0.000067
12.079,0.000724,0.001069,-0.000058,-0.000067,-0.000028,-0.000067
12.080,0.000724,0.001069,-0.000058,-0.000067,-0.000028,-0.000067
12.081,0.000724,0.001069,-0.000058,-0.000067,-0.000028,-0.000067
12.082,0.000724,0.001069,-0.000058,-0.000067,-0.000028,-0.000067
12.083,0.000724,0.001069,-0.000058,-0.000067,-0.000028,-0.000067
12.084,0.000724,0.001069,-0.000058,-0.000067,-0.000028,-0.000067
12.085,0.000724,0.001069,-0.000058,-0.000067,-0.000028,-0.000067
12.086,0.000724,0.001069,-0.000058,-0.000067,-0.000028,-0.000067
12.087,0.000724,0.001069,-0.000058,-0.000067,-0.000028,-0.000067
12.088,0.000724,0.001069,-0.000058,-0.000067,-0.000028,-0.000067
12.089,0.000724,0.001069,-0.000058,-0.000067,-0.000028,-0.000067
12.090,0.000724,0.001069,-0.000058,-0.000067,-0.000028,-0.000067
12.091,0.000724,0.001069,-0.000058,-0.000067,-0.000028,-0.000067
12.092,0.000724,0.001069,-0.000058,-0.000067,-0.000028,-0.000067
12.093,0.000724,0.001069,-0.000058,-0.000067,-0.000028,-0.000067
12.094,0.000724,0.001069,-0.000058,-0.000067,-0.000028,-0.000067
12.095,0.000724,0.001069,-0.000058,-0.000067,-0.000028,-0.000067
12.096,0.000724,0.001069,-0.000058,-0.000067,-0.000028,-0.000067
12.097,0.000724,0.001069,-0.000058,-0.000067,-0.000028,-0.000067
12.098,0.000724,0.001069,-0.000058,-0.000067,-0.000028,-0.000067
12.099,0.000724,0.001069,-0.000058,-0.000067,-0.000028,-0.000067
12.100,0.000724,0.001069,-0.000058,-0.000067,-0.000028,-0.000067
12.101,0.000724,0.001069,-0.000058,-0.000067,-0.000028,-0.000067
12.102,0.000724,0.001069,-0.000058,-0.000067,-0.000028,-0.000067
12.103,0.000724,0.001069,-0.000058,-0.000067,-0.000028,-0.000067
12.104,0.000724,0.001069,-0.000058,-0.000067,-0.000028,-0.000067
12.105,0.000724,0.001069,-0.000058,-0.000067,-0.000028,-0.000067
12.106,0.000724,0.001069,-0.000058,-0.000067,-0.000028,-0.000067
12.107,0.000724,0.001069,-0.000058,-0.000067,-0.000028,-0.000067
12.108,0.000724,0.001069,-0.000058,-0.000067,-0.000028,-0.000067
12.109,0.000724,0.001069,-0.000058,-0.000067,-0.000028,-0.000067
12.110,0.000724,0.001069,-0.000058,-0.000067,-0.000028,-0.000067
12.111,0.000724,0.001069,-0.000058,-0.000067,-0.000028,-0.000067
12.112,0.000724,0.001069,-0.000058,-0.000067,-0.000028,-0.000067
12.113,0.000724,0.001069,-0.000058,-0.000067,-0.000028,-0.000067
12.114,0.000724,0.001069,-0.000058,-0.000067,-0.000028,-0.000067
12.115,0.000724,0.001069,-0.000058,-0.000067,-0.000028,-0.000067
12.116,0.000724,0.001069,-0.000058,-0.000067,-0.000028,-0.000067
12.117,0.000724,0.001069,-0.000058,-0.000067,-0.000028,-0.000067
12.118,0.000724,0.001069,-0.000058,-0.000067,-0.000028,-0.000067
12.119,0.000724,0.001069,-0.000058,-0.000067,-0.000028,-0.000067
12.120,0.000724,0.001069,-0.000058,-0.000067,-0.000028,-0.000067
12.121,0.000724,0.001069,-0.000058,-0.000067,-0.000028,-0.000067
12.122,0.000724,0.001069,-0.000058,-0.000067,-0.000028,-0.000067
12.123,0.000724,0.001069,-0.000058,-0.000067,-0.000028,-0.000067
12.124,0.000724,0.001069,-0.000058,-0.000067,-0.000028,-0.000067
12.125,0.000724,0.001069,-0.000058,-0.000067,-0.000028,-0.000067
12.126,0.000724,0.001069,-0.000058,-0.000067,-0.000028,-0.000067
12.127,0.000724,0.001069,-0.000058,-0.000067,-0.000028,-0.000067
12.128,0.000724,0.001069,-0.000058,-0.000067,-0.000028,-0.000067
12.129,0.000724,0.001069,-0.000058,-0.000067,-0.000028,-0.000067
12.130,0.000724,0.001069,-0.000058,-0.000067,-0.000028,-0.000067
12.131,0.000724,0.001069,-0.000058,-0.000067,-0.000028,-0.000067
12.132,0.000724,0.001069,-0.000058,-0.000067,-0.000028,-0.000067
12.133,0.000724,0.001069,-0.000058,-0.000067,-0.000028,-0.000067
12.134,0.000724,0.001069,-0.000058,-0.000067,-0.000028,-0.000067
12.135,0.000724,0.001069,-0.000058,-0.000067,-0.000028,-0.000067
12.136,0.000724,0.001069,-0.000058,-0.000067,-0.000028,-0.000067
12.137,0.000724,0.001069,-0.000058,-0.000067,-0.000028,-0.000067
12.138,0.000724,0.001069,-0.000058,-0.000067,-0.000028,-0.000067
12.139,0.000724,0.001069,-0.000058,-0.000067,-0.000028,-0.000067
12.140,0.000724,0.001069,-0.000058,-0.000067,-0.000028,-0.000067
12.141,0.000724,0.001069,-0.000058,-0.000067,-0.000028,-0.000067
12.142,0.000724,0.001069,-0.000058,-0.000067,-0.000028,-0.000067
12.143,0.000724,0.001069,-0.000058,-0.000067,-0.000028,-0.000067
12.144,0.000724,0.001069,-0.000058,-0.000067,-0.000028,-0.000067
12.145,0.000724,0.001069,-0.000058,-0.000067,-0.000028,-0.000067
12.146,0.000724,0.001069,-0.000058,-0.000067,-0.000028,-0.000067
12.147,0.000724,0.001069,-0.000058,-0.000067,-0.000028,-0.000067
12.148,0.000724,0.001069,-0.000058,-0.000067,-0.000028,-0.000067
12.149,0.000724,0.001069,-0.000058,-0.000067,-0.000028,-0.000067
12.150,0.000724,0.001069,-0.000058,-0.000067,-0.000028,-0.000067
12.151,0.000724,0.001069,-0.000058,-0.000067,-0.000028,-0.000067
12.152,0.000724,0.001069,-0.000058,-0.000067,-0.000028,-0.000067
12.153,0.000724,0.001069,-0.000058,-0.000067,-0.000028,-0.000067
12.154,0.000724,0.001069,-0.000058,-0.000067,-0.000028,-0.000067
12.155,0.000724,0.001069,-0.000058,-0.000067,-0.000028,-0.000067
12.156,0.000724,0.001069,-0.000058,-0.000067,-0.000028,-0.000067
12.157,0.000724,0.001069,-0.000058,-0.000067,-0.000028,-0.000067
12.158,0.000724,0.001069,-0.000058,-0.000067,-0.000028,-0.000067
12.159,0.000724,0.001069,-0.000058,-0.000067,-0.000028,-0.000067
12.160,0.000724,0.001069,-0.000058,-0.000067,-0.000028,-0.000067
12.161,0.000724,0.001069,-0.000058,-0.000067,-0.000028,-0.000067
12.162,0.000724,0.001069,-0.000058,-0.000067,-0.000028,-0.000067
12.163,0.000724,0.001069,-0.000058,-0.000067,-0.000028,-0.000067
12.164,0.000724,0.001069,-0.000058,-0.000067,-0.000028,-0.000067
12.165,0.000724,0.001069,-0.000058,-0.000067,-0.000028,-0.000067
12.166,0.000724,0.001069,-0.000058,-0.000067,-0.000028,-0.000067
12.167,0.000724,0.001069,-0.000058,-0.000067,-0.000028,-0.000067
12.168,0.000724,0.001069,-0.000058,-0.000067,-0.000028,-0.000067
12.169,0.000724,0.001069,-0.000058,-0.000067,-0.000028,-0.000067
12.170,0.000724,0.001069,-0.000058,-0.000067,-0.000028,-0.000067
12.171,0.000724,0.001069,-0.000058,-0.000067,-0.000028,-0.000067
12.172,0.000724,0.001069,-0.000058,-0.000067,-0.000028,-0.000067
12.173,0.000724,0.001069,-0.000058,-0.000067,-0.000028,-0.000067
12.174,0.000724,0.001069,-0.000058,-0.000067,-0.000028,-0.000067
12.175,0.000724,0.001069,-0.000058,-0.000067,-0.000028,-0.000067
12.176,0.000724,0.001069,-0.000058,-0.000067,-0.000028,-0.000067
12.177,0.000724,0.001069,-0.000058,-0.000067,-0.000028,-0.000067
12.178,0.000724,0.001069,-0.000058,-0.000067,-0.000028,-0.000067
12.179,0.000724,0.001069,-0.000058,-0.000067,-0.000028,-0.000067
12.180,0.000724,0.001069,-0.000058,-0.000067,-0.000028,-0.000067
12.181,0.000724,0.001069,-0.000058,-0.000067,-0.000028,-0.000067
12.182,0.000724,0.001069,-0.000058,-0.000067,-0.000028,-0.000067
12.183,0.000724,0.001069,-0.000058,-0.000067,-0.000028,-0.000067
12.184,0.000724,0.001069,-0.000058,-0.000067,-0.000028,-0.000067
12.185,0.000724,0.001069,-0.000058,-0.000067,-0.000028,-0.000067
12.186,0.000724,0.001069,-0.000058,-0.000067,-0.000028,-0.000067
12.187,0.000724,0.001069,-0.000058,-0.000067,-0.000028,-0.000067
12.188,0.000724,0.001069,-0.000058,-0.000067,-0.000028,-0.000067
12.189,0.000724,0.001069,-0.000058,-0.000067,-0.000028,-0.000067
12.190,0.000724,0.001069,-0.000058,-0.000067,-0.000028,-0.000067
12.191,0.000724,0.001069,-0.000058,-0.000067,-0.000028,-0.000067
12.192,0.000724,0.001069,-0.000058,-0.000067,-0.000028,-0.000067
12.193,0.000724,0.001069,-0.000058,-0.000067,-0.000028,-0.000067
12.194,0.000724,0.001069,-0.000058,-0.000067,-0.000028,-0.000067
12.195,0.000724,0.001069,-0.000058,-0.000067,-0.000028,-0.000067
12.196,0.000724,0.001069,-0.000058,-0.000067,-0.000028,-0.000067
12.197,0.000724,0.001069,-0.000058,-0.000067,-0.000028,-0.000067
12.198,0.000724,0.001069,-0.000058,-0.000067,-0.000028,-0.000067
12.199,0.000724,0.001069,-0.000058,-0.000067,-0.000028,-0.000067
12.200,0.000724,0.001069,-0.000058,-0.000067,-0.000028,-0.000067
12.201,0.000724,0.001069,-0.000058,-0.000067,-0.000028,-0.000067
12.202,0.000724,0.001069,-0.000058,-0.000067,-0.000028,-0.000067
12.203,0.000724,0.001069,-0.000058,-0.000067,-0.000028,-0.000067
12.204,0.000724,0.001069,-0.000058,-0.000067,-0.000028,-0.000067
12.205,0.000724,0.001069,-0.000058,-0.000067,-0.000028,-0.000067
12.206,0.000724,0.001069,-0.000058,-0.000067,-0.000028,-0.000067
12.207,0.000724,0.001069,-0.000058,-0.000067,-0.000028,-0.000067
12.208,0.000724,0.001069,-0.000058,-0.000067,-0.000028,-0.000067
12.209,0.000724,0.001069,-0.000058,-0.000067,-0.000028,-0.000067
12.210,0.000724,0.001069,-0.000058,-0.000067,-0.000028,-0.000067
12.211,0.000724,0.001069,-0.000058,-0.000067,-0.000028,-0.000067
12.212,0.000724,0.001069,-0.000058,-0.000067,-0.000028,-0.000067
12.213,0.000724,0.001069,-0.000058,-0.000067,-0.000028,-0.000067
12.214,0.000724,0.001069,-0.000058,-0.000067,-0.000028,-0.000067
12.215,0.000724,0.001069,-0.000058,-0.000067,-0.000028,-0.000067
12.216,0.000724,0.001069,-0.000058,-0.000067,-0.000028,-0.000067
12.217,0.000724,0.001069,-0.000058,-0.000067,-0.000028,-0.000067
12.218,0.000724,0.001069,-0.000058,-0.000067,-0.000028,-0.000067
12.219,0.000724,0.001069,-0.000058,-0.000067,-0.000028,-0.000067
12.220,0.000724,0.001069,-0.000058,-0.000067,-0.000028,-0.000067
12.221,0.000724,0.001069,-0.000058,-0.000067,-0.000028,-0.000067
12.222,0.000724,0.001069,-0.000058,-0.000067,-0.000028,-0.000067
12.223,0.000724,0.001069,-0.000058,-0.000067,-0.000028,-0.000067
12.224,0.000724,0.001069,-0.000058,-0.000067,-0.000028,-0.000067
12.225,0.000724,0.001069,-0.000058,-0.000067,-0.000028,-0.000067
12.226,0.000724,0.001069,-0.000058,-0.000067,-0.000028,-0.000067
12.227,0.000724,0.001069,-0.000058,-0.000067,-0.000028,-0.000067
12.228,0.000724,0.001069,-0.000058,-0.000067,-0.000028,-0.000067
12.229,0.000724,0.001069,-0.000058,-0.000067,-0.000028,-0.000067
12.230,0.000724,0.001069,-0.000058,-0.000067,-0.000028,-0.000067
12.231,0.000724,0.001069,-0.000058,-0.000067,-0.000028,-0.000067
12.232,0.000724,0.001069,-0.000058,-0.000067,-0.000028,-0.000067
12.233,0.000724,0.001069,-0.000058,-0.000067,-0.000028,-0.000067
12.234,0.000724,0.001069,-0.000058,-0.000067,-0.000028,-0.000067
12.235,0.000724,0.001069,-0.000058,-0.000067,-0.000028,-0.000067
12.236,0.000724,0.001069,-0.000058,-0.000067,-0.000028,-0.000067
12.237,0.000724,0.001069,-0.000058,-0.000067,-0.000028,-0.000067
12.238,0.000724,0.001069,-0.000058,-0.000067,-0.000028,-0.000067
12.239,0.000724,0.001069,-0.000058,-0.000067,-0.000028,-0.000067
12.240,0.000724,0.001069,-0.000058,-0.000067,-0.000028,-0.000067
12.241,0.000724,0.001069,-0.000058,-0.000067,-0.000028,-0.000067
12.242,0.000724,0.001069,-0.000058,-0.000067,-0.000028,-0.000067
12.243,0.000724,0.001069,-0.000058,-0.000067,-0.000028,-0.000067
12.244,0.000724,0.001069,-0.000058,-0.000067,-0.000028,-0.000067
12.245,0.000724,0.001069,-0.000058,-0.000067,-0.000028,-0.000067
12.246,0.000724,0.001069,-0.000058,-0.000067,-0.000028,-0.000067
12.247,0.000724,0.001069,-0.000058,-0.000067,-0.000028,-0.000067
12.248,0.000724,0.001069,-0.000058,-0.000067,-0.000028,-0.000067
12.249,0.000724,0.001069,-0.000058,-0.000067,-0.000028,-0.000067
12.250,0.000724,0.001069,-0.000058,-0.000067,-0.000028,-0.000067
12.251,0.000724,0.001069,-0.000058,-0.000067,-0.000028,-0.000067
